<?xml version="1.0" encoding="UTF-8"?><gpx creator="Wikiloc - http://www.wikiloc.com" version="1.1" xmlns="http://www.topografix.com/GPX/1/1" xmlns:xsi="http://www.w3.org/2001/XMLSchema-instance" xsi:schemaLocation="http://www.topografix.com/GPX/1/1 http://www.topografix.com/GPX/1/1/gpx.xsd"><trk><name><![CDATA[Linha Recanto das águas]]></name><cmt><![CDATA[]]></cmt><desc><![CDATA[]]></desc><trkseg><trkpt lat="-16.093387" lon="-57.675828"><ele>140.839</ele><time>2026-05-05T14:43:01Z</time></trkpt><trkpt lat="-16.093407" lon="-57.675871"><ele>137.351</ele><time>2026-05-05T14:43:05Z</time></trkpt><trkpt lat="-16.093364" lon="-57.675843"><ele>133.268</ele><time>2026-05-05T14:43:08Z</time></trkpt><trkpt lat="-16.093316" lon="-57.67581"><ele>133.377</ele><time>2026-05-05T14:43:11Z</time></trkpt><trkpt lat="-16.093266" lon="-57.675793"><ele>133.432</ele><time>2026-05-05T14:43:14Z</time></trkpt><trkpt lat="-16.093211" lon="-57.675795"><ele>133.241</ele><time>2026-05-05T14:43:17Z</time></trkpt><trkpt lat="-16.093154" lon="-57.675813"><ele>133.236</ele><time>2026-05-05T14:43:19Z</time></trkpt><trkpt lat="-16.093074" lon="-57.675843"><ele>133.428</ele><time>2026-05-05T14:43:21Z</time></trkpt><trkpt lat="-16.093026" lon="-57.675863"><ele>133.475</ele><time>2026-05-05T14:43:22Z</time></trkpt><trkpt lat="-16.092966" lon="-57.675881"><ele>133.449</ele><time>2026-05-05T14:43:23Z</time></trkpt><trkpt lat="-16.092904" lon="-57.675899"><ele>133.017</ele><time>2026-05-05T14:43:24Z</time></trkpt><trkpt lat="-16.092839" lon="-57.675917"><ele>132.817</ele><time>2026-05-05T14:43:25Z</time></trkpt><trkpt lat="-16.092772" lon="-57.675932"><ele>131.829</ele><time>2026-05-05T14:43:26Z</time></trkpt><trkpt lat="-16.092705" lon="-57.675949"><ele>131.440</ele><time>2026-05-05T14:43:27Z</time></trkpt><trkpt lat="-16.092637" lon="-57.675964"><ele>131.380</ele><time>2026-05-05T14:43:28Z</time></trkpt><trkpt lat="-16.092557" lon="-57.675986"><ele>131.016</ele><time>2026-05-05T14:43:29Z</time></trkpt><trkpt lat="-16.092474" lon="-57.676006"><ele>130.816</ele><time>2026-05-05T14:43:30Z</time></trkpt><trkpt lat="-16.092387" lon="-57.676028"><ele>130.634</ele><time>2026-05-05T14:43:31Z</time></trkpt><trkpt lat="-16.092299" lon="-57.676051"><ele>130.506</ele><time>2026-05-05T14:43:32Z</time></trkpt><trkpt lat="-16.092211" lon="-57.676071"><ele>130.501</ele><time>2026-05-05T14:43:33Z</time></trkpt><trkpt lat="-16.092119" lon="-57.676091"><ele>130.650</ele><time>2026-05-05T14:43:34Z</time></trkpt><trkpt lat="-16.092032" lon="-57.676119"><ele>130.600</ele><time>2026-05-05T14:43:35Z</time></trkpt><trkpt lat="-16.091944" lon="-57.676139"><ele>130.606</ele><time>2026-05-05T14:43:36Z</time></trkpt><trkpt lat="-16.091859" lon="-57.676149"><ele>130.611</ele><time>2026-05-05T14:43:37Z</time></trkpt><trkpt lat="-16.091771" lon="-57.676157"><ele>130.555</ele><time>2026-05-05T14:43:38Z</time></trkpt><trkpt lat="-16.091688" lon="-57.676169"><ele>130.490</ele><time>2026-05-05T14:43:39Z</time></trkpt><trkpt lat="-16.091606" lon="-57.676181"><ele>130.380</ele><time>2026-05-05T14:43:40Z</time></trkpt><trkpt lat="-16.091523" lon="-57.676194"><ele>130.161</ele><time>2026-05-05T14:43:41Z</time></trkpt><trkpt lat="-16.09144" lon="-57.676207"><ele>129.996</ele><time>2026-05-05T14:43:42Z</time></trkpt><trkpt lat="-16.091352" lon="-57.67622"><ele>129.813</ele><time>2026-05-05T14:43:43Z</time></trkpt><trkpt lat="-16.09126" lon="-57.676233"><ele>129.818</ele><time>2026-05-05T14:43:44Z</time></trkpt><trkpt lat="-16.091167" lon="-57.676245"><ele>129.907</ele><time>2026-05-05T14:43:45Z</time></trkpt><trkpt lat="-16.091072" lon="-57.67626"><ele>130.202</ele><time>2026-05-05T14:43:46Z</time></trkpt><trkpt lat="-16.090975" lon="-57.676273"><ele>130.391</ele><time>2026-05-05T14:43:47Z</time></trkpt><trkpt lat="-16.090878" lon="-57.676291"><ele>130.270</ele><time>2026-05-05T14:43:48Z</time></trkpt><trkpt lat="-16.090783" lon="-57.676311"><ele>130.151</ele><time>2026-05-05T14:43:49Z</time></trkpt><trkpt lat="-16.090686" lon="-57.676329"><ele>130.075</ele><time>2026-05-05T14:43:50Z</time></trkpt><trkpt lat="-16.090591" lon="-57.676349"><ele>130.062</ele><time>2026-05-05T14:43:51Z</time></trkpt><trkpt lat="-16.090498" lon="-57.676366"><ele>130.091</ele><time>2026-05-05T14:43:52Z</time></trkpt><trkpt lat="-16.090398" lon="-57.676381"><ele>129.942</ele><time>2026-05-05T14:43:53Z</time></trkpt><trkpt lat="-16.090295" lon="-57.676398"><ele>129.675</ele><time>2026-05-05T14:43:54Z</time></trkpt><trkpt lat="-16.090195" lon="-57.676415"><ele>129.630</ele><time>2026-05-05T14:43:55Z</time></trkpt><trkpt lat="-16.090098" lon="-57.676435"><ele>129.637</ele><time>2026-05-05T14:43:56Z</time></trkpt><trkpt lat="-16.090005" lon="-57.676457"><ele>129.590</ele><time>2026-05-05T14:43:57Z</time></trkpt><trkpt lat="-16.089908" lon="-57.676479"><ele>129.595</ele><time>2026-05-05T14:43:58Z</time></trkpt><trkpt lat="-16.089815" lon="-57.676489"><ele>129.486</ele><time>2026-05-05T14:43:59Z</time></trkpt><trkpt lat="-16.089725" lon="-57.676504"><ele>129.116</ele><time>2026-05-05T14:44:00Z</time></trkpt><trkpt lat="-16.089635" lon="-57.676524"><ele>129.153</ele><time>2026-05-05T14:44:01Z</time></trkpt><trkpt lat="-16.089548" lon="-57.676546"><ele>129.183</ele><time>2026-05-05T14:44:02Z</time></trkpt><trkpt lat="-16.089458" lon="-57.676563"><ele>129.227</ele><time>2026-05-05T14:44:03Z</time></trkpt><trkpt lat="-16.08937" lon="-57.67658"><ele>129.269</ele><time>2026-05-05T14:44:04Z</time></trkpt><trkpt lat="-16.089283" lon="-57.676598"><ele>128.428</ele><time>2026-05-05T14:44:05Z</time></trkpt><trkpt lat="-16.089196" lon="-57.676618"><ele>128.005</ele><time>2026-05-05T14:44:06Z</time></trkpt><trkpt lat="-16.089109" lon="-57.676638"><ele>127.502</ele><time>2026-05-05T14:44:07Z</time></trkpt><trkpt lat="-16.089022" lon="-57.676653"><ele>127.507</ele><time>2026-05-05T14:44:08Z</time></trkpt><trkpt lat="-16.088937" lon="-57.676671"><ele>127.499</ele><time>2026-05-05T14:44:09Z</time></trkpt><trkpt lat="-16.088857" lon="-57.676691"><ele>127.444</ele><time>2026-05-05T14:44:10Z</time></trkpt><trkpt lat="-16.088777" lon="-57.676713"><ele>127.335</ele><time>2026-05-05T14:44:11Z</time></trkpt><trkpt lat="-16.0887" lon="-57.676733"><ele>127.397</ele><time>2026-05-05T14:44:12Z</time></trkpt><trkpt lat="-16.088625" lon="-57.676751"><ele>127.085</ele><time>2026-05-05T14:44:13Z</time></trkpt><trkpt lat="-16.088562" lon="-57.676763"><ele>126.947</ele><time>2026-05-05T14:44:14Z</time></trkpt><trkpt lat="-16.088505" lon="-57.676771"><ele>126.954</ele><time>2026-05-05T14:44:15Z</time></trkpt><trkpt lat="-16.088433" lon="-57.676781"><ele>127.281</ele><time>2026-05-05T14:44:17Z</time></trkpt><trkpt lat="-16.08836" lon="-57.676786"><ele>127.484</ele><time>2026-05-05T14:44:26Z</time></trkpt><trkpt lat="-16.08833" lon="-57.676744"><ele>127.843</ele><time>2026-05-05T14:44:28Z</time></trkpt><trkpt lat="-16.088323" lon="-57.676661"><ele>128.298</ele><time>2026-05-05T14:44:30Z</time></trkpt><trkpt lat="-16.08832" lon="-57.676608"><ele>128.802</ele><time>2026-05-05T14:44:31Z</time></trkpt><trkpt lat="-16.08831" lon="-57.676555"><ele>129.279</ele><time>2026-05-05T14:44:32Z</time></trkpt><trkpt lat="-16.088295" lon="-57.676497"><ele>129.743</ele><time>2026-05-05T14:44:33Z</time></trkpt><trkpt lat="-16.088283" lon="-57.676429"><ele>130.633</ele><time>2026-05-05T14:44:34Z</time></trkpt><trkpt lat="-16.088266" lon="-57.676356"><ele>131.211</ele><time>2026-05-05T14:44:35Z</time></trkpt><trkpt lat="-16.088254" lon="-57.676286"><ele>131.884</ele><time>2026-05-05T14:44:36Z</time></trkpt><trkpt lat="-16.088239" lon="-57.676204"><ele>132.382</ele><time>2026-05-05T14:44:37Z</time></trkpt><trkpt lat="-16.088219" lon="-57.676109"><ele>133.024</ele><time>2026-05-05T14:44:38Z</time></trkpt><trkpt lat="-16.088202" lon="-57.676029"><ele>133.131</ele><time>2026-05-05T14:44:39Z</time></trkpt><trkpt lat="-16.088184" lon="-57.675941"><ele>133.281</ele><time>2026-05-05T14:44:40Z</time></trkpt><trkpt lat="-16.088169" lon="-57.675848"><ele>133.336</ele><time>2026-05-05T14:44:41Z</time></trkpt><trkpt lat="-16.088154" lon="-57.675745"><ele>133.499</ele><time>2026-05-05T14:44:42Z</time></trkpt><trkpt lat="-16.088142" lon="-57.675658"><ele>133.558</ele><time>2026-05-05T14:44:43Z</time></trkpt><trkpt lat="-16.08813" lon="-57.675575"><ele>133.490</ele><time>2026-05-05T14:44:44Z</time></trkpt><trkpt lat="-16.08812" lon="-57.675507"><ele>133.402</ele><time>2026-05-05T14:44:45Z</time></trkpt><trkpt lat="-16.088108" lon="-57.675449"><ele>133.481</ele><time>2026-05-05T14:44:46Z</time></trkpt><trkpt lat="-16.088088" lon="-57.675389"><ele>134.194</ele><time>2026-05-05T14:44:48Z</time></trkpt><trkpt lat="-16.088056" lon="-57.675334"><ele>134.310</ele><time>2026-05-05T14:44:51Z</time></trkpt><trkpt lat="-16.088011" lon="-57.675304"><ele>134.485</ele><time>2026-05-05T14:44:53Z</time></trkpt><trkpt lat="-16.087938" lon="-57.675312"><ele>134.330</ele><time>2026-05-05T14:44:56Z</time></trkpt><trkpt lat="-16.087851" lon="-57.675345"><ele>134.128</ele><time>2026-05-05T14:44:58Z</time></trkpt><trkpt lat="-16.087796" lon="-57.675358"><ele>133.716</ele><time>2026-05-05T14:44:59Z</time></trkpt><trkpt lat="-16.087738" lon="-57.675375"><ele>133.606</ele><time>2026-05-05T14:45:00Z</time></trkpt><trkpt lat="-16.08768" lon="-57.675395"><ele>132.518</ele><time>2026-05-05T14:45:01Z</time></trkpt><trkpt lat="-16.087625" lon="-57.675415"><ele>131.825</ele><time>2026-05-05T14:45:02Z</time></trkpt><trkpt lat="-16.087562" lon="-57.675437"><ele>131.785</ele><time>2026-05-05T14:45:03Z</time></trkpt><trkpt lat="-16.087495" lon="-57.675462"><ele>131.303</ele><time>2026-05-05T14:45:04Z</time></trkpt><trkpt lat="-16.087425" lon="-57.675482"><ele>131.164</ele><time>2026-05-05T14:45:05Z</time></trkpt><trkpt lat="-16.087328" lon="-57.675507"><ele>131.032</ele><time>2026-05-05T14:45:06Z</time></trkpt><trkpt lat="-16.087241" lon="-57.67553"><ele>130.631</ele><time>2026-05-05T14:45:07Z</time></trkpt><trkpt lat="-16.087141" lon="-57.675552"><ele>130.382</ele><time>2026-05-05T14:45:08Z</time></trkpt><trkpt lat="-16.087033" lon="-57.675584"><ele>130.055</ele><time>2026-05-05T14:45:09Z</time></trkpt><trkpt lat="-16.086911" lon="-57.675626"><ele>129.870</ele><time>2026-05-05T14:45:10Z</time></trkpt><trkpt lat="-16.086801" lon="-57.675661"><ele>129.468</ele><time>2026-05-05T14:45:11Z</time></trkpt><trkpt lat="-16.086698" lon="-57.675694"><ele>129.050</ele><time>2026-05-05T14:45:12Z</time></trkpt><trkpt lat="-16.0866" lon="-57.675721"><ele>128.801</ele><time>2026-05-05T14:45:13Z</time></trkpt><trkpt lat="-16.086508" lon="-57.675748"><ele>128.549</ele><time>2026-05-05T14:45:14Z</time></trkpt><trkpt lat="-16.086413" lon="-57.67577"><ele>128.393</ele><time>2026-05-05T14:45:15Z</time></trkpt><trkpt lat="-16.086328" lon="-57.675792"><ele>127.807</ele><time>2026-05-05T14:45:16Z</time></trkpt><trkpt lat="-16.086255" lon="-57.67581"><ele>127.029</ele><time>2026-05-05T14:45:17Z</time></trkpt><trkpt lat="-16.086192" lon="-57.675825"><ele>126.655</ele><time>2026-05-05T14:45:18Z</time></trkpt><trkpt lat="-16.086144" lon="-57.67584"><ele>125.982</ele><time>2026-05-05T14:45:19Z</time></trkpt><trkpt lat="-16.086086" lon="-57.675858"><ele>125.252</ele><time>2026-05-05T14:45:21Z</time></trkpt><trkpt lat="-16.086046" lon="-57.675888"><ele>124.587</ele><time>2026-05-05T14:45:40Z</time></trkpt><trkpt lat="-16.085991" lon="-57.675898"><ele>124.351</ele><time>2026-05-05T14:45:43Z</time></trkpt><trkpt lat="-16.085944" lon="-57.67591"><ele>124.037</ele><time>2026-05-05T14:45:45Z</time></trkpt><trkpt lat="-16.085899" lon="-57.675928"><ele>123.825</ele><time>2026-05-05T14:45:47Z</time></trkpt><trkpt lat="-16.085847" lon="-57.675955"><ele>123.883</ele><time>2026-05-05T14:45:49Z</time></trkpt><trkpt lat="-16.085779" lon="-57.675978"><ele>123.954</ele><time>2026-05-05T14:45:51Z</time></trkpt><trkpt lat="-16.085699" lon="-57.676001"><ele>124.007</ele><time>2026-05-05T14:45:53Z</time></trkpt><trkpt lat="-16.085652" lon="-57.676021"><ele>124.052</ele><time>2026-05-05T14:45:54Z</time></trkpt><trkpt lat="-16.085589" lon="-57.676043"><ele>124.478</ele><time>2026-05-05T14:45:55Z</time></trkpt><trkpt lat="-16.085522" lon="-57.676061"><ele>124.727</ele><time>2026-05-05T14:45:56Z</time></trkpt><trkpt lat="-16.085445" lon="-57.676089"><ele>125.070</ele><time>2026-05-05T14:45:57Z</time></trkpt><trkpt lat="-16.085368" lon="-57.676121"><ele>125.156</ele><time>2026-05-05T14:45:58Z</time></trkpt><trkpt lat="-16.085295" lon="-57.676156"><ele>125.323</ele><time>2026-05-05T14:45:59Z</time></trkpt><trkpt lat="-16.085218" lon="-57.676184"><ele>125.350</ele><time>2026-05-05T14:46:00Z</time></trkpt><trkpt lat="-16.08515" lon="-57.676202"><ele>125.321</ele><time>2026-05-05T14:46:01Z</time></trkpt><trkpt lat="-16.085083" lon="-57.676219"><ele>125.191</ele><time>2026-05-05T14:46:02Z</time></trkpt><trkpt lat="-16.085028" lon="-57.676234"><ele>125.066</ele><time>2026-05-05T14:46:03Z</time></trkpt><trkpt lat="-16.084961" lon="-57.676259"><ele>124.999</ele><time>2026-05-05T14:46:05Z</time></trkpt><trkpt lat="-16.084896" lon="-57.676276"><ele>124.541</ele><time>2026-05-05T14:46:08Z</time></trkpt><trkpt lat="-16.084841" lon="-57.676288"><ele>124.558</ele><time>2026-05-05T14:46:10Z</time></trkpt><trkpt lat="-16.084761" lon="-57.676308"><ele>124.688</ele><time>2026-05-05T14:46:12Z</time></trkpt><trkpt lat="-16.084708" lon="-57.676323"><ele>124.875</ele><time>2026-05-05T14:46:13Z</time></trkpt><trkpt lat="-16.084645" lon="-57.676341"><ele>125.014</ele><time>2026-05-05T14:46:14Z</time></trkpt><trkpt lat="-16.08458" lon="-57.676361"><ele>125.531</ele><time>2026-05-05T14:46:15Z</time></trkpt><trkpt lat="-16.084518" lon="-57.676383"><ele>125.518</ele><time>2026-05-05T14:46:16Z</time></trkpt><trkpt lat="-16.084448" lon="-57.676406"><ele>125.536</ele><time>2026-05-05T14:46:17Z</time></trkpt><trkpt lat="-16.084371" lon="-57.676431"><ele>125.918</ele><time>2026-05-05T14:46:18Z</time></trkpt><trkpt lat="-16.084288" lon="-57.676458"><ele>125.967</ele><time>2026-05-05T14:46:19Z</time></trkpt><trkpt lat="-16.084198" lon="-57.676488"><ele>125.915</ele><time>2026-05-05T14:46:20Z</time></trkpt><trkpt lat="-16.084103" lon="-57.676521"><ele>125.773</ele><time>2026-05-05T14:46:21Z</time></trkpt><trkpt lat="-16.084005" lon="-57.676554"><ele>125.050</ele><time>2026-05-05T14:46:22Z</time></trkpt><trkpt lat="-16.083907" lon="-57.676582"><ele>125.059</ele><time>2026-05-05T14:46:23Z</time></trkpt><trkpt lat="-16.083812" lon="-57.676607"><ele>125.160</ele><time>2026-05-05T14:46:24Z</time></trkpt><trkpt lat="-16.083714" lon="-57.676625"><ele>125.197</ele><time>2026-05-05T14:46:25Z</time></trkpt><trkpt lat="-16.083619" lon="-57.67664"><ele>125.240</ele><time>2026-05-05T14:46:26Z</time></trkpt><trkpt lat="-16.083519" lon="-57.676653"><ele>125.347</ele><time>2026-05-05T14:46:27Z</time></trkpt><trkpt lat="-16.083422" lon="-57.676671"><ele>125.351</ele><time>2026-05-05T14:46:28Z</time></trkpt><trkpt lat="-16.083332" lon="-57.676691"><ele>125.369</ele><time>2026-05-05T14:46:29Z</time></trkpt><trkpt lat="-16.083247" lon="-57.676708"><ele>125.380</ele><time>2026-05-05T14:46:30Z</time></trkpt><trkpt lat="-16.083167" lon="-57.676725"><ele>125.367</ele><time>2026-05-05T14:46:31Z</time></trkpt><trkpt lat="-16.08309" lon="-57.676743"><ele>125.302</ele><time>2026-05-05T14:46:32Z</time></trkpt><trkpt lat="-16.083023" lon="-57.67676"><ele>125.310</ele><time>2026-05-05T14:46:33Z</time></trkpt><trkpt lat="-16.082956" lon="-57.676773"><ele>125.399</ele><time>2026-05-05T14:46:34Z</time></trkpt><trkpt lat="-16.082904" lon="-57.676791"><ele>125.594</ele><time>2026-05-05T14:46:35Z</time></trkpt><trkpt lat="-16.082834" lon="-57.676806"><ele>125.634</ele><time>2026-05-05T14:46:37Z</time></trkpt><trkpt lat="-16.082784" lon="-57.676819"><ele>125.882</ele><time>2026-05-05T14:46:40Z</time></trkpt><trkpt lat="-16.082741" lon="-57.676839"><ele>125.869</ele><time>2026-05-05T14:46:42Z</time></trkpt><trkpt lat="-16.082696" lon="-57.676867"><ele>125.997</ele><time>2026-05-05T14:46:44Z</time></trkpt><trkpt lat="-16.082644" lon="-57.676887"><ele>125.924</ele><time>2026-05-05T14:46:46Z</time></trkpt><trkpt lat="-16.082574" lon="-57.676909"><ele>126.054</ele><time>2026-05-05T14:46:48Z</time></trkpt><trkpt lat="-16.082531" lon="-57.676924"><ele>126.082</ele><time>2026-05-05T14:46:49Z</time></trkpt><trkpt lat="-16.082478" lon="-57.676941"><ele>126.015</ele><time>2026-05-05T14:46:50Z</time></trkpt><trkpt lat="-16.082418" lon="-57.676959"><ele>126.083</ele><time>2026-05-05T14:46:51Z</time></trkpt><trkpt lat="-16.08236" lon="-57.676979"><ele>126.089</ele><time>2026-05-05T14:46:52Z</time></trkpt><trkpt lat="-16.082295" lon="-57.676997"><ele>126.058</ele><time>2026-05-05T14:46:53Z</time></trkpt><trkpt lat="-16.082225" lon="-57.677017"><ele>125.977</ele><time>2026-05-05T14:46:54Z</time></trkpt><trkpt lat="-16.082152" lon="-57.677039"><ele>125.840</ele><time>2026-05-05T14:46:55Z</time></trkpt><trkpt lat="-16.082082" lon="-57.677059"><ele>125.424</ele><time>2026-05-05T14:46:56Z</time></trkpt><trkpt lat="-16.08201" lon="-57.677081"><ele>125.223</ele><time>2026-05-05T14:46:57Z</time></trkpt><trkpt lat="-16.081938" lon="-57.677103"><ele>125.218</ele><time>2026-05-05T14:46:58Z</time></trkpt><trkpt lat="-16.08186" lon="-57.677123"><ele>125.200</ele><time>2026-05-05T14:46:59Z</time></trkpt><trkpt lat="-16.081782" lon="-57.677145"><ele>125.280</ele><time>2026-05-05T14:47:00Z</time></trkpt><trkpt lat="-16.081697" lon="-57.677168"><ele>125.160</ele><time>2026-05-05T14:47:01Z</time></trkpt><trkpt lat="-16.08161" lon="-57.677193"><ele>124.864</ele><time>2026-05-05T14:47:02Z</time></trkpt><trkpt lat="-16.08152" lon="-57.677223"><ele>124.320</ele><time>2026-05-05T14:47:03Z</time></trkpt><trkpt lat="-16.081433" lon="-57.677253"><ele>123.918</ele><time>2026-05-05T14:47:04Z</time></trkpt><trkpt lat="-16.081351" lon="-57.677278"><ele>123.667</ele><time>2026-05-05T14:47:05Z</time></trkpt><trkpt lat="-16.081283" lon="-57.677298"><ele>123.633</ele><time>2026-05-05T14:47:06Z</time></trkpt><trkpt lat="-16.081216" lon="-57.677313"><ele>123.603</ele><time>2026-05-05T14:47:07Z</time></trkpt><trkpt lat="-16.081159" lon="-57.677318"><ele>123.686</ele><time>2026-05-05T14:47:08Z</time></trkpt><trkpt lat="-16.081112" lon="-57.677326"><ele>123.723</ele><time>2026-05-05T14:47:10Z</time></trkpt><trkpt lat="-16.081057" lon="-57.677336"><ele>123.886</ele><time>2026-05-05T14:47:12Z</time></trkpt><trkpt lat="-16.081014" lon="-57.677351"><ele>123.965</ele><time>2026-05-05T14:47:13Z</time></trkpt><trkpt lat="-16.080969" lon="-57.677368"><ele>123.977</ele><time>2026-05-05T14:47:14Z</time></trkpt><trkpt lat="-16.080919" lon="-57.677378"><ele>124.077</ele><time>2026-05-05T14:47:15Z</time></trkpt><trkpt lat="-16.080866" lon="-57.677396"><ele>124.150</ele><time>2026-05-05T14:47:16Z</time></trkpt><trkpt lat="-16.080806" lon="-57.677413"><ele>124.215</ele><time>2026-05-05T14:47:17Z</time></trkpt><trkpt lat="-16.080751" lon="-57.677433"><ele>124.442</ele><time>2026-05-05T14:47:18Z</time></trkpt><trkpt lat="-16.080689" lon="-57.677451"><ele>124.841</ele><time>2026-05-05T14:47:19Z</time></trkpt><trkpt lat="-16.080622" lon="-57.677469"><ele>124.952</ele><time>2026-05-05T14:47:20Z</time></trkpt><trkpt lat="-16.080552" lon="-57.677484"><ele>124.975</ele><time>2026-05-05T14:47:21Z</time></trkpt><trkpt lat="-16.080465" lon="-57.677506"><ele>124.926</ele><time>2026-05-05T14:47:22Z</time></trkpt><trkpt lat="-16.080392" lon="-57.677524"><ele>124.462</ele><time>2026-05-05T14:47:23Z</time></trkpt><trkpt lat="-16.08031" lon="-57.677534"><ele>123.990</ele><time>2026-05-05T14:47:24Z</time></trkpt><trkpt lat="-16.080223" lon="-57.677549"><ele>123.798</ele><time>2026-05-05T14:47:25Z</time></trkpt><trkpt lat="-16.080136" lon="-57.677561"><ele>123.319</ele><time>2026-05-05T14:47:26Z</time></trkpt><trkpt lat="-16.080043" lon="-57.677576"><ele>122.910</ele><time>2026-05-05T14:47:27Z</time></trkpt><trkpt lat="-16.079956" lon="-57.677599"><ele>122.642</ele><time>2026-05-05T14:47:28Z</time></trkpt><trkpt lat="-16.079874" lon="-57.677627"><ele>122.373</ele><time>2026-05-05T14:47:29Z</time></trkpt><trkpt lat="-16.079787" lon="-57.677659"><ele>122.329</ele><time>2026-05-05T14:47:30Z</time></trkpt><trkpt lat="-16.079699" lon="-57.677687"><ele>122.339</ele><time>2026-05-05T14:47:31Z</time></trkpt><trkpt lat="-16.079602" lon="-57.677717"><ele>122.111</ele><time>2026-05-05T14:47:32Z</time></trkpt><trkpt lat="-16.079514" lon="-57.67774"><ele>121.509</ele><time>2026-05-05T14:47:33Z</time></trkpt><trkpt lat="-16.079416" lon="-57.67775"><ele>120.730</ele><time>2026-05-05T14:47:34Z</time></trkpt><trkpt lat="-16.079329" lon="-57.677773"><ele>119.832</ele><time>2026-05-05T14:47:35Z</time></trkpt><trkpt lat="-16.079241" lon="-57.677795"><ele>119.713</ele><time>2026-05-05T14:47:36Z</time></trkpt><trkpt lat="-16.079154" lon="-57.677818"><ele>119.271</ele><time>2026-05-05T14:47:37Z</time></trkpt><trkpt lat="-16.079069" lon="-57.67785"><ele>119.026</ele><time>2026-05-05T14:47:38Z</time></trkpt><trkpt lat="-16.078986" lon="-57.677875"><ele>118.724</ele><time>2026-05-05T14:47:39Z</time></trkpt><trkpt lat="-16.078906" lon="-57.677902"><ele>118.670</ele><time>2026-05-05T14:47:40Z</time></trkpt><trkpt lat="-16.078829" lon="-57.677932"><ele>118.508</ele><time>2026-05-05T14:47:41Z</time></trkpt><trkpt lat="-16.078754" lon="-57.677954"><ele>118.355</ele><time>2026-05-05T14:47:42Z</time></trkpt><trkpt lat="-16.078689" lon="-57.677977"><ele>118.053</ele><time>2026-05-05T14:47:43Z</time></trkpt><trkpt lat="-16.078629" lon="-57.677999"><ele>117.825</ele><time>2026-05-05T14:47:44Z</time></trkpt><trkpt lat="-16.078569" lon="-57.678022"><ele>117.439</ele><time>2026-05-05T14:47:45Z</time></trkpt><trkpt lat="-16.078507" lon="-57.678042"><ele>117.026</ele><time>2026-05-05T14:47:46Z</time></trkpt><trkpt lat="-16.078445" lon="-57.67806"><ele>116.904</ele><time>2026-05-05T14:47:47Z</time></trkpt><trkpt lat="-16.07839" lon="-57.678073"><ele>116.782</ele><time>2026-05-05T14:47:48Z</time></trkpt><trkpt lat="-16.078343" lon="-57.678088"><ele>116.665</ele><time>2026-05-05T14:47:49Z</time></trkpt><trkpt lat="-16.078263" lon="-57.678105"><ele>116.637</ele><time>2026-05-05T14:47:51Z</time></trkpt><trkpt lat="-16.078206" lon="-57.678123"><ele>116.630</ele><time>2026-05-05T14:47:53Z</time></trkpt><trkpt lat="-16.078154" lon="-57.67816"><ele>117.612</ele><time>2026-05-05T14:47:55Z</time></trkpt><trkpt lat="-16.078114" lon="-57.678238"><ele>118.026</ele><time>2026-05-05T14:47:57Z</time></trkpt><trkpt lat="-16.078102" lon="-57.678291"><ele>118.190</ele><time>2026-05-05T14:47:58Z</time></trkpt><trkpt lat="-16.07809" lon="-57.678346"><ele>118.124</ele><time>2026-05-05T14:47:59Z</time></trkpt><trkpt lat="-16.078075" lon="-57.678406"><ele>118.327</ele><time>2026-05-05T14:48:00Z</time></trkpt><trkpt lat="-16.078057" lon="-57.678464"><ele>118.519</ele><time>2026-05-05T14:48:01Z</time></trkpt><trkpt lat="-16.078034" lon="-57.678531"><ele>118.786</ele><time>2026-05-05T14:48:02Z</time></trkpt><trkpt lat="-16.078006" lon="-57.678599"><ele>118.892</ele><time>2026-05-05T14:48:03Z</time></trkpt><trkpt lat="-16.077973" lon="-57.678671"><ele>119.041</ele><time>2026-05-05T14:48:04Z</time></trkpt><trkpt lat="-16.07794" lon="-57.678749"><ele>119.122</ele><time>2026-05-05T14:48:05Z</time></trkpt><trkpt lat="-16.077913" lon="-57.678849"><ele>119.176</ele><time>2026-05-05T14:48:06Z</time></trkpt><trkpt lat="-16.07788" lon="-57.678944"><ele>119.107</ele><time>2026-05-05T14:48:07Z</time></trkpt><trkpt lat="-16.07784" lon="-57.679047"><ele>119.146</ele><time>2026-05-05T14:48:08Z</time></trkpt><trkpt lat="-16.077795" lon="-57.679139"><ele>119.026</ele><time>2026-05-05T14:48:09Z</time></trkpt><trkpt lat="-16.077757" lon="-57.679239"><ele>118.793</ele><time>2026-05-05T14:48:10Z</time></trkpt><trkpt lat="-16.077715" lon="-57.679337"><ele>118.654</ele><time>2026-05-05T14:48:11Z</time></trkpt><trkpt lat="-16.077682" lon="-57.679434"><ele>118.605</ele><time>2026-05-05T14:48:12Z</time></trkpt><trkpt lat="-16.077649" lon="-57.679529"><ele>118.468</ele><time>2026-05-05T14:48:13Z</time></trkpt><trkpt lat="-16.077612" lon="-57.679621"><ele>118.183</ele><time>2026-05-05T14:48:14Z</time></trkpt><trkpt lat="-16.07758" lon="-57.679718"><ele>117.813</ele><time>2026-05-05T14:48:15Z</time></trkpt><trkpt lat="-16.077547" lon="-57.679808"><ele>117.799</ele><time>2026-05-05T14:48:16Z</time></trkpt><trkpt lat="-16.077514" lon="-57.679898"><ele>117.747</ele><time>2026-05-05T14:48:17Z</time></trkpt><trkpt lat="-16.077482" lon="-57.67999"><ele>117.682</ele><time>2026-05-05T14:48:18Z</time></trkpt><trkpt lat="-16.077449" lon="-57.68008"><ele>117.635</ele><time>2026-05-05T14:48:19Z</time></trkpt><trkpt lat="-16.077414" lon="-57.680172"><ele>117.413</ele><time>2026-05-05T14:48:20Z</time></trkpt><trkpt lat="-16.077369" lon="-57.680269"><ele>117.037</ele><time>2026-05-05T14:48:21Z</time></trkpt><trkpt lat="-16.077324" lon="-57.680372"><ele>117.075</ele><time>2026-05-05T14:48:22Z</time></trkpt><trkpt lat="-16.077277" lon="-57.680487"><ele>117.458</ele><time>2026-05-05T14:48:23Z</time></trkpt><trkpt lat="-16.077229" lon="-57.6806"><ele>117.818</ele><time>2026-05-05T14:48:24Z</time></trkpt><trkpt lat="-16.077187" lon="-57.680708"><ele>117.986</ele><time>2026-05-05T14:48:25Z</time></trkpt><trkpt lat="-16.077144" lon="-57.680815"><ele>118.025</ele><time>2026-05-05T14:48:26Z</time></trkpt><trkpt lat="-16.077109" lon="-57.680918"><ele>118.030</ele><time>2026-05-05T14:48:27Z</time></trkpt><trkpt lat="-16.077072" lon="-57.681018"><ele>118.061</ele><time>2026-05-05T14:48:28Z</time></trkpt><trkpt lat="-16.077035" lon="-57.68112"><ele>117.986</ele><time>2026-05-05T14:48:29Z</time></trkpt><trkpt lat="-16.077" lon="-57.68122"><ele>117.610</ele><time>2026-05-05T14:48:30Z</time></trkpt><trkpt lat="-16.076962" lon="-57.681315"><ele>117.401</ele><time>2026-05-05T14:48:31Z</time></trkpt><trkpt lat="-16.07693" lon="-57.68141"><ele>117.037</ele><time>2026-05-05T14:48:32Z</time></trkpt><trkpt lat="-16.076897" lon="-57.681497"><ele>116.635</ele><time>2026-05-05T14:48:33Z</time></trkpt><trkpt lat="-16.076864" lon="-57.681579"><ele>116.222</ele><time>2026-05-05T14:48:34Z</time></trkpt><trkpt lat="-16.076832" lon="-57.681657"><ele>115.730</ele><time>2026-05-05T14:48:35Z</time></trkpt><trkpt lat="-16.076802" lon="-57.681725"><ele>115.590</ele><time>2026-05-05T14:48:36Z</time></trkpt><trkpt lat="-16.07678" lon="-57.681792"><ele>114.961</ele><time>2026-05-05T14:48:37Z</time></trkpt><trkpt lat="-16.076758" lon="-57.681854"><ele>114.624</ele><time>2026-05-05T14:48:38Z</time></trkpt><trkpt lat="-16.07674" lon="-57.681899"><ele>114.683</ele><time>2026-05-05T14:48:39Z</time></trkpt><trkpt lat="-16.076707" lon="-57.681972"><ele>114.612</ele><time>2026-05-05T14:48:41Z</time></trkpt><trkpt lat="-16.076695" lon="-57.682019"><ele>114.507</ele><time>2026-05-05T14:48:43Z</time></trkpt><trkpt lat="-16.076717" lon="-57.682117"><ele>113.246</ele><time>2026-05-05T14:49:17Z</time></trkpt><trkpt lat="-16.076704" lon="-57.68201"><ele>113.278</ele><time>2026-05-05T14:49:19Z</time></trkpt><trkpt lat="-16.076734" lon="-57.68205"><ele>119.636</ele><time>2026-05-05T14:49:25Z</time></trkpt><trkpt lat="-16.076714" lon="-57.682093"><ele>120.315</ele><time>2026-05-05T14:49:27Z</time></trkpt><trkpt lat="-16.076692" lon="-57.68215"><ele>120.491</ele><time>2026-05-05T14:49:29Z</time></trkpt><trkpt lat="-16.07666" lon="-57.682217"><ele>120.426</ele><time>2026-05-05T14:49:31Z</time></trkpt><trkpt lat="-16.076618" lon="-57.682304"><ele>120.360</ele><time>2026-05-05T14:49:33Z</time></trkpt><trkpt lat="-16.076591" lon="-57.682357"><ele>120.374</ele><time>2026-05-05T14:49:34Z</time></trkpt><trkpt lat="-16.076569" lon="-57.682412"><ele>120.368</ele><time>2026-05-05T14:49:35Z</time></trkpt><trkpt lat="-16.076546" lon="-57.68247"><ele>120.188</ele><time>2026-05-05T14:49:36Z</time></trkpt><trkpt lat="-16.076516" lon="-57.682537"><ele>119.820</ele><time>2026-05-05T14:49:37Z</time></trkpt><trkpt lat="-16.076493" lon="-57.682599"><ele>119.278</ele><time>2026-05-05T14:49:38Z</time></trkpt><trkpt lat="-16.076473" lon="-57.682654"><ele>118.927</ele><time>2026-05-05T14:49:39Z</time></trkpt><trkpt lat="-16.076451" lon="-57.682712"><ele>118.756</ele><time>2026-05-05T14:49:40Z</time></trkpt><trkpt lat="-16.076428" lon="-57.682779"><ele>118.231</ele><time>2026-05-05T14:49:41Z</time></trkpt><trkpt lat="-16.076406" lon="-57.682846"><ele>118.072</ele><time>2026-05-05T14:49:42Z</time></trkpt><trkpt lat="-16.076384" lon="-57.682919"><ele>118.008</ele><time>2026-05-05T14:49:43Z</time></trkpt><trkpt lat="-16.076357" lon="-57.682996"><ele>117.811</ele><time>2026-05-05T14:49:44Z</time></trkpt><trkpt lat="-16.076324" lon="-57.683071"><ele>117.451</ele><time>2026-05-05T14:49:45Z</time></trkpt><trkpt lat="-16.076292" lon="-57.683148"><ele>116.846</ele><time>2026-05-05T14:49:46Z</time></trkpt><trkpt lat="-16.076267" lon="-57.683225"><ele>115.967</ele><time>2026-05-05T14:49:47Z</time></trkpt><trkpt lat="-16.07624" lon="-57.683303"><ele>115.272</ele><time>2026-05-05T14:49:48Z</time></trkpt><trkpt lat="-16.076207" lon="-57.683386"><ele>114.680</ele><time>2026-05-05T14:49:49Z</time></trkpt><trkpt lat="-16.076174" lon="-57.683468"><ele>113.886</ele><time>2026-05-05T14:49:50Z</time></trkpt><trkpt lat="-16.076141" lon="-57.683546"><ele>113.531</ele><time>2026-05-05T14:49:51Z</time></trkpt><trkpt lat="-16.076106" lon="-57.683619"><ele>113.494</ele><time>2026-05-05T14:49:52Z</time></trkpt><trkpt lat="-16.076074" lon="-57.683696"><ele>113.240</ele><time>2026-05-05T14:49:53Z</time></trkpt><trkpt lat="-16.076044" lon="-57.683778"><ele>112.929</ele><time>2026-05-05T14:49:54Z</time></trkpt><trkpt lat="-16.076011" lon="-57.683861"><ele>112.505</ele><time>2026-05-05T14:49:55Z</time></trkpt><trkpt lat="-16.075976" lon="-57.683943"><ele>112.178</ele><time>2026-05-05T14:49:56Z</time></trkpt><trkpt lat="-16.075948" lon="-57.684023"><ele>111.841</ele><time>2026-05-05T14:49:57Z</time></trkpt><trkpt lat="-16.07592" lon="-57.6841"><ele>111.764</ele><time>2026-05-05T14:49:58Z</time></trkpt><trkpt lat="-16.075885" lon="-57.684177"><ele>111.528</ele><time>2026-05-05T14:49:59Z</time></trkpt><trkpt lat="-16.075842" lon="-57.684255"><ele>111.340</ele><time>2026-05-05T14:50:00Z</time></trkpt><trkpt lat="-16.075814" lon="-57.68432"><ele>111.250</ele><time>2026-05-05T14:50:01Z</time></trkpt><trkpt lat="-16.075787" lon="-57.684392"><ele>111.277</ele><time>2026-05-05T14:50:02Z</time></trkpt><trkpt lat="-16.075757" lon="-57.684452"><ele>111.353</ele><time>2026-05-05T14:50:03Z</time></trkpt><trkpt lat="-16.075739" lon="-57.684499"><ele>111.480</ele><time>2026-05-05T14:50:04Z</time></trkpt><trkpt lat="-16.075721" lon="-57.684551"><ele>111.563</ele><time>2026-05-05T14:50:06Z</time></trkpt><trkpt lat="-16.075711" lon="-57.684598"><ele>111.778</ele><time>2026-05-05T14:50:08Z</time></trkpt><trkpt lat="-16.075681" lon="-57.684683"><ele>112.165</ele><time>2026-05-05T14:50:10Z</time></trkpt><trkpt lat="-16.075663" lon="-57.684735"><ele>113.160</ele><time>2026-05-05T14:50:11Z</time></trkpt><trkpt lat="-16.075643" lon="-57.684793"><ele>113.603</ele><time>2026-05-05T14:50:12Z</time></trkpt><trkpt lat="-16.075628" lon="-57.684848"><ele>114.318</ele><time>2026-05-05T14:50:13Z</time></trkpt><trkpt lat="-16.075608" lon="-57.684913"><ele>115.166</ele><time>2026-05-05T14:50:15Z</time></trkpt><trkpt lat="-16.075596" lon="-57.684976"><ele>115.153</ele><time>2026-05-05T14:50:17Z</time></trkpt><trkpt lat="-16.075573" lon="-57.685054"><ele>115.184</ele><time>2026-05-05T14:50:19Z</time></trkpt><trkpt lat="-16.07556" lon="-57.685099"><ele>115.313</ele><time>2026-05-05T14:50:20Z</time></trkpt><trkpt lat="-16.075538" lon="-57.685152"><ele>115.679</ele><time>2026-05-05T14:50:21Z</time></trkpt><trkpt lat="-16.075516" lon="-57.6852"><ele>115.856</ele><time>2026-05-05T14:50:22Z</time></trkpt><trkpt lat="-16.075493" lon="-57.68525"><ele>115.870</ele><time>2026-05-05T14:50:23Z</time></trkpt><trkpt lat="-16.07547" lon="-57.685298"><ele>115.815</ele><time>2026-05-05T14:50:24Z</time></trkpt><trkpt lat="-16.075417" lon="-57.685341"><ele>115.976</ele><time>2026-05-05T14:50:26Z</time></trkpt><trkpt lat="-16.075364" lon="-57.685363"><ele>116.314</ele><time>2026-05-05T14:50:28Z</time></trkpt><trkpt lat="-16.075286" lon="-57.685356"><ele>116.549</ele><time>2026-05-05T14:50:30Z</time></trkpt><trkpt lat="-16.075243" lon="-57.685336"><ele>116.696</ele><time>2026-05-05T14:50:31Z</time></trkpt><trkpt lat="-16.075193" lon="-57.685306"><ele>116.641</ele><time>2026-05-05T14:50:32Z</time></trkpt><trkpt lat="-16.075136" lon="-57.685284"><ele>116.608</ele><time>2026-05-05T14:50:33Z</time></trkpt><trkpt lat="-16.075078" lon="-57.685259"><ele>116.693</ele><time>2026-05-05T14:50:34Z</time></trkpt><trkpt lat="-16.075016" lon="-57.685224"><ele>116.611</ele><time>2026-05-05T14:50:35Z</time></trkpt><trkpt lat="-16.074948" lon="-57.685192"><ele>116.607</ele><time>2026-05-05T14:50:36Z</time></trkpt><trkpt lat="-16.074881" lon="-57.685164"><ele>117.145</ele><time>2026-05-05T14:50:37Z</time></trkpt><trkpt lat="-16.074813" lon="-57.685132"><ele>117.860</ele><time>2026-05-05T14:50:38Z</time></trkpt><trkpt lat="-16.074746" lon="-57.6851"><ele>118.013</ele><time>2026-05-05T14:50:39Z</time></trkpt><trkpt lat="-16.074684" lon="-57.685072"><ele>118.073</ele><time>2026-05-05T14:50:40Z</time></trkpt><trkpt lat="-16.074621" lon="-57.685044"><ele>118.009</ele><time>2026-05-05T14:50:41Z</time></trkpt><trkpt lat="-16.074559" lon="-57.685022"><ele>118.075</ele><time>2026-05-05T14:50:42Z</time></trkpt><trkpt lat="-16.074504" lon="-57.685"><ele>118.049</ele><time>2026-05-05T14:50:43Z</time></trkpt><trkpt lat="-16.074451" lon="-57.684987"><ele>118.018</ele><time>2026-05-05T14:50:44Z</time></trkpt><trkpt lat="-16.074364" lon="-57.684962"><ele>117.967</ele><time>2026-05-05T14:50:46Z</time></trkpt><trkpt lat="-16.074319" lon="-57.684915"><ele>117.651</ele><time>2026-05-05T14:50:48Z</time></trkpt><trkpt lat="-16.074329" lon="-57.684835"><ele>117.687</ele><time>2026-05-05T14:50:50Z</time></trkpt><trkpt lat="-16.074354" lon="-57.684787"><ele>117.640</ele><time>2026-05-05T14:50:51Z</time></trkpt><trkpt lat="-16.074402" lon="-57.684729"><ele>117.883</ele><time>2026-05-05T14:50:52Z</time></trkpt><trkpt lat="-16.074444" lon="-57.684667"><ele>118.039</ele><time>2026-05-05T14:50:53Z</time></trkpt><trkpt lat="-16.074481" lon="-57.684605"><ele>118.150</ele><time>2026-05-05T14:50:54Z</time></trkpt><trkpt lat="-16.074514" lon="-57.684545"><ele>118.193</ele><time>2026-05-05T14:50:55Z</time></trkpt><trkpt lat="-16.074536" lon="-57.684482"><ele>117.927</ele><time>2026-05-05T14:50:56Z</time></trkpt><trkpt lat="-16.074558" lon="-57.684434"><ele>117.762</ele><time>2026-05-05T14:50:57Z</time></trkpt><trkpt lat="-16.074586" lon="-57.684362"><ele>117.243</ele><time>2026-05-05T14:50:59Z</time></trkpt><trkpt lat="-16.074611" lon="-57.68431"><ele>116.538</ele><time>2026-05-05T14:51:01Z</time></trkpt><trkpt lat="-16.074651" lon="-57.684288"><ele>116.149</ele><time>2026-05-05T14:51:03Z</time></trkpt><trkpt lat="-16.074703" lon="-57.684271"><ele>116.106</ele><time>2026-05-05T14:51:05Z</time></trkpt><trkpt lat="-16.074763" lon="-57.684328"><ele>115.992</ele><time>2026-05-05T14:51:07Z</time></trkpt><trkpt lat="-16.074835" lon="-57.684366"><ele>115.449</ele><time>2026-05-05T14:51:09Z</time></trkpt><trkpt lat="-16.074882" lon="-57.684383"><ele>115.095</ele><time>2026-05-05T14:51:10Z</time></trkpt><trkpt lat="-16.07493" lon="-57.6844"><ele>114.632</ele><time>2026-05-05T14:51:11Z</time></trkpt><trkpt lat="-16.074973" lon="-57.684432"><ele>114.513</ele><time>2026-05-05T14:51:12Z</time></trkpt><trkpt lat="-16.075048" lon="-57.68444"><ele>114.583</ele><time>2026-05-05T14:51:14Z</time></trkpt><trkpt lat="-16.075123" lon="-57.684465"><ele>114.766</ele><time>2026-05-05T14:51:16Z</time></trkpt><trkpt lat="-16.075191" lon="-57.684498"><ele>115.312</ele><time>2026-05-05T14:51:18Z</time></trkpt><trkpt lat="-16.075249" lon="-57.684535"><ele>115.450</ele><time>2026-05-05T14:51:20Z</time></trkpt><trkpt lat="-16.075311" lon="-57.684558"><ele>115.895</ele><time>2026-05-05T14:51:22Z</time></trkpt><trkpt lat="-16.075358" lon="-57.684566"><ele>116.415</ele><time>2026-05-05T14:51:24Z</time></trkpt><trkpt lat="-16.075473" lon="-57.684593"><ele>117.594</ele><time>2026-05-05T14:52:01Z</time></trkpt><trkpt lat="-16.07543" lon="-57.684568"><ele>122.957</ele><time>2026-05-05T14:52:03Z</time></trkpt><trkpt lat="-16.075402" lon="-57.684528"><ele>121.823</ele><time>2026-05-05T14:52:07Z</time></trkpt><trkpt lat="-16.07538" lon="-57.684571"><ele>115.991</ele><time>2026-05-05T14:52:17Z</time></trkpt><trkpt lat="-16.07541" lon="-57.684536"><ele>119.123</ele><time>2026-05-05T14:53:26Z</time></trkpt><trkpt lat="-16.075417" lon="-57.684586"><ele>113.792</ele><time>2026-05-05T14:54:27Z</time></trkpt><trkpt lat="-16.075374" lon="-57.684568"><ele>113.497</ele><time>2026-05-05T14:55:25Z</time></trkpt><trkpt lat="-16.075409" lon="-57.684598"><ele>114.931</ele><time>2026-05-05T14:56:23Z</time></trkpt><trkpt lat="-16.075459" lon="-57.684595"><ele>115.254</ele><time>2026-05-05T15:03:28Z</time></trkpt><trkpt lat="-16.075507" lon="-57.684618"><ele>115.752</ele><time>2026-05-05T15:03:31Z</time></trkpt><trkpt lat="-16.07556" lon="-57.684638"><ele>116.038</ele><time>2026-05-05T15:03:34Z</time></trkpt><trkpt lat="-16.075618" lon="-57.684663"><ele>115.918</ele><time>2026-05-05T15:03:37Z</time></trkpt><trkpt lat="-16.075666" lon="-57.684683"><ele>115.130</ele><time>2026-05-05T15:03:39Z</time></trkpt><trkpt lat="-16.075714" lon="-57.684706"><ele>113.861</ele><time>2026-05-05T15:03:41Z</time></trkpt><trkpt lat="-16.075769" lon="-57.684738"><ele>112.987</ele><time>2026-05-05T15:03:43Z</time></trkpt><trkpt lat="-16.075847" lon="-57.684776"><ele>112.579</ele><time>2026-05-05T15:03:45Z</time></trkpt><trkpt lat="-16.075889" lon="-57.684794"><ele>112.428</ele><time>2026-05-05T15:03:46Z</time></trkpt><trkpt lat="-16.075972" lon="-57.684826"><ele>111.695</ele><time>2026-05-05T15:03:48Z</time></trkpt><trkpt lat="-16.076017" lon="-57.684841"><ele>111.665</ele><time>2026-05-05T15:03:49Z</time></trkpt><trkpt lat="-16.076065" lon="-57.684856"><ele>111.678</ele><time>2026-05-05T15:03:50Z</time></trkpt><trkpt lat="-16.076117" lon="-57.684873"><ele>111.927</ele><time>2026-05-05T15:03:51Z</time></trkpt><trkpt lat="-16.076172" lon="-57.684893"><ele>112.257</ele><time>2026-05-05T15:03:52Z</time></trkpt><trkpt lat="-16.076227" lon="-57.68491"><ele>112.742</ele><time>2026-05-05T15:03:53Z</time></trkpt><trkpt lat="-16.076284" lon="-57.684933"><ele>112.882</ele><time>2026-05-05T15:03:54Z</time></trkpt><trkpt lat="-16.076346" lon="-57.684956"><ele>113.704</ele><time>2026-05-05T15:03:55Z</time></trkpt><trkpt lat="-16.076411" lon="-57.684981"><ele>114.468</ele><time>2026-05-05T15:03:56Z</time></trkpt><trkpt lat="-16.076474" lon="-57.685006"><ele>114.790</ele><time>2026-05-05T15:03:57Z</time></trkpt><trkpt lat="-16.076537" lon="-57.685031"><ele>114.833</ele><time>2026-05-05T15:03:58Z</time></trkpt><trkpt lat="-16.076597" lon="-57.685058"><ele>115.013</ele><time>2026-05-05T15:03:59Z</time></trkpt><trkpt lat="-16.076652" lon="-57.68508"><ele>115.023</ele><time>2026-05-05T15:04:00Z</time></trkpt><trkpt lat="-16.0767" lon="-57.6851"><ele>115.092</ele><time>2026-05-05T15:04:01Z</time></trkpt><trkpt lat="-16.076743" lon="-57.685115"><ele>115.009</ele><time>2026-05-05T15:04:02Z</time></trkpt><trkpt lat="-16.076791" lon="-57.685133"><ele>115.158</ele><time>2026-05-05T15:04:04Z</time></trkpt><trkpt lat="-16.076833" lon="-57.685153"><ele>115.518</ele><time>2026-05-05T15:04:21Z</time></trkpt><trkpt lat="-16.076905" lon="-57.685185"><ele>115.663</ele><time>2026-05-05T15:04:23Z</time></trkpt><trkpt lat="-16.076995" lon="-57.685213"><ele>115.764</ele><time>2026-05-05T15:04:25Z</time></trkpt><trkpt lat="-16.077043" lon="-57.685225"><ele>115.806</ele><time>2026-05-05T15:04:26Z</time></trkpt><trkpt lat="-16.077098" lon="-57.685245"><ele>115.813</ele><time>2026-05-05T15:04:27Z</time></trkpt><trkpt lat="-16.077155" lon="-57.685272"><ele>116.070</ele><time>2026-05-05T15:04:28Z</time></trkpt><trkpt lat="-16.077218" lon="-57.685305"><ele>116.187</ele><time>2026-05-05T15:04:29Z</time></trkpt><trkpt lat="-16.077286" lon="-57.685338"><ele>116.388</ele><time>2026-05-05T15:04:30Z</time></trkpt><trkpt lat="-16.077356" lon="-57.685368"><ele>116.583</ele><time>2026-05-05T15:04:31Z</time></trkpt><trkpt lat="-16.077421" lon="-57.685391"><ele>116.560</ele><time>2026-05-05T15:04:32Z</time></trkpt><trkpt lat="-16.077498" lon="-57.685423"><ele>116.403</ele><time>2026-05-05T15:04:33Z</time></trkpt><trkpt lat="-16.07758" lon="-57.685453"><ele>116.238</ele><time>2026-05-05T15:04:34Z</time></trkpt><trkpt lat="-16.077672" lon="-57.685486"><ele>115.964</ele><time>2026-05-05T15:04:35Z</time></trkpt><trkpt lat="-16.077765" lon="-57.685519"><ele>115.756</ele><time>2026-05-05T15:04:36Z</time></trkpt><trkpt lat="-16.077858" lon="-57.685552"><ele>115.553</ele><time>2026-05-05T15:04:37Z</time></trkpt><trkpt lat="-16.077953" lon="-57.685584"><ele>115.211</ele><time>2026-05-05T15:04:38Z</time></trkpt><trkpt lat="-16.078046" lon="-57.685617"><ele>115.193</ele><time>2026-05-05T15:04:39Z</time></trkpt><trkpt lat="-16.078139" lon="-57.685647"><ele>114.959</ele><time>2026-05-05T15:04:40Z</time></trkpt><trkpt lat="-16.078227" lon="-57.685682"><ele>114.800</ele><time>2026-05-05T15:04:41Z</time></trkpt><trkpt lat="-16.07831" lon="-57.685717"><ele>114.609</ele><time>2026-05-05T15:04:42Z</time></trkpt><trkpt lat="-16.078395" lon="-57.68575"><ele>114.231</ele><time>2026-05-05T15:04:43Z</time></trkpt><trkpt lat="-16.078465" lon="-57.685782"><ele>113.700</ele><time>2026-05-05T15:04:44Z</time></trkpt><trkpt lat="-16.078535" lon="-57.685807"><ele>113.492</ele><time>2026-05-05T15:04:45Z</time></trkpt><trkpt lat="-16.0786" lon="-57.685832"><ele>113.018</ele><time>2026-05-05T15:04:46Z</time></trkpt><trkpt lat="-16.078657" lon="-57.685852"><ele>112.831</ele><time>2026-05-05T15:04:47Z</time></trkpt><trkpt lat="-16.078709" lon="-57.685867"><ele>112.570</ele><time>2026-05-05T15:04:48Z</time></trkpt><trkpt lat="-16.078761" lon="-57.685882"><ele>112.390</ele><time>2026-05-05T15:04:49Z</time></trkpt><trkpt lat="-16.078814" lon="-57.685904"><ele>111.908</ele><time>2026-05-05T15:04:50Z</time></trkpt><trkpt lat="-16.078869" lon="-57.685927"><ele>111.813</ele><time>2026-05-05T15:04:51Z</time></trkpt><trkpt lat="-16.078927" lon="-57.685954"><ele>111.795</ele><time>2026-05-05T15:04:52Z</time></trkpt><trkpt lat="-16.078995" lon="-57.685971"><ele>111.523</ele><time>2026-05-05T15:04:53Z</time></trkpt><trkpt lat="-16.07907" lon="-57.685983"><ele>111.529</ele><time>2026-05-05T15:04:54Z</time></trkpt><trkpt lat="-16.079155" lon="-57.685988"><ele>111.559</ele><time>2026-05-05T15:04:55Z</time></trkpt><trkpt lat="-16.079242" lon="-57.685998"><ele>111.581</ele><time>2026-05-05T15:04:56Z</time></trkpt><trkpt lat="-16.079335" lon="-57.686006"><ele>111.543</ele><time>2026-05-05T15:04:57Z</time></trkpt><trkpt lat="-16.079427" lon="-57.686016"><ele>111.628</ele><time>2026-05-05T15:04:58Z</time></trkpt><trkpt lat="-16.079519" lon="-57.686026"><ele>111.732</ele><time>2026-05-05T15:04:59Z</time></trkpt><trkpt lat="-16.079606" lon="-57.686031"><ele>111.505</ele><time>2026-05-05T15:05:00Z</time></trkpt><trkpt lat="-16.079683" lon="-57.686036"><ele>111.320</ele><time>2026-05-05T15:05:01Z</time></trkpt><trkpt lat="-16.079751" lon="-57.686041"><ele>111.186</ele><time>2026-05-05T15:05:02Z</time></trkpt><trkpt lat="-16.079809" lon="-57.686051"><ele>110.839</ele><time>2026-05-05T15:05:03Z</time></trkpt><trkpt lat="-16.079872" lon="-57.686086"><ele>110.731</ele><time>2026-05-05T15:05:05Z</time></trkpt><trkpt lat="-16.079885" lon="-57.686138"><ele>110.660</ele><time>2026-05-05T15:05:07Z</time></trkpt><trkpt lat="-16.079857" lon="-57.68621"><ele>110.733</ele><time>2026-05-05T15:05:09Z</time></trkpt><trkpt lat="-16.079807" lon="-57.68628"><ele>110.890</ele><time>2026-05-05T15:05:11Z</time></trkpt><trkpt lat="-16.079769" lon="-57.686325"><ele>111.029</ele><time>2026-05-05T15:05:12Z</time></trkpt><trkpt lat="-16.079732" lon="-57.68638"><ele>111.004</ele><time>2026-05-05T15:05:13Z</time></trkpt><trkpt lat="-16.079695" lon="-57.686435"><ele>111.087</ele><time>2026-05-05T15:05:14Z</time></trkpt><trkpt lat="-16.079647" lon="-57.686502"><ele>111.197</ele><time>2026-05-05T15:05:15Z</time></trkpt><trkpt lat="-16.079605" lon="-57.686567"><ele>111.141</ele><time>2026-05-05T15:05:16Z</time></trkpt><trkpt lat="-16.079562" lon="-57.686639"><ele>111.801</ele><time>2026-05-05T15:05:17Z</time></trkpt><trkpt lat="-16.079515" lon="-57.686717"><ele>111.876</ele><time>2026-05-05T15:05:18Z</time></trkpt><trkpt lat="-16.079465" lon="-57.686799"><ele>111.605</ele><time>2026-05-05T15:05:19Z</time></trkpt><trkpt lat="-16.079413" lon="-57.686889"><ele>111.590</ele><time>2026-05-05T15:05:20Z</time></trkpt><trkpt lat="-16.07936" lon="-57.686981"><ele>111.233</ele><time>2026-05-05T15:05:21Z</time></trkpt><trkpt lat="-16.079307" lon="-57.687076"><ele>111.273</ele><time>2026-05-05T15:05:22Z</time></trkpt><trkpt lat="-16.079254" lon="-57.687171"><ele>111.205</ele><time>2026-05-05T15:05:23Z</time></trkpt><trkpt lat="-16.079201" lon="-57.687266"><ele>111.383</ele><time>2026-05-05T15:05:24Z</time></trkpt><trkpt lat="-16.079146" lon="-57.687364"><ele>111.311</ele><time>2026-05-05T15:05:25Z</time></trkpt><trkpt lat="-16.079091" lon="-57.687464"><ele>111.625</ele><time>2026-05-05T15:05:26Z</time></trkpt><trkpt lat="-16.079038" lon="-57.687562"><ele>111.656</ele><time>2026-05-05T15:05:27Z</time></trkpt><trkpt lat="-16.078985" lon="-57.68766"><ele>111.694</ele><time>2026-05-05T15:05:28Z</time></trkpt><trkpt lat="-16.078928" lon="-57.687755"><ele>111.501</ele><time>2026-05-05T15:05:29Z</time></trkpt><trkpt lat="-16.078873" lon="-57.687852"><ele>111.582</ele><time>2026-05-05T15:05:30Z</time></trkpt><trkpt lat="-16.078815" lon="-57.687942"><ele>111.507</ele><time>2026-05-05T15:05:31Z</time></trkpt><trkpt lat="-16.078755" lon="-57.688029"><ele>111.604</ele><time>2026-05-05T15:05:32Z</time></trkpt><trkpt lat="-16.078697" lon="-57.688117"><ele>111.692</ele><time>2026-05-05T15:05:33Z</time></trkpt><trkpt lat="-16.078645" lon="-57.688207"><ele>111.997</ele><time>2026-05-05T15:05:34Z</time></trkpt><trkpt lat="-16.078593" lon="-57.688294"><ele>112.334</ele><time>2026-05-05T15:05:35Z</time></trkpt><trkpt lat="-16.078546" lon="-57.688376"><ele>112.374</ele><time>2026-05-05T15:05:36Z</time></trkpt><trkpt lat="-16.078503" lon="-57.688446"><ele>112.382</ele><time>2026-05-05T15:05:37Z</time></trkpt><trkpt lat="-16.078463" lon="-57.688509"><ele>112.320</ele><time>2026-05-05T15:05:38Z</time></trkpt><trkpt lat="-16.078425" lon="-57.688566"><ele>112.475</ele><time>2026-05-05T15:05:39Z</time></trkpt><trkpt lat="-16.078393" lon="-57.688618"><ele>112.406</ele><time>2026-05-05T15:05:40Z</time></trkpt><trkpt lat="-16.078365" lon="-57.688658"><ele>112.440</ele><time>2026-05-05T15:05:41Z</time></trkpt><trkpt lat="-16.078322" lon="-57.68871"><ele>112.549</ele><time>2026-05-05T15:05:43Z</time></trkpt><trkpt lat="-16.078289" lon="-57.688752"><ele>112.660</ele><time>2026-05-05T15:05:46Z</time></trkpt><trkpt lat="-16.078209" lon="-57.688724"><ele>112.616</ele><time>2026-05-05T15:06:22Z</time></trkpt><trkpt lat="-16.078262" lon="-57.688751"><ele>112.629</ele><time>2026-05-05T15:06:24Z</time></trkpt><trkpt lat="-16.078234" lon="-57.688811"><ele>106.455</ele><time>2026-05-05T15:06:28Z</time></trkpt><trkpt lat="-16.078196" lon="-57.688869"><ele>106.407</ele><time>2026-05-05T15:06:30Z</time></trkpt><trkpt lat="-16.078158" lon="-57.688952"><ele>107.263</ele><time>2026-05-05T15:06:32Z</time></trkpt><trkpt lat="-16.078111" lon="-57.689032"><ele>108.635</ele><time>2026-05-05T15:06:34Z</time></trkpt><trkpt lat="-16.078058" lon="-57.689115"><ele>108.612</ele><time>2026-05-05T15:06:36Z</time></trkpt><trkpt lat="-16.078026" lon="-57.689163"><ele>108.663</ele><time>2026-05-05T15:06:37Z</time></trkpt><trkpt lat="-16.077979" lon="-57.689258"><ele>108.516</ele><time>2026-05-05T15:06:38Z</time></trkpt><trkpt lat="-16.077931" lon="-57.689335"><ele>107.413</ele><time>2026-05-05T15:06:39Z</time></trkpt><trkpt lat="-16.077881" lon="-57.689408"><ele>106.078</ele><time>2026-05-05T15:06:40Z</time></trkpt><trkpt lat="-16.077843" lon="-57.68947"><ele>104.813</ele><time>2026-05-05T15:06:41Z</time></trkpt><trkpt lat="-16.077803" lon="-57.689533"><ele>104.353</ele><time>2026-05-05T15:06:42Z</time></trkpt><trkpt lat="-16.077768" lon="-57.689598"><ele>103.638</ele><time>2026-05-05T15:06:43Z</time></trkpt><trkpt lat="-16.077738" lon="-57.689663"><ele>102.728</ele><time>2026-05-05T15:06:44Z</time></trkpt><trkpt lat="-16.077706" lon="-57.689726"><ele>101.413</ele><time>2026-05-05T15:06:45Z</time></trkpt><trkpt lat="-16.077671" lon="-57.689779"><ele>100.739</ele><time>2026-05-05T15:06:46Z</time></trkpt><trkpt lat="-16.077638" lon="-57.689837"><ele>100.750</ele><time>2026-05-05T15:06:47Z</time></trkpt><trkpt lat="-16.07761" lon="-57.68989"><ele>100.898</ele><time>2026-05-05T15:06:48Z</time></trkpt><trkpt lat="-16.077585" lon="-57.689943"><ele>101.367</ele><time>2026-05-05T15:06:49Z</time></trkpt><trkpt lat="-16.077563" lon="-57.689985"><ele>101.354</ele><time>2026-05-05T15:06:50Z</time></trkpt><trkpt lat="-16.077531" lon="-57.690042"><ele>101.384</ele><time>2026-05-05T15:06:52Z</time></trkpt><trkpt lat="-16.077509" lon="-57.690105"><ele>101.110</ele><time>2026-05-05T15:06:54Z</time></trkpt><trkpt lat="-16.077472" lon="-57.690172"><ele>100.594</ele><time>2026-05-05T15:06:56Z</time></trkpt><trkpt lat="-16.077429" lon="-57.690222"><ele>100.130</ele><time>2026-05-05T15:06:58Z</time></trkpt><trkpt lat="-16.077392" lon="-57.690259"><ele>100.052</ele><time>2026-05-05T15:07:00Z</time></trkpt><trkpt lat="-16.077359" lon="-57.690296"><ele>100.237</ele><time>2026-05-05T15:07:02Z</time></trkpt><trkpt lat="-16.077329" lon="-57.690343"><ele>100.925</ele><time>2026-05-05T15:07:05Z</time></trkpt><trkpt lat="-16.077307" lon="-57.690411"><ele>101.847</ele><time>2026-05-05T15:07:45Z</time></trkpt><trkpt lat="-16.077302" lon="-57.690463"><ele>101.886</ele><time>2026-05-05T15:07:47Z</time></trkpt><trkpt lat="-16.077337" lon="-57.690496"><ele>101.876</ele><time>2026-05-05T15:07:48Z</time></trkpt><trkpt lat="-16.07739" lon="-57.690521"><ele>101.597</ele><time>2026-05-05T15:07:49Z</time></trkpt><trkpt lat="-16.077443" lon="-57.690536"><ele>102.927</ele><time>2026-05-05T15:07:50Z</time></trkpt><trkpt lat="-16.0775" lon="-57.690551"><ele>104.655</ele><time>2026-05-05T15:07:51Z</time></trkpt><trkpt lat="-16.077553" lon="-57.690568"><ele>106.444</ele><time>2026-05-05T15:07:52Z</time></trkpt><trkpt lat="-16.07761" lon="-57.690593"><ele>107.291</ele><time>2026-05-05T15:07:53Z</time></trkpt><trkpt lat="-16.077677" lon="-57.690621"><ele>107.393</ele><time>2026-05-05T15:07:54Z</time></trkpt><trkpt lat="-16.07775" lon="-57.690651"><ele>107.353</ele><time>2026-05-05T15:07:55Z</time></trkpt><trkpt lat="-16.077823" lon="-57.690679"><ele>107.357</ele><time>2026-05-05T15:07:56Z</time></trkpt><trkpt lat="-16.077896" lon="-57.690709"><ele>107.398</ele><time>2026-05-05T15:07:57Z</time></trkpt><trkpt lat="-16.077974" lon="-57.690739"><ele>107.350</ele><time>2026-05-05T15:07:58Z</time></trkpt><trkpt lat="-16.078056" lon="-57.690771"><ele>107.483</ele><time>2026-05-05T15:07:59Z</time></trkpt><trkpt lat="-16.078143" lon="-57.690804"><ele>107.584</ele><time>2026-05-05T15:08:00Z</time></trkpt><trkpt lat="-16.078231" lon="-57.690844"><ele>107.761</ele><time>2026-05-05T15:08:01Z</time></trkpt><trkpt lat="-16.078323" lon="-57.690884"><ele>108.035</ele><time>2026-05-05T15:08:02Z</time></trkpt><trkpt lat="-16.078416" lon="-57.690922"><ele>108.490</ele><time>2026-05-05T15:08:03Z</time></trkpt><trkpt lat="-16.078509" lon="-57.69096"><ele>108.617</ele><time>2026-05-05T15:08:04Z</time></trkpt><trkpt lat="-16.078599" lon="-57.690998"><ele>109.067</ele><time>2026-05-05T15:08:05Z</time></trkpt><trkpt lat="-16.078682" lon="-57.691033"><ele>109.605</ele><time>2026-05-05T15:08:06Z</time></trkpt><trkpt lat="-16.078757" lon="-57.691065"><ele>109.999</ele><time>2026-05-05T15:08:07Z</time></trkpt><trkpt lat="-16.078827" lon="-57.691095"><ele>110.280</ele><time>2026-05-05T15:08:08Z</time></trkpt><trkpt lat="-16.078895" lon="-57.69112"><ele>110.780</ele><time>2026-05-05T15:08:09Z</time></trkpt><trkpt lat="-16.078948" lon="-57.69114"><ele>111.093</ele><time>2026-05-05T15:08:10Z</time></trkpt><trkpt lat="-16.078993" lon="-57.691163"><ele>111.617</ele><time>2026-05-05T15:08:12Z</time></trkpt><trkpt lat="-16.079051" lon="-57.691188"><ele>113.197</ele><time>2026-05-05T15:08:17Z</time></trkpt><trkpt lat="-16.079139" lon="-57.691228"><ele>113.509</ele><time>2026-05-05T15:08:19Z</time></trkpt><trkpt lat="-16.079199" lon="-57.69125"><ele>113.620</ele><time>2026-05-05T15:08:20Z</time></trkpt><trkpt lat="-16.079264" lon="-57.691275"><ele>113.875</ele><time>2026-05-05T15:08:21Z</time></trkpt><trkpt lat="-16.079329" lon="-57.691305"><ele>113.881</ele><time>2026-05-05T15:08:22Z</time></trkpt><trkpt lat="-16.079402" lon="-57.691337"><ele>113.855</ele><time>2026-05-05T15:08:23Z</time></trkpt><trkpt lat="-16.079472" lon="-57.69137"><ele>113.876</ele><time>2026-05-05T15:08:24Z</time></trkpt><trkpt lat="-16.079539" lon="-57.691403"><ele>113.953</ele><time>2026-05-05T15:08:25Z</time></trkpt><trkpt lat="-16.079616" lon="-57.691435"><ele>114.016</ele><time>2026-05-05T15:08:26Z</time></trkpt><trkpt lat="-16.079703" lon="-57.691473"><ele>114.145</ele><time>2026-05-05T15:08:27Z</time></trkpt><trkpt lat="-16.079791" lon="-57.691505"><ele>114.246</ele><time>2026-05-05T15:08:28Z</time></trkpt><trkpt lat="-16.079876" lon="-57.691537"><ele>114.511</ele><time>2026-05-05T15:08:29Z</time></trkpt><trkpt lat="-16.079956" lon="-57.691565"><ele>114.645</ele><time>2026-05-05T15:08:30Z</time></trkpt><trkpt lat="-16.080044" lon="-57.691597"><ele>114.644</ele><time>2026-05-05T15:08:31Z</time></trkpt><trkpt lat="-16.080137" lon="-57.691622"><ele>114.642</ele><time>2026-05-05T15:08:32Z</time></trkpt><trkpt lat="-16.080227" lon="-57.691654"><ele>114.499</ele><time>2026-05-05T15:08:33Z</time></trkpt><trkpt lat="-16.080317" lon="-57.691691"><ele>114.324</ele><time>2026-05-05T15:08:34Z</time></trkpt><trkpt lat="-16.080409" lon="-57.691726"><ele>114.377</ele><time>2026-05-05T15:08:35Z</time></trkpt><trkpt lat="-16.080497" lon="-57.691763"><ele>114.417</ele><time>2026-05-05T15:08:36Z</time></trkpt><trkpt lat="-16.080587" lon="-57.691801"><ele>114.479</ele><time>2026-05-05T15:08:37Z</time></trkpt><trkpt lat="-16.08068" lon="-57.691839"><ele>114.272</ele><time>2026-05-05T15:08:38Z</time></trkpt><trkpt lat="-16.080768" lon="-57.691874"><ele>113.751</ele><time>2026-05-05T15:08:39Z</time></trkpt><trkpt lat="-16.080858" lon="-57.691912"><ele>113.770</ele><time>2026-05-05T15:08:40Z</time></trkpt><trkpt lat="-16.08095" lon="-57.69195"><ele>113.864</ele><time>2026-05-05T15:08:41Z</time></trkpt><trkpt lat="-16.081042" lon="-57.691988"><ele>113.876</ele><time>2026-05-05T15:08:42Z</time></trkpt><trkpt lat="-16.081139" lon="-57.692026"><ele>113.966</ele><time>2026-05-05T15:08:43Z</time></trkpt><trkpt lat="-16.081234" lon="-57.692071"><ele>113.849</ele><time>2026-05-05T15:08:44Z</time></trkpt><trkpt lat="-16.081326" lon="-57.692111"><ele>114.039</ele><time>2026-05-05T15:08:45Z</time></trkpt><trkpt lat="-16.081418" lon="-57.692151"><ele>114.001</ele><time>2026-05-05T15:08:46Z</time></trkpt><trkpt lat="-16.081508" lon="-57.692189"><ele>114.024</ele><time>2026-05-05T15:08:47Z</time></trkpt><trkpt lat="-16.081601" lon="-57.692226"><ele>114.022</ele><time>2026-05-05T15:08:48Z</time></trkpt><trkpt lat="-16.081696" lon="-57.692261"><ele>114.101</ele><time>2026-05-05T15:08:49Z</time></trkpt><trkpt lat="-16.081788" lon="-57.692299"><ele>114.355</ele><time>2026-05-05T15:08:50Z</time></trkpt><trkpt lat="-16.08188" lon="-57.692336"><ele>114.550</ele><time>2026-05-05T15:08:51Z</time></trkpt><trkpt lat="-16.081967" lon="-57.692374"><ele>114.629</ele><time>2026-05-05T15:08:52Z</time></trkpt><trkpt lat="-16.082045" lon="-57.692409"><ele>114.682</ele><time>2026-05-05T15:08:53Z</time></trkpt><trkpt lat="-16.082117" lon="-57.692447"><ele>114.770</ele><time>2026-05-05T15:08:54Z</time></trkpt><trkpt lat="-16.082179" lon="-57.692492"><ele>114.998</ele><time>2026-05-05T15:08:55Z</time></trkpt><trkpt lat="-16.082234" lon="-57.692544"><ele>115.231</ele><time>2026-05-05T15:08:56Z</time></trkpt><trkpt lat="-16.082279" lon="-57.692599"><ele>115.498</ele><time>2026-05-05T15:08:57Z</time></trkpt><trkpt lat="-16.082312" lon="-57.692666"><ele>115.535</ele><time>2026-05-05T15:08:58Z</time></trkpt><trkpt lat="-16.082349" lon="-57.692739"><ele>115.613</ele><time>2026-05-05T15:08:59Z</time></trkpt><trkpt lat="-16.082387" lon="-57.692812"><ele>115.715</ele><time>2026-05-05T15:09:00Z</time></trkpt><trkpt lat="-16.082429" lon="-57.69289"><ele>115.905</ele><time>2026-05-05T15:09:01Z</time></trkpt><trkpt lat="-16.082476" lon="-57.692972"><ele>116.170</ele><time>2026-05-05T15:09:02Z</time></trkpt><trkpt lat="-16.082521" lon="-57.693057"><ele>116.380</ele><time>2026-05-05T15:09:03Z</time></trkpt><trkpt lat="-16.082571" lon="-57.693145"><ele>116.776</ele><time>2026-05-05T15:09:04Z</time></trkpt><trkpt lat="-16.082619" lon="-57.693235"><ele>116.917</ele><time>2026-05-05T15:09:05Z</time></trkpt><trkpt lat="-16.082672" lon="-57.693327"><ele>117.275</ele><time>2026-05-05T15:09:06Z</time></trkpt><trkpt lat="-16.082725" lon="-57.693422"><ele>117.305</ele><time>2026-05-05T15:09:07Z</time></trkpt><trkpt lat="-16.082777" lon="-57.693509"><ele>117.456</ele><time>2026-05-05T15:09:08Z</time></trkpt><trkpt lat="-16.082827" lon="-57.693594"><ele>117.535</ele><time>2026-05-05T15:09:09Z</time></trkpt><trkpt lat="-16.08287" lon="-57.693672"><ele>117.718</ele><time>2026-05-05T15:09:10Z</time></trkpt><trkpt lat="-16.082905" lon="-57.693735"><ele>117.884</ele><time>2026-05-05T15:09:11Z</time></trkpt><trkpt lat="-16.082933" lon="-57.693787"><ele>117.934</ele><time>2026-05-05T15:09:12Z</time></trkpt><trkpt lat="-16.08296" lon="-57.693832"><ele>118.030</ele><time>2026-05-05T15:09:13Z</time></trkpt><trkpt lat="-16.083003" lon="-57.693905"><ele>118.101</ele><time>2026-05-05T15:09:15Z</time></trkpt><trkpt lat="-16.083018" lon="-57.693953"><ele>118.379</ele><time>2026-05-05T15:09:17Z</time></trkpt><trkpt lat="-16.083046" lon="-57.694018"><ele>118.714</ele><time>2026-05-05T15:09:21Z</time></trkpt><trkpt lat="-16.083086" lon="-57.694085"><ele>118.799</ele><time>2026-05-05T15:09:23Z</time></trkpt><trkpt lat="-16.083111" lon="-57.694125"><ele>118.301</ele><time>2026-05-05T15:09:24Z</time></trkpt><trkpt lat="-16.083149" lon="-57.694175"><ele>116.872</ele><time>2026-05-05T15:09:25Z</time></trkpt><trkpt lat="-16.083187" lon="-57.694238"><ele>116.533</ele><time>2026-05-05T15:09:26Z</time></trkpt><trkpt lat="-16.083224" lon="-57.694305"><ele>116.574</ele><time>2026-05-05T15:09:27Z</time></trkpt><trkpt lat="-16.083257" lon="-57.694373"><ele>116.232</ele><time>2026-05-05T15:09:28Z</time></trkpt><trkpt lat="-16.08329" lon="-57.694443"><ele>115.549</ele><time>2026-05-05T15:09:29Z</time></trkpt><trkpt lat="-16.083327" lon="-57.694516"><ele>115.348</ele><time>2026-05-05T15:09:30Z</time></trkpt><trkpt lat="-16.083367" lon="-57.694596"><ele>115.163</ele><time>2026-05-05T15:09:31Z</time></trkpt><trkpt lat="-16.083402" lon="-57.694668"><ele>114.821</ele><time>2026-05-05T15:09:32Z</time></trkpt><trkpt lat="-16.083445" lon="-57.694748"><ele>114.610</ele><time>2026-05-05T15:09:33Z</time></trkpt><trkpt lat="-16.083497" lon="-57.694831"><ele>114.584</ele><time>2026-05-05T15:09:34Z</time></trkpt><trkpt lat="-16.083557" lon="-57.694924"><ele>114.414</ele><time>2026-05-05T15:09:35Z</time></trkpt><trkpt lat="-16.0836" lon="-57.695001"><ele>114.271</ele><time>2026-05-05T15:09:36Z</time></trkpt><trkpt lat="-16.083642" lon="-57.695074"><ele>114.060</ele><time>2026-05-05T15:09:37Z</time></trkpt><trkpt lat="-16.083679" lon="-57.695131"><ele>113.836</ele><time>2026-05-05T15:09:38Z</time></trkpt><trkpt lat="-16.083707" lon="-57.695194"><ele>113.529</ele><time>2026-05-05T15:09:39Z</time></trkpt><trkpt lat="-16.083727" lon="-57.695241"><ele>113.056</ele><time>2026-05-05T15:09:40Z</time></trkpt><trkpt lat="-16.08375" lon="-57.695299"><ele>112.853</ele><time>2026-05-05T15:09:42Z</time></trkpt><trkpt lat="-16.083772" lon="-57.695344"><ele>112.529</ele><time>2026-05-05T15:09:45Z</time></trkpt><trkpt lat="-16.083795" lon="-57.695389"><ele>112.615</ele><time>2026-05-05T15:09:47Z</time></trkpt><trkpt lat="-16.083828" lon="-57.695452"><ele>112.607</ele><time>2026-05-05T15:09:49Z</time></trkpt><trkpt lat="-16.083858" lon="-57.695492"><ele>112.541</ele><time>2026-05-05T15:09:50Z</time></trkpt><trkpt lat="-16.08389" lon="-57.69554"><ele>112.799</ele><time>2026-05-05T15:09:51Z</time></trkpt><trkpt lat="-16.08392" lon="-57.695595"><ele>112.661</ele><time>2026-05-05T15:09:52Z</time></trkpt><trkpt lat="-16.083952" lon="-57.695648"><ele>112.785</ele><time>2026-05-05T15:09:53Z</time></trkpt><trkpt lat="-16.083985" lon="-57.695703"><ele>113.232</ele><time>2026-05-05T15:09:54Z</time></trkpt><trkpt lat="-16.08402" lon="-57.695765"><ele>113.279</ele><time>2026-05-05T15:09:55Z</time></trkpt><trkpt lat="-16.084055" lon="-57.695832"><ele>113.509</ele><time>2026-05-05T15:09:56Z</time></trkpt><trkpt lat="-16.08409" lon="-57.695904"><ele>113.624</ele><time>2026-05-05T15:09:57Z</time></trkpt><trkpt lat="-16.084128" lon="-57.695982"><ele>113.634</ele><time>2026-05-05T15:09:58Z</time></trkpt><trkpt lat="-16.08417" lon="-57.696064"><ele>113.788</ele><time>2026-05-05T15:09:59Z</time></trkpt><trkpt lat="-16.08422" lon="-57.696149"><ele>114.031</ele><time>2026-05-05T15:10:00Z</time></trkpt><trkpt lat="-16.084268" lon="-57.696234"><ele>114.266</ele><time>2026-05-05T15:10:01Z</time></trkpt><trkpt lat="-16.084315" lon="-57.696322"><ele>114.424</ele><time>2026-05-05T15:10:02Z</time></trkpt><trkpt lat="-16.084365" lon="-57.696409"><ele>114.401</ele><time>2026-05-05T15:10:03Z</time></trkpt><trkpt lat="-16.084415" lon="-57.696497"><ele>114.530</ele><time>2026-05-05T15:10:04Z</time></trkpt><trkpt lat="-16.084463" lon="-57.696584"><ele>114.644</ele><time>2026-05-05T15:10:05Z</time></trkpt><trkpt lat="-16.08451" lon="-57.696666"><ele>115.131</ele><time>2026-05-05T15:10:06Z</time></trkpt><trkpt lat="-16.084555" lon="-57.696744"><ele>115.573</ele><time>2026-05-05T15:10:07Z</time></trkpt><trkpt lat="-16.08459" lon="-57.696811"><ele>115.699</ele><time>2026-05-05T15:10:08Z</time></trkpt><trkpt lat="-16.084622" lon="-57.696871"><ele>115.624</ele><time>2026-05-05T15:10:09Z</time></trkpt><trkpt lat="-16.084645" lon="-57.696916"><ele>115.951</ele><time>2026-05-05T15:10:10Z</time></trkpt><trkpt lat="-16.084665" lon="-57.696961"><ele>116.249</ele><time>2026-05-05T15:10:12Z</time></trkpt><trkpt lat="-16.084687" lon="-57.697009"><ele>116.886</ele><time>2026-05-05T15:10:14Z</time></trkpt><trkpt lat="-16.084715" lon="-57.697064"><ele>116.839</ele><time>2026-05-05T15:10:16Z</time></trkpt><trkpt lat="-16.08474" lon="-57.697117"><ele>116.639</ele><time>2026-05-05T15:10:18Z</time></trkpt><trkpt lat="-16.084762" lon="-57.697162"><ele>116.420</ele><time>2026-05-05T15:10:20Z</time></trkpt><trkpt lat="-16.084805" lon="-57.69723"><ele>116.570</ele><time>2026-05-05T15:10:29Z</time></trkpt><trkpt lat="-16.084832" lon="-57.697283"><ele>116.427</ele><time>2026-05-05T15:10:31Z</time></trkpt><trkpt lat="-16.084864" lon="-57.697336"><ele>116.121</ele><time>2026-05-05T15:10:33Z</time></trkpt><trkpt lat="-16.084907" lon="-57.697378"><ele>115.770</ele><time>2026-05-05T15:10:35Z</time></trkpt><trkpt lat="-16.084969" lon="-57.6974"><ele>115.686</ele><time>2026-05-05T15:10:37Z</time></trkpt><trkpt lat="-16.085052" lon="-57.69739"><ele>114.736</ele><time>2026-05-05T15:10:39Z</time></trkpt><trkpt lat="-16.085125" lon="-57.69735"><ele>114.002</ele><time>2026-05-05T15:10:41Z</time></trkpt><trkpt lat="-16.08517" lon="-57.697327"><ele>113.455</ele><time>2026-05-05T15:10:42Z</time></trkpt><trkpt lat="-16.085225" lon="-57.697297"><ele>113.401</ele><time>2026-05-05T15:10:43Z</time></trkpt><trkpt lat="-16.085287" lon="-57.697262"><ele>113.425</ele><time>2026-05-05T15:10:44Z</time></trkpt><trkpt lat="-16.08535" lon="-57.697225"><ele>113.431</ele><time>2026-05-05T15:10:45Z</time></trkpt><trkpt lat="-16.085415" lon="-57.697187"><ele>113.420</ele><time>2026-05-05T15:10:46Z</time></trkpt><trkpt lat="-16.085478" lon="-57.697152"><ele>113.302</ele><time>2026-05-05T15:10:47Z</time></trkpt><trkpt lat="-16.085538" lon="-57.697117"><ele>113.278</ele><time>2026-05-05T15:10:48Z</time></trkpt><trkpt lat="-16.085595" lon="-57.697084"><ele>113.185</ele><time>2026-05-05T15:10:49Z</time></trkpt><trkpt lat="-16.085642" lon="-57.697056"><ele>113.151</ele><time>2026-05-05T15:10:50Z</time></trkpt><trkpt lat="-16.085709" lon="-57.697014"><ele>113.107</ele><time>2026-05-05T15:10:52Z</time></trkpt><trkpt lat="-16.085759" lon="-57.696984"><ele>113.271</ele><time>2026-05-05T15:10:55Z</time></trkpt><trkpt lat="-16.085809" lon="-57.696956"><ele>113.756</ele><time>2026-05-05T15:10:58Z</time></trkpt><trkpt lat="-16.085857" lon="-57.696934"><ele>114.091</ele><time>2026-05-05T15:11:00Z</time></trkpt><trkpt lat="-16.085924" lon="-57.696891"><ele>114.436</ele><time>2026-05-05T15:11:02Z</time></trkpt><trkpt lat="-16.086009" lon="-57.696841"><ele>114.664</ele><time>2026-05-05T15:11:04Z</time></trkpt><trkpt lat="-16.086061" lon="-57.696811"><ele>114.672</ele><time>2026-05-05T15:11:05Z</time></trkpt><trkpt lat="-16.086119" lon="-57.696776"><ele>114.576</ele><time>2026-05-05T15:11:06Z</time></trkpt><trkpt lat="-16.086182" lon="-57.696736"><ele>114.569</ele><time>2026-05-05T15:11:07Z</time></trkpt><trkpt lat="-16.086249" lon="-57.696698"><ele>114.559</ele><time>2026-05-05T15:11:08Z</time></trkpt><trkpt lat="-16.086316" lon="-57.696658"><ele>114.497</ele><time>2026-05-05T15:11:09Z</time></trkpt><trkpt lat="-16.086386" lon="-57.696621"><ele>114.216</ele><time>2026-05-05T15:11:10Z</time></trkpt><trkpt lat="-16.086459" lon="-57.696579"><ele>114.021</ele><time>2026-05-05T15:11:11Z</time></trkpt><trkpt lat="-16.086541" lon="-57.696539"><ele>113.886</ele><time>2026-05-05T15:11:12Z</time></trkpt><trkpt lat="-16.086624" lon="-57.696497"><ele>113.665</ele><time>2026-05-05T15:11:13Z</time></trkpt><trkpt lat="-16.086709" lon="-57.696454"><ele>113.560</ele><time>2026-05-05T15:11:14Z</time></trkpt><trkpt lat="-16.086791" lon="-57.696409"><ele>113.557</ele><time>2026-05-05T15:11:15Z</time></trkpt><trkpt lat="-16.086866" lon="-57.696366"><ele>113.758</ele><time>2026-05-05T15:11:16Z</time></trkpt><trkpt lat="-16.086934" lon="-57.696324"><ele>113.726</ele><time>2026-05-05T15:11:17Z</time></trkpt><trkpt lat="-16.086994" lon="-57.696289"><ele>113.610</ele><time>2026-05-05T15:11:18Z</time></trkpt><trkpt lat="-16.087039" lon="-57.696261"><ele>113.381</ele><time>2026-05-05T15:11:19Z</time></trkpt><trkpt lat="-16.087091" lon="-57.696229"><ele>112.795</ele><time>2026-05-05T15:11:21Z</time></trkpt><trkpt lat="-16.087141" lon="-57.696202"><ele>112.527</ele><time>2026-05-05T15:11:23Z</time></trkpt><trkpt lat="-16.087218" lon="-57.696164"><ele>112.463</ele><time>2026-05-05T15:11:25Z</time></trkpt><trkpt lat="-16.087268" lon="-57.696136"><ele>112.429</ele><time>2026-05-05T15:11:26Z</time></trkpt><trkpt lat="-16.087323" lon="-57.696106"><ele>112.447</ele><time>2026-05-05T15:11:27Z</time></trkpt><trkpt lat="-16.087381" lon="-57.696076"><ele>112.373</ele><time>2026-05-05T15:11:28Z</time></trkpt><trkpt lat="-16.087439" lon="-57.696053"><ele>112.326</ele><time>2026-05-05T15:11:29Z</time></trkpt><trkpt lat="-16.087499" lon="-57.696041"><ele>112.440</ele><time>2026-05-05T15:11:30Z</time></trkpt><trkpt lat="-16.087562" lon="-57.696049"><ele>112.341</ele><time>2026-05-05T15:11:31Z</time></trkpt><trkpt lat="-16.08762" lon="-57.696067"><ele>112.327</ele><time>2026-05-05T15:11:32Z</time></trkpt><trkpt lat="-16.087668" lon="-57.696084"><ele>112.227</ele><time>2026-05-05T15:11:33Z</time></trkpt><trkpt lat="-16.087745" lon="-57.696107"><ele>111.822</ele><time>2026-05-05T15:11:35Z</time></trkpt><trkpt lat="-16.087828" lon="-57.696127"><ele>111.234</ele><time>2026-05-05T15:11:37Z</time></trkpt><trkpt lat="-16.087881" lon="-57.696145"><ele>111.191</ele><time>2026-05-05T15:11:38Z</time></trkpt><trkpt lat="-16.087938" lon="-57.696162"><ele>111.003</ele><time>2026-05-05T15:11:39Z</time></trkpt><trkpt lat="-16.088006" lon="-57.69619"><ele>110.937</ele><time>2026-05-05T15:11:40Z</time></trkpt><trkpt lat="-16.088076" lon="-57.696208"><ele>110.666</ele><time>2026-05-05T15:11:41Z</time></trkpt><trkpt lat="-16.088154" lon="-57.696226"><ele>110.450</ele><time>2026-05-05T15:11:42Z</time></trkpt><trkpt lat="-16.088229" lon="-57.696248"><ele>110.465</ele><time>2026-05-05T15:11:43Z</time></trkpt><trkpt lat="-16.088302" lon="-57.696265"><ele>110.407</ele><time>2026-05-05T15:11:44Z</time></trkpt><trkpt lat="-16.088375" lon="-57.696283"><ele>110.473</ele><time>2026-05-05T15:11:45Z</time></trkpt><trkpt lat="-16.088453" lon="-57.696303"><ele>110.476</ele><time>2026-05-05T15:11:46Z</time></trkpt><trkpt lat="-16.088526" lon="-57.696325"><ele>110.274</ele><time>2026-05-05T15:11:47Z</time></trkpt><trkpt lat="-16.088594" lon="-57.696347"><ele>109.911</ele><time>2026-05-05T15:11:48Z</time></trkpt><trkpt lat="-16.088667" lon="-57.696367"><ele>109.714</ele><time>2026-05-05T15:11:49Z</time></trkpt><trkpt lat="-16.08874" lon="-57.696384"><ele>109.582</ele><time>2026-05-05T15:11:50Z</time></trkpt><trkpt lat="-16.088815" lon="-57.696401"><ele>109.447</ele><time>2026-05-05T15:11:51Z</time></trkpt><trkpt lat="-16.08889" lon="-57.696419"><ele>109.309</ele><time>2026-05-05T15:11:52Z</time></trkpt><trkpt lat="-16.088963" lon="-57.696436"><ele>109.194</ele><time>2026-05-05T15:11:53Z</time></trkpt><trkpt lat="-16.089036" lon="-57.696451"><ele>109.017</ele><time>2026-05-05T15:11:54Z</time></trkpt><trkpt lat="-16.089109" lon="-57.696468"><ele>108.843</ele><time>2026-05-05T15:11:55Z</time></trkpt><trkpt lat="-16.089181" lon="-57.696485"><ele>108.515</ele><time>2026-05-05T15:11:56Z</time></trkpt><trkpt lat="-16.089256" lon="-57.6965"><ele>108.190</ele><time>2026-05-05T15:11:57Z</time></trkpt><trkpt lat="-16.089329" lon="-57.696515"><ele>107.924</ele><time>2026-05-05T15:11:58Z</time></trkpt><trkpt lat="-16.089404" lon="-57.696525"><ele>107.971</ele><time>2026-05-05T15:11:59Z</time></trkpt><trkpt lat="-16.089481" lon="-57.69653"><ele>107.931</ele><time>2026-05-05T15:12:00Z</time></trkpt><trkpt lat="-16.089556" lon="-57.696558"><ele>107.923</ele><time>2026-05-05T15:12:01Z</time></trkpt><trkpt lat="-16.089628" lon="-57.696588"><ele>107.982</ele><time>2026-05-05T15:12:02Z</time></trkpt><trkpt lat="-16.089701" lon="-57.696616"><ele>107.933</ele><time>2026-05-05T15:12:03Z</time></trkpt><trkpt lat="-16.089771" lon="-57.696646"><ele>107.999</ele><time>2026-05-05T15:12:04Z</time></trkpt><trkpt lat="-16.089841" lon="-57.696664"><ele>108.026</ele><time>2026-05-05T15:12:05Z</time></trkpt><trkpt lat="-16.089911" lon="-57.696681"><ele>108.349</ele><time>2026-05-05T15:12:06Z</time></trkpt><trkpt lat="-16.089986" lon="-57.696696"><ele>108.677</ele><time>2026-05-05T15:12:07Z</time></trkpt><trkpt lat="-16.090064" lon="-57.696714"><ele>108.737</ele><time>2026-05-05T15:12:08Z</time></trkpt><trkpt lat="-16.090144" lon="-57.696724"><ele>108.743</ele><time>2026-05-05T15:12:09Z</time></trkpt><trkpt lat="-16.090226" lon="-57.696746"><ele>108.439</ele><time>2026-05-05T15:12:10Z</time></trkpt><trkpt lat="-16.090303" lon="-57.696764"><ele>108.221</ele><time>2026-05-05T15:12:11Z</time></trkpt><trkpt lat="-16.090381" lon="-57.696784"><ele>108.275</ele><time>2026-05-05T15:12:12Z</time></trkpt><trkpt lat="-16.090453" lon="-57.696804"><ele>108.315</ele><time>2026-05-05T15:12:13Z</time></trkpt><trkpt lat="-16.09053" lon="-57.696817"><ele>108.475</ele><time>2026-05-05T15:12:14Z</time></trkpt><trkpt lat="-16.090603" lon="-57.696827"><ele>108.465</ele><time>2026-05-05T15:12:15Z</time></trkpt><trkpt lat="-16.090676" lon="-57.696825"><ele>108.470</ele><time>2026-05-05T15:12:16Z</time></trkpt><trkpt lat="-16.090754" lon="-57.696827"><ele>108.591</ele><time>2026-05-05T15:12:17Z</time></trkpt><trkpt lat="-16.090831" lon="-57.696825"><ele>108.424</ele><time>2026-05-05T15:12:18Z</time></trkpt><trkpt lat="-16.090899" lon="-57.696827"><ele>108.511</ele><time>2026-05-05T15:12:19Z</time></trkpt><trkpt lat="-16.090972" lon="-57.696819"><ele>108.660</ele><time>2026-05-05T15:12:20Z</time></trkpt><trkpt lat="-16.091042" lon="-57.696819"><ele>108.730</ele><time>2026-05-05T15:12:21Z</time></trkpt><trkpt lat="-16.091102" lon="-57.696811"><ele>108.927</ele><time>2026-05-05T15:12:22Z</time></trkpt><trkpt lat="-16.091149" lon="-57.696811"><ele>109.309</ele><time>2026-05-05T15:12:23Z</time></trkpt><trkpt lat="-16.091197" lon="-57.696791"><ele>109.711</ele><time>2026-05-05T15:12:26Z</time></trkpt><trkpt lat="-16.091244" lon="-57.696774"><ele>109.978</ele><time>2026-05-05T15:12:28Z</time></trkpt><trkpt lat="-16.091326" lon="-57.696757"><ele>110.259</ele><time>2026-05-05T15:12:30Z</time></trkpt><trkpt lat="-16.091378" lon="-57.696747"><ele>110.459</ele><time>2026-05-05T15:12:31Z</time></trkpt><trkpt lat="-16.09144" lon="-57.696737"><ele>110.598</ele><time>2026-05-05T15:12:32Z</time></trkpt><trkpt lat="-16.091498" lon="-57.696725"><ele>110.519</ele><time>2026-05-05T15:12:33Z</time></trkpt><trkpt lat="-16.091563" lon="-57.696713"><ele>110.438</ele><time>2026-05-05T15:12:34Z</time></trkpt><trkpt lat="-16.091635" lon="-57.696703"><ele>110.524</ele><time>2026-05-05T15:12:35Z</time></trkpt><trkpt lat="-16.091712" lon="-57.696691"><ele>110.563</ele><time>2026-05-05T15:12:36Z</time></trkpt><trkpt lat="-16.091792" lon="-57.696678"><ele>111.036</ele><time>2026-05-05T15:12:37Z</time></trkpt><trkpt lat="-16.091864" lon="-57.696666"><ele>111.330</ele><time>2026-05-05T15:12:38Z</time></trkpt><trkpt lat="-16.091926" lon="-57.696656"><ele>111.465</ele><time>2026-05-05T15:12:39Z</time></trkpt><trkpt lat="-16.091971" lon="-57.696649"><ele>111.527</ele><time>2026-05-05T15:12:40Z</time></trkpt><trkpt lat="-16.092024" lon="-57.696641"><ele>111.721</ele><time>2026-05-05T15:12:42Z</time></trkpt><trkpt lat="-16.092094" lon="-57.696624"><ele>111.913</ele><time>2026-05-05T15:12:45Z</time></trkpt><trkpt lat="-16.092171" lon="-57.696621"><ele>112.137</ele><time>2026-05-05T15:12:47Z</time></trkpt><trkpt lat="-16.092273" lon="-57.696624"><ele>112.103</ele><time>2026-05-05T15:12:49Z</time></trkpt><trkpt lat="-16.092341" lon="-57.696606"><ele>112.108</ele><time>2026-05-05T15:12:50Z</time></trkpt><trkpt lat="-16.092416" lon="-57.696584"><ele>111.963</ele><time>2026-05-05T15:12:51Z</time></trkpt><trkpt lat="-16.092484" lon="-57.696574"><ele>111.817</ele><time>2026-05-05T15:12:52Z</time></trkpt><trkpt lat="-16.092559" lon="-57.696561"><ele>111.740</ele><time>2026-05-05T15:12:53Z</time></trkpt><trkpt lat="-16.092659" lon="-57.696554"><ele>111.696</ele><time>2026-05-05T15:12:54Z</time></trkpt><trkpt lat="-16.092757" lon="-57.696547"><ele>111.655</ele><time>2026-05-05T15:12:55Z</time></trkpt><trkpt lat="-16.092855" lon="-57.696549"><ele>111.679</ele><time>2026-05-05T15:12:56Z</time></trkpt><trkpt lat="-16.092953" lon="-57.696547"><ele>111.181</ele><time>2026-05-05T15:12:57Z</time></trkpt><trkpt lat="-16.093068" lon="-57.696549"><ele>110.789</ele><time>2026-05-05T15:12:58Z</time></trkpt><trkpt lat="-16.093175" lon="-57.696556"><ele>110.733</ele><time>2026-05-05T15:12:59Z</time></trkpt><trkpt lat="-16.093273" lon="-57.696563"><ele>110.643</ele><time>2026-05-05T15:13:00Z</time></trkpt><trkpt lat="-16.093368" lon="-57.696573"><ele>110.568</ele><time>2026-05-05T15:13:01Z</time></trkpt><trkpt lat="-16.093461" lon="-57.696578"><ele>110.470</ele><time>2026-05-05T15:13:02Z</time></trkpt><trkpt lat="-16.093548" lon="-57.696573"><ele>110.315</ele><time>2026-05-05T15:13:03Z</time></trkpt><trkpt lat="-16.093638" lon="-57.696576"><ele>110.206</ele><time>2026-05-05T15:13:04Z</time></trkpt><trkpt lat="-16.093725" lon="-57.696579"><ele>110.203</ele><time>2026-05-05T15:13:05Z</time></trkpt><trkpt lat="-16.093813" lon="-57.696581"><ele>110.131</ele><time>2026-05-05T15:13:06Z</time></trkpt><trkpt lat="-16.093888" lon="-57.696581"><ele>109.862</ele><time>2026-05-05T15:13:07Z</time></trkpt><trkpt lat="-16.093943" lon="-57.696578"><ele>109.531</ele><time>2026-05-05T15:13:08Z</time></trkpt><trkpt lat="-16.09402" lon="-57.696545"><ele>109.357</ele><time>2026-05-05T15:13:10Z</time></trkpt><trkpt lat="-16.094053" lon="-57.696465"><ele>109.184</ele><time>2026-05-05T15:13:12Z</time></trkpt><trkpt lat="-16.094068" lon="-57.696413"><ele>109.084</ele><time>2026-05-05T15:13:13Z</time></trkpt><trkpt lat="-16.09409" lon="-57.696355"><ele>108.908</ele><time>2026-05-05T15:13:14Z</time></trkpt><trkpt lat="-16.094112" lon="-57.69629"><ele>108.891</ele><time>2026-05-05T15:13:15Z</time></trkpt><trkpt lat="-16.094137" lon="-57.696225"><ele>108.770</ele><time>2026-05-05T15:13:16Z</time></trkpt><trkpt lat="-16.094164" lon="-57.696162"><ele>108.784</ele><time>2026-05-05T15:13:17Z</time></trkpt><trkpt lat="-16.094189" lon="-57.696095"><ele>108.710</ele><time>2026-05-05T15:13:18Z</time></trkpt><trkpt lat="-16.094212" lon="-57.69603"><ele>108.696</ele><time>2026-05-05T15:13:19Z</time></trkpt><trkpt lat="-16.094234" lon="-57.695972"><ele>108.691</ele><time>2026-05-05T15:13:20Z</time></trkpt><trkpt lat="-16.094252" lon="-57.695925"><ele>108.675</ele><time>2026-05-05T15:13:21Z</time></trkpt><trkpt lat="-16.094279" lon="-57.695863"><ele>108.713</ele><time>2026-05-05T15:13:23Z</time></trkpt><trkpt lat="-16.094329" lon="-57.695841"><ele>108.817</ele><time>2026-05-05T15:13:25Z</time></trkpt><trkpt lat="-16.094392" lon="-57.695871"><ele>109.158</ele><time>2026-05-05T15:13:27Z</time></trkpt><trkpt lat="-16.094469" lon="-57.695916"><ele>109.838</ele><time>2026-05-05T15:13:29Z</time></trkpt><trkpt lat="-16.094519" lon="-57.695946"><ele>110.390</ele><time>2026-05-05T15:13:30Z</time></trkpt><trkpt lat="-16.094577" lon="-57.695971"><ele>110.722</ele><time>2026-05-05T15:13:31Z</time></trkpt><trkpt lat="-16.094632" lon="-57.695994"><ele>110.947</ele><time>2026-05-05T15:13:32Z</time></trkpt><trkpt lat="-16.094682" lon="-57.696019"><ele>110.905</ele><time>2026-05-05T15:13:33Z</time></trkpt><trkpt lat="-16.094737" lon="-57.696042"><ele>110.924</ele><time>2026-05-05T15:13:34Z</time></trkpt><trkpt lat="-16.094809" lon="-57.696064"><ele>110.914</ele><time>2026-05-05T15:13:35Z</time></trkpt><trkpt lat="-16.094874" lon="-57.696089"><ele>110.809</ele><time>2026-05-05T15:13:36Z</time></trkpt><trkpt lat="-16.094937" lon="-57.696119"><ele>110.854</ele><time>2026-05-05T15:13:37Z</time></trkpt><trkpt lat="-16.095" lon="-57.696144"><ele>110.581</ele><time>2026-05-05T15:13:38Z</time></trkpt><trkpt lat="-16.095067" lon="-57.696169"><ele>109.907</ele><time>2026-05-05T15:13:39Z</time></trkpt><trkpt lat="-16.095132" lon="-57.696194"><ele>109.401</ele><time>2026-05-05T15:13:40Z</time></trkpt><trkpt lat="-16.09519" lon="-57.696212"><ele>109.499</ele><time>2026-05-05T15:13:41Z</time></trkpt><trkpt lat="-16.095242" lon="-57.696232"><ele>109.630</ele><time>2026-05-05T15:13:42Z</time></trkpt><trkpt lat="-16.0953" lon="-57.696257"><ele>109.692</ele><time>2026-05-05T15:13:43Z</time></trkpt><trkpt lat="-16.095343" lon="-57.696275"><ele>109.741</ele><time>2026-05-05T15:13:44Z</time></trkpt><trkpt lat="-16.095383" lon="-57.696298"><ele>110.298</ele><time>2026-05-05T15:13:46Z</time></trkpt><trkpt lat="-16.095408" lon="-57.696351"><ele>110.503</ele><time>2026-05-05T15:13:49Z</time></trkpt><trkpt lat="-16.095393" lon="-57.696416"><ele>110.737</ele><time>2026-05-05T15:13:51Z</time></trkpt><trkpt lat="-16.095353" lon="-57.696478"><ele>110.778</ele><time>2026-05-05T15:13:53Z</time></trkpt><trkpt lat="-16.095308" lon="-57.696548"><ele>110.511</ele><time>2026-05-05T15:13:55Z</time></trkpt><trkpt lat="-16.095273" lon="-57.696635"><ele>110.729</ele><time>2026-05-05T15:13:57Z</time></trkpt><trkpt lat="-16.09526" lon="-57.696682"><ele>110.825</ele><time>2026-05-05T15:13:58Z</time></trkpt><trkpt lat="-16.095242" lon="-57.696762"><ele>110.818</ele><time>2026-05-05T15:14:00Z</time></trkpt><trkpt lat="-16.095205" lon="-57.696807"><ele>110.710</ele><time>2026-05-05T15:14:02Z</time></trkpt><trkpt lat="-16.095143" lon="-57.696825"><ele>110.755</ele><time>2026-05-05T15:14:04Z</time></trkpt><trkpt lat="-16.095061" lon="-57.69682"><ele>110.951</ele><time>2026-05-05T15:14:06Z</time></trkpt><trkpt lat="-16.094978" lon="-57.696802"><ele>110.950</ele><time>2026-05-05T15:14:08Z</time></trkpt><trkpt lat="-16.094908" lon="-57.696782"><ele>110.957</ele><time>2026-05-05T15:14:10Z</time></trkpt><trkpt lat="-16.094868" lon="-57.696759"><ele>111.115</ele><time>2026-05-05T15:14:12Z</time></trkpt><trkpt lat="-16.094816" lon="-57.696742"><ele>111.251</ele><time>2026-05-05T15:14:15Z</time></trkpt><trkpt lat="-16.094773" lon="-57.696722"><ele>111.331</ele><time>2026-05-05T15:14:17Z</time></trkpt><trkpt lat="-16.094731" lon="-57.696695"><ele>108.133</ele><time>2026-05-05T15:15:04Z</time></trkpt><trkpt lat="-16.094681" lon="-57.696692"><ele>110.037</ele><time>2026-05-05T15:17:37Z</time></trkpt><trkpt lat="-16.094634" lon="-57.696689"><ele>110.163</ele><time>2026-05-05T15:17:40Z</time></trkpt><trkpt lat="-16.094576" lon="-57.696686"><ele>110.334</ele><time>2026-05-05T15:17:43Z</time></trkpt><trkpt lat="-16.094528" lon="-57.696684"><ele>110.629</ele><time>2026-05-05T15:17:45Z</time></trkpt><trkpt lat="-16.094476" lon="-57.696671"><ele>111.102</ele><time>2026-05-05T15:17:47Z</time></trkpt><trkpt lat="-16.094414" lon="-57.696651"><ele>111.618</ele><time>2026-05-05T15:17:49Z</time></trkpt><trkpt lat="-16.094331" lon="-57.696638"><ele>111.770</ele><time>2026-05-05T15:17:51Z</time></trkpt><trkpt lat="-16.094244" lon="-57.69662"><ele>111.593</ele><time>2026-05-05T15:17:53Z</time></trkpt><trkpt lat="-16.094197" lon="-57.696605"><ele>111.271</ele><time>2026-05-05T15:17:54Z</time></trkpt><trkpt lat="-16.09412" lon="-57.696592"><ele>110.546</ele><time>2026-05-05T15:17:56Z</time></trkpt><trkpt lat="-16.094065" lon="-57.696589"><ele>110.009</ele><time>2026-05-05T15:17:58Z</time></trkpt><trkpt lat="-16.094017" lon="-57.696584"><ele>110.038</ele><time>2026-05-05T15:18:00Z</time></trkpt><trkpt lat="-16.093967" lon="-57.696574"><ele>109.918</ele><time>2026-05-05T15:18:02Z</time></trkpt><trkpt lat="-16.093887" lon="-57.696564"><ele>109.979</ele><time>2026-05-05T15:18:04Z</time></trkpt><trkpt lat="-16.093842" lon="-57.696559"><ele>110.142</ele><time>2026-05-05T15:18:05Z</time></trkpt><trkpt lat="-16.093787" lon="-57.696552"><ele>110.057</ele><time>2026-05-05T15:18:06Z</time></trkpt><trkpt lat="-16.093725" lon="-57.69654"><ele>110.238</ele><time>2026-05-05T15:18:07Z</time></trkpt><trkpt lat="-16.09366" lon="-57.696532"><ele>110.688</ele><time>2026-05-05T15:18:08Z</time></trkpt><trkpt lat="-16.093592" lon="-57.696524"><ele>111.178</ele><time>2026-05-05T15:18:09Z</time></trkpt><trkpt lat="-16.093519" lon="-57.696519"><ele>111.486</ele><time>2026-05-05T15:18:10Z</time></trkpt><trkpt lat="-16.093442" lon="-57.696516"><ele>111.587</ele><time>2026-05-05T15:18:11Z</time></trkpt><trkpt lat="-16.093362" lon="-57.696513"><ele>111.477</ele><time>2026-05-05T15:18:12Z</time></trkpt><trkpt lat="-16.093274" lon="-57.696508"><ele>111.492</ele><time>2026-05-05T15:18:13Z</time></trkpt><trkpt lat="-16.093177" lon="-57.6965"><ele>111.438</ele><time>2026-05-05T15:18:14Z</time></trkpt><trkpt lat="-16.093074" lon="-57.696495"><ele>111.561</ele><time>2026-05-05T15:18:15Z</time></trkpt><trkpt lat="-16.092971" lon="-57.696497"><ele>111.542</ele><time>2026-05-05T15:18:16Z</time></trkpt><trkpt lat="-16.092868" lon="-57.696509"><ele>111.547</ele><time>2026-05-05T15:18:17Z</time></trkpt><trkpt lat="-16.092766" lon="-57.696524"><ele>111.542</ele><time>2026-05-05T15:18:18Z</time></trkpt><trkpt lat="-16.092668" lon="-57.696541"><ele>111.642</ele><time>2026-05-05T15:18:19Z</time></trkpt><trkpt lat="-16.092565" lon="-57.696554"><ele>111.668</ele><time>2026-05-05T15:18:20Z</time></trkpt><trkpt lat="-16.092462" lon="-57.696569"><ele>111.511</ele><time>2026-05-05T15:18:21Z</time></trkpt><trkpt lat="-16.092359" lon="-57.696587"><ele>111.249</ele><time>2026-05-05T15:18:22Z</time></trkpt><trkpt lat="-16.092257" lon="-57.696602"><ele>111.078</ele><time>2026-05-05T15:18:23Z</time></trkpt><trkpt lat="-16.092159" lon="-57.696622"><ele>111.046</ele><time>2026-05-05T15:18:24Z</time></trkpt><trkpt lat="-16.092069" lon="-57.696635"><ele>110.963</ele><time>2026-05-05T15:18:25Z</time></trkpt><trkpt lat="-16.091992" lon="-57.696647"><ele>110.904</ele><time>2026-05-05T15:18:26Z</time></trkpt><trkpt lat="-16.09193" lon="-57.696649"><ele>110.943</ele><time>2026-05-05T15:18:27Z</time></trkpt><trkpt lat="-16.091875" lon="-57.696652"><ele>111.072</ele><time>2026-05-05T15:18:29Z</time></trkpt><trkpt lat="-16.091808" lon="-57.696665"><ele>111.190</ele><time>2026-05-05T15:18:33Z</time></trkpt><trkpt lat="-16.091716" lon="-57.696677"><ele>111.320</ele><time>2026-05-05T15:18:35Z</time></trkpt><trkpt lat="-16.091666" lon="-57.696687"><ele>111.475</ele><time>2026-05-05T15:18:36Z</time></trkpt><trkpt lat="-16.091608" lon="-57.696694"><ele>111.499</ele><time>2026-05-05T15:18:37Z</time></trkpt><trkpt lat="-16.091546" lon="-57.696702"><ele>111.101</ele><time>2026-05-05T15:18:38Z</time></trkpt><trkpt lat="-16.091481" lon="-57.69671"><ele>111.072</ele><time>2026-05-05T15:18:39Z</time></trkpt><trkpt lat="-16.091414" lon="-57.696717"><ele>110.929</ele><time>2026-05-05T15:18:40Z</time></trkpt><trkpt lat="-16.091351" lon="-57.696725"><ele>110.856</ele><time>2026-05-05T15:18:41Z</time></trkpt><trkpt lat="-16.091289" lon="-57.696733"><ele>110.773</ele><time>2026-05-05T15:18:42Z</time></trkpt><trkpt lat="-16.091232" lon="-57.696741"><ele>110.522</ele><time>2026-05-05T15:18:43Z</time></trkpt><trkpt lat="-16.091179" lon="-57.696748"><ele>110.390</ele><time>2026-05-05T15:18:44Z</time></trkpt><trkpt lat="-16.091102" lon="-57.696763"><ele>110.044</ele><time>2026-05-05T15:18:46Z</time></trkpt><trkpt lat="-16.09104" lon="-57.696766"><ele>109.922</ele><time>2026-05-05T15:18:49Z</time></trkpt><trkpt lat="-16.090968" lon="-57.696778"><ele>109.753</ele><time>2026-05-05T15:18:52Z</time></trkpt><trkpt lat="-16.090885" lon="-57.696793"><ele>109.592</ele><time>2026-05-05T15:18:54Z</time></trkpt><trkpt lat="-16.090835" lon="-57.6968"><ele>109.436</ele><time>2026-05-05T15:18:55Z</time></trkpt><trkpt lat="-16.090782" lon="-57.696803"><ele>109.463</ele><time>2026-05-05T15:18:56Z</time></trkpt><trkpt lat="-16.090737" lon="-57.696806"><ele>109.450</ele><time>2026-05-05T15:18:57Z</time></trkpt><trkpt lat="-16.090684" lon="-57.696808"><ele>109.488</ele><time>2026-05-05T15:18:58Z</time></trkpt><trkpt lat="-16.090629" lon="-57.696811"><ele>109.459</ele><time>2026-05-05T15:18:59Z</time></trkpt><trkpt lat="-16.090572" lon="-57.696813"><ele>109.411</ele><time>2026-05-05T15:19:00Z</time></trkpt><trkpt lat="-16.090514" lon="-57.696813"><ele>109.439</ele><time>2026-05-05T15:19:01Z</time></trkpt><trkpt lat="-16.090462" lon="-57.69681"><ele>109.310</ele><time>2026-05-05T15:19:02Z</time></trkpt><trkpt lat="-16.090417" lon="-57.696798"><ele>109.221</ele><time>2026-05-05T15:19:03Z</time></trkpt><trkpt lat="-16.090369" lon="-57.696786"><ele>109.101</ele><time>2026-05-05T15:19:04Z</time></trkpt><trkpt lat="-16.090322" lon="-57.696771"><ele>109.076</ele><time>2026-05-05T15:19:05Z</time></trkpt><trkpt lat="-16.090272" lon="-57.696763"><ele>109.081</ele><time>2026-05-05T15:19:06Z</time></trkpt><trkpt lat="-16.090215" lon="-57.696753"><ele>109.043</ele><time>2026-05-05T15:19:07Z</time></trkpt><trkpt lat="-16.090155" lon="-57.696741"><ele>108.912</ele><time>2026-05-05T15:19:08Z</time></trkpt><trkpt lat="-16.090095" lon="-57.696729"><ele>108.725</ele><time>2026-05-05T15:19:09Z</time></trkpt><trkpt lat="-16.09004" lon="-57.696716"><ele>108.638</ele><time>2026-05-05T15:19:10Z</time></trkpt><trkpt lat="-16.089985" lon="-57.696704"><ele>108.678</ele><time>2026-05-05T15:19:11Z</time></trkpt><trkpt lat="-16.08993" lon="-57.696694"><ele>108.537</ele><time>2026-05-05T15:19:12Z</time></trkpt><trkpt lat="-16.08987" lon="-57.696682"><ele>108.469</ele><time>2026-05-05T15:19:13Z</time></trkpt><trkpt lat="-16.089815" lon="-57.69667"><ele>108.425</ele><time>2026-05-05T15:19:14Z</time></trkpt><trkpt lat="-16.089753" lon="-57.696653"><ele>108.408</ele><time>2026-05-05T15:19:15Z</time></trkpt><trkpt lat="-16.08969" lon="-57.696635"><ele>108.437</ele><time>2026-05-05T15:19:16Z</time></trkpt><trkpt lat="-16.089623" lon="-57.696613"><ele>108.454</ele><time>2026-05-05T15:19:17Z</time></trkpt><trkpt lat="-16.089553" lon="-57.696591"><ele>108.368</ele><time>2026-05-05T15:19:18Z</time></trkpt><trkpt lat="-16.089475" lon="-57.696569"><ele>108.215</ele><time>2026-05-05T15:19:19Z</time></trkpt><trkpt lat="-16.089395" lon="-57.696547"><ele>108.216</ele><time>2026-05-05T15:19:20Z</time></trkpt><trkpt lat="-16.089312" lon="-57.696525"><ele>108.241</ele><time>2026-05-05T15:19:21Z</time></trkpt><trkpt lat="-16.089227" lon="-57.696505"><ele>108.429</ele><time>2026-05-05T15:19:22Z</time></trkpt><trkpt lat="-16.089145" lon="-57.696485"><ele>108.664</ele><time>2026-05-05T15:19:23Z</time></trkpt><trkpt lat="-16.089063" lon="-57.696463"><ele>108.736</ele><time>2026-05-05T15:19:24Z</time></trkpt><trkpt lat="-16.088981" lon="-57.696443"><ele>108.717</ele><time>2026-05-05T15:19:25Z</time></trkpt><trkpt lat="-16.088896" lon="-57.696425"><ele>108.710</ele><time>2026-05-05T15:19:26Z</time></trkpt><trkpt lat="-16.088811" lon="-57.696405"><ele>108.874</ele><time>2026-05-05T15:19:27Z</time></trkpt><trkpt lat="-16.088724" lon="-57.696382"><ele>109.088</ele><time>2026-05-05T15:19:28Z</time></trkpt><trkpt lat="-16.088636" lon="-57.696359"><ele>109.264</ele><time>2026-05-05T15:19:29Z</time></trkpt><trkpt lat="-16.088549" lon="-57.696337"><ele>109.400</ele><time>2026-05-05T15:19:30Z</time></trkpt><trkpt lat="-16.088462" lon="-57.696314"><ele>109.693</ele><time>2026-05-05T15:19:31Z</time></trkpt><trkpt lat="-16.088375" lon="-57.696291"><ele>109.868</ele><time>2026-05-05T15:19:32Z</time></trkpt><trkpt lat="-16.088285" lon="-57.696273"><ele>110.046</ele><time>2026-05-05T15:19:33Z</time></trkpt><trkpt lat="-16.088193" lon="-57.696256"><ele>110.128</ele><time>2026-05-05T15:19:34Z</time></trkpt><trkpt lat="-16.088103" lon="-57.696229"><ele>110.130</ele><time>2026-05-05T15:19:35Z</time></trkpt><trkpt lat="-16.088016" lon="-57.696199"><ele>110.090</ele><time>2026-05-05T15:19:36Z</time></trkpt><trkpt lat="-16.087929" lon="-57.696172"><ele>110.095</ele><time>2026-05-05T15:19:37Z</time></trkpt><trkpt lat="-16.087849" lon="-57.696152"><ele>110.085</ele><time>2026-05-05T15:19:38Z</time></trkpt><trkpt lat="-16.087777" lon="-57.696135"><ele>110.143</ele><time>2026-05-05T15:19:39Z</time></trkpt><trkpt lat="-16.087719" lon="-57.696117"><ele>110.367</ele><time>2026-05-05T15:19:40Z</time></trkpt><trkpt lat="-16.087646" lon="-57.696095"><ele>110.512</ele><time>2026-05-05T15:19:42Z</time></trkpt><trkpt lat="-16.087586" lon="-57.696072"><ele>110.676</ele><time>2026-05-05T15:19:44Z</time></trkpt><trkpt lat="-16.087513" lon="-57.696054"><ele>110.893</ele><time>2026-05-05T15:19:46Z</time></trkpt><trkpt lat="-16.087466" lon="-57.696056"><ele>110.896</ele><time>2026-05-05T15:19:47Z</time></trkpt><trkpt lat="-16.087418" lon="-57.696058"><ele>110.846</ele><time>2026-05-05T15:19:48Z</time></trkpt><trkpt lat="-16.087365" lon="-57.696063"><ele>110.615</ele><time>2026-05-05T15:19:49Z</time></trkpt><trkpt lat="-16.087302" lon="-57.696085"><ele>110.680</ele><time>2026-05-05T15:19:50Z</time></trkpt><trkpt lat="-16.087222" lon="-57.696125"><ele>110.645</ele><time>2026-05-05T15:19:51Z</time></trkpt><trkpt lat="-16.087147" lon="-57.696148"><ele>110.683</ele><time>2026-05-05T15:19:52Z</time></trkpt><trkpt lat="-16.087075" lon="-57.696173"><ele>110.786</ele><time>2026-05-05T15:19:53Z</time></trkpt><trkpt lat="-16.087032" lon="-57.69621"><ele>110.783</ele><time>2026-05-05T15:19:54Z</time></trkpt><trkpt lat="-16.086984" lon="-57.696257"><ele>110.759</ele><time>2026-05-05T15:19:56Z</time></trkpt><trkpt lat="-16.086921" lon="-57.696277"><ele>110.313</ele><time>2026-05-05T15:19:58Z</time></trkpt><trkpt lat="-16.086883" lon="-57.696317"><ele>110.136</ele><time>2026-05-05T15:19:59Z</time></trkpt><trkpt lat="-16.08683" lon="-57.696355"><ele>109.731</ele><time>2026-05-05T15:20:00Z</time></trkpt><trkpt lat="-16.086775" lon="-57.696393"><ele>108.879</ele><time>2026-05-05T15:20:01Z</time></trkpt><trkpt lat="-16.086715" lon="-57.696433"><ele>108.633</ele><time>2026-05-05T15:20:02Z</time></trkpt><trkpt lat="-16.086653" lon="-57.696471"><ele>108.620</ele><time>2026-05-05T15:20:03Z</time></trkpt><trkpt lat="-16.086588" lon="-57.696511"><ele>108.427</ele><time>2026-05-05T15:20:04Z</time></trkpt><trkpt lat="-16.086515" lon="-57.696554"><ele>108.122</ele><time>2026-05-05T15:20:05Z</time></trkpt><trkpt lat="-16.086442" lon="-57.696592"><ele>107.905</ele><time>2026-05-05T15:20:06Z</time></trkpt><trkpt lat="-16.086372" lon="-57.696629"><ele>107.632</ele><time>2026-05-05T15:20:07Z</time></trkpt><trkpt lat="-16.086307" lon="-57.696662"><ele>107.248</ele><time>2026-05-05T15:20:08Z</time></trkpt><trkpt lat="-16.086245" lon="-57.696694"><ele>107.012</ele><time>2026-05-05T15:20:09Z</time></trkpt><trkpt lat="-16.086188" lon="-57.696724"><ele>106.827</ele><time>2026-05-05T15:20:10Z</time></trkpt><trkpt lat="-16.086141" lon="-57.696751"><ele>106.626</ele><time>2026-05-05T15:20:11Z</time></trkpt><trkpt lat="-16.086096" lon="-57.696776"><ele>106.530</ele><time>2026-05-05T15:20:12Z</time></trkpt><trkpt lat="-16.086053" lon="-57.696801"><ele>106.365</ele><time>2026-05-05T15:20:13Z</time></trkpt><trkpt lat="-16.085986" lon="-57.696834"><ele>106.206</ele><time>2026-05-05T15:20:15Z</time></trkpt><trkpt lat="-16.085933" lon="-57.696852"><ele>106.284</ele><time>2026-05-05T15:20:17Z</time></trkpt><trkpt lat="-16.085888" lon="-57.696827"><ele>106.544</ele><time>2026-05-05T15:20:20Z</time></trkpt><trkpt lat="-16.085806" lon="-57.69676"><ele>107.558</ele><time>2026-05-05T15:20:51Z</time></trkpt><trkpt lat="-16.085744" lon="-57.696798"><ele>110.134</ele><time>2026-05-05T15:20:56Z</time></trkpt><trkpt lat="-16.085677" lon="-57.696825"><ele>110.240</ele><time>2026-05-05T15:20:58Z</time></trkpt><trkpt lat="-16.08563" lon="-57.696848"><ele>110.352</ele><time>2026-05-05T15:20:59Z</time></trkpt><trkpt lat="-16.085585" lon="-57.696875"><ele>110.527</ele><time>2026-05-05T15:21:00Z</time></trkpt><trkpt lat="-16.085498" lon="-57.696935"><ele>110.528</ele><time>2026-05-05T15:21:02Z</time></trkpt><trkpt lat="-16.085436" lon="-57.696973"><ele>110.471</ele><time>2026-05-05T15:21:03Z</time></trkpt><trkpt lat="-16.085364" lon="-57.697011"><ele>110.379</ele><time>2026-05-05T15:21:04Z</time></trkpt><trkpt lat="-16.085291" lon="-57.697051"><ele>110.305</ele><time>2026-05-05T15:21:05Z</time></trkpt><trkpt lat="-16.085221" lon="-57.697089"><ele>110.272</ele><time>2026-05-05T15:21:06Z</time></trkpt><trkpt lat="-16.085158" lon="-57.697119"><ele>110.127</ele><time>2026-05-05T15:21:07Z</time></trkpt><trkpt lat="-16.085113" lon="-57.697139"><ele>110.180</ele><time>2026-05-05T15:21:08Z</time></trkpt><trkpt lat="-16.085046" lon="-57.697174"><ele>110.299</ele><time>2026-05-05T15:21:10Z</time></trkpt><trkpt lat="-16.084963" lon="-57.697221"><ele>110.376</ele><time>2026-05-05T15:21:12Z</time></trkpt><trkpt lat="-16.084911" lon="-57.697251"><ele>110.302</ele><time>2026-05-05T15:21:13Z</time></trkpt><trkpt lat="-16.084854" lon="-57.697281"><ele>110.571</ele><time>2026-05-05T15:21:14Z</time></trkpt><trkpt lat="-16.084791" lon="-57.697313"><ele>110.566</ele><time>2026-05-05T15:21:15Z</time></trkpt><trkpt lat="-16.084729" lon="-57.69735"><ele>110.798</ele><time>2026-05-05T15:21:16Z</time></trkpt><trkpt lat="-16.084662" lon="-57.69738"><ele>110.687</ele><time>2026-05-05T15:21:17Z</time></trkpt><trkpt lat="-16.084607" lon="-57.69741"><ele>110.438</ele><time>2026-05-05T15:21:18Z</time></trkpt><trkpt lat="-16.084564" lon="-57.697435"><ele>110.170</ele><time>2026-05-05T15:21:19Z</time></trkpt><trkpt lat="-16.084499" lon="-57.697473"><ele>110.169</ele><time>2026-05-05T15:21:21Z</time></trkpt><trkpt lat="-16.084427" lon="-57.697511"><ele>110.885</ele><time>2026-05-05T15:21:23Z</time></trkpt><trkpt lat="-16.084385" lon="-57.697536"><ele>111.028</ele><time>2026-05-05T15:21:24Z</time></trkpt><trkpt lat="-16.084338" lon="-57.697561"><ele>111.053</ele><time>2026-05-05T15:21:25Z</time></trkpt><trkpt lat="-16.084285" lon="-57.697589"><ele>111.313</ele><time>2026-05-05T15:21:26Z</time></trkpt><trkpt lat="-16.084227" lon="-57.697622"><ele>111.430</ele><time>2026-05-05T15:21:27Z</time></trkpt><trkpt lat="-16.08416" lon="-57.69766"><ele>111.571</ele><time>2026-05-05T15:21:28Z</time></trkpt><trkpt lat="-16.084083" lon="-57.697703"><ele>111.615</ele><time>2026-05-05T15:21:29Z</time></trkpt><trkpt lat="-16.084001" lon="-57.697748"><ele>111.629</ele><time>2026-05-05T15:21:30Z</time></trkpt><trkpt lat="-16.083919" lon="-57.697793"><ele>111.648</ele><time>2026-05-05T15:21:31Z</time></trkpt><trkpt lat="-16.083839" lon="-57.697835"><ele>111.632</ele><time>2026-05-05T15:21:32Z</time></trkpt><trkpt lat="-16.083759" lon="-57.697878"><ele>111.732</ele><time>2026-05-05T15:21:33Z</time></trkpt><trkpt lat="-16.083679" lon="-57.697923"><ele>111.926</ele><time>2026-05-05T15:21:34Z</time></trkpt><trkpt lat="-16.083612" lon="-57.697963"><ele>111.902</ele><time>2026-05-05T15:21:35Z</time></trkpt><trkpt lat="-16.08356" lon="-57.697993"><ele>111.816</ele><time>2026-05-05T15:21:36Z</time></trkpt><trkpt lat="-16.08352" lon="-57.698016"><ele>111.577</ele><time>2026-05-05T15:21:37Z</time></trkpt><trkpt lat="-16.083447" lon="-57.698056"><ele>111.483</ele><time>2026-05-05T15:21:39Z</time></trkpt><trkpt lat="-16.083405" lon="-57.698078"><ele>111.499</ele><time>2026-05-05T15:21:40Z</time></trkpt><trkpt lat="-16.083357" lon="-57.698108"><ele>111.682</ele><time>2026-05-05T15:21:41Z</time></trkpt><trkpt lat="-16.083304" lon="-57.698143"><ele>111.765</ele><time>2026-05-05T15:21:42Z</time></trkpt><trkpt lat="-16.083239" lon="-57.69818"><ele>111.780</ele><time>2026-05-05T15:21:43Z</time></trkpt><trkpt lat="-16.083172" lon="-57.698222"><ele>111.735</ele><time>2026-05-05T15:21:44Z</time></trkpt><trkpt lat="-16.083097" lon="-57.698267"><ele>111.424</ele><time>2026-05-05T15:21:45Z</time></trkpt><trkpt lat="-16.083012" lon="-57.698317"><ele>111.268</ele><time>2026-05-05T15:21:46Z</time></trkpt><trkpt lat="-16.082924" lon="-57.698372"><ele>111.164</ele><time>2026-05-05T15:21:47Z</time></trkpt><trkpt lat="-16.082827" lon="-57.698427"><ele>111.053</ele><time>2026-05-05T15:21:48Z</time></trkpt><trkpt lat="-16.082725" lon="-57.698484"><ele>111.012</ele><time>2026-05-05T15:21:49Z</time></trkpt><trkpt lat="-16.082628" lon="-57.698541"><ele>111.103</ele><time>2026-05-05T15:21:50Z</time></trkpt><trkpt lat="-16.082533" lon="-57.698599"><ele>111.191</ele><time>2026-05-05T15:21:51Z</time></trkpt><trkpt lat="-16.082438" lon="-57.698654"><ele>111.145</ele><time>2026-05-05T15:21:52Z</time></trkpt><trkpt lat="-16.082351" lon="-57.698706"><ele>111.000</ele><time>2026-05-05T15:21:53Z</time></trkpt><trkpt lat="-16.082271" lon="-57.698753"><ele>111.015</ele><time>2026-05-05T15:21:54Z</time></trkpt><trkpt lat="-16.082199" lon="-57.698795"><ele>111.012</ele><time>2026-05-05T15:21:55Z</time></trkpt><trkpt lat="-16.082137" lon="-57.698828"><ele>111.075</ele><time>2026-05-05T15:21:56Z</time></trkpt><trkpt lat="-16.082084" lon="-57.698861"><ele>111.042</ele><time>2026-05-05T15:21:57Z</time></trkpt><trkpt lat="-16.082037" lon="-57.698893"><ele>111.173</ele><time>2026-05-05T15:21:58Z</time></trkpt><trkpt lat="-16.081987" lon="-57.698923"><ele>111.212</ele><time>2026-05-05T15:21:59Z</time></trkpt><trkpt lat="-16.081947" lon="-57.698958"><ele>111.372</ele><time>2026-05-05T15:22:00Z</time></trkpt><trkpt lat="-16.081915" lon="-57.698991"><ele>111.574</ele><time>2026-05-05T15:22:01Z</time></trkpt><trkpt lat="-16.081872" lon="-57.699024"><ele>111.571</ele><time>2026-05-05T15:22:02Z</time></trkpt><trkpt lat="-16.081825" lon="-57.699047"><ele>111.572</ele><time>2026-05-05T15:22:03Z</time></trkpt><trkpt lat="-16.081782" lon="-57.69908"><ele>111.594</ele><time>2026-05-05T15:22:04Z</time></trkpt><trkpt lat="-16.081734" lon="-57.699105"><ele>111.550</ele><time>2026-05-05T15:22:05Z</time></trkpt><trkpt lat="-16.081681" lon="-57.69913"><ele>111.524</ele><time>2026-05-05T15:22:06Z</time></trkpt><trkpt lat="-16.081624" lon="-57.699158"><ele>111.689</ele><time>2026-05-05T15:22:07Z</time></trkpt><trkpt lat="-16.081581" lon="-57.699178"><ele>111.630</ele><time>2026-05-05T15:22:08Z</time></trkpt><trkpt lat="-16.081531" lon="-57.699198"><ele>111.677</ele><time>2026-05-05T15:22:09Z</time></trkpt><trkpt lat="-16.081458" lon="-57.699228"><ele>111.574</ele><time>2026-05-05T15:22:11Z</time></trkpt><trkpt lat="-16.081408" lon="-57.699256"><ele>111.311</ele><time>2026-05-05T15:22:13Z</time></trkpt><trkpt lat="-16.081368" lon="-57.699279"><ele>111.320</ele><time>2026-05-05T15:22:14Z</time></trkpt><trkpt lat="-16.08132" lon="-57.699304"><ele>111.259</ele><time>2026-05-05T15:22:15Z</time></trkpt><trkpt lat="-16.081267" lon="-57.699332"><ele>111.181</ele><time>2026-05-05T15:22:16Z</time></trkpt><trkpt lat="-16.081205" lon="-57.699359"><ele>111.099</ele><time>2026-05-05T15:22:17Z</time></trkpt><trkpt lat="-16.081147" lon="-57.699391"><ele>110.986</ele><time>2026-05-05T15:22:18Z</time></trkpt><trkpt lat="-16.081085" lon="-57.699431"><ele>110.425</ele><time>2026-05-05T15:22:19Z</time></trkpt><trkpt lat="-16.081015" lon="-57.699478"><ele>110.281</ele><time>2026-05-05T15:22:20Z</time></trkpt><trkpt lat="-16.080943" lon="-57.699525"><ele>110.250</ele><time>2026-05-05T15:22:21Z</time></trkpt><trkpt lat="-16.08087" lon="-57.69957"><ele>110.267</ele><time>2026-05-05T15:22:22Z</time></trkpt><trkpt lat="-16.080797" lon="-57.699622"><ele>110.316</ele><time>2026-05-05T15:22:23Z</time></trkpt><trkpt lat="-16.080724" lon="-57.699672"><ele>110.468</ele><time>2026-05-05T15:22:24Z</time></trkpt><trkpt lat="-16.080652" lon="-57.699727"><ele>110.444</ele><time>2026-05-05T15:22:25Z</time></trkpt><trkpt lat="-16.080562" lon="-57.699774"><ele>110.416</ele><time>2026-05-05T15:22:26Z</time></trkpt><trkpt lat="-16.080472" lon="-57.699832"><ele>110.385</ele><time>2026-05-05T15:22:27Z</time></trkpt><trkpt lat="-16.08038" lon="-57.699877"><ele>110.302</ele><time>2026-05-05T15:22:28Z</time></trkpt><trkpt lat="-16.080295" lon="-57.699915"><ele>110.290</ele><time>2026-05-05T15:22:29Z</time></trkpt><trkpt lat="-16.080213" lon="-57.699962"><ele>110.022</ele><time>2026-05-05T15:22:30Z</time></trkpt><trkpt lat="-16.080136" lon="-57.700007"><ele>110.060</ele><time>2026-05-05T15:22:31Z</time></trkpt><trkpt lat="-16.080061" lon="-57.70005"><ele>109.786</ele><time>2026-05-05T15:22:32Z</time></trkpt><trkpt lat="-16.079988" lon="-57.700095"><ele>109.456</ele><time>2026-05-05T15:22:33Z</time></trkpt><trkpt lat="-16.079921" lon="-57.700132"><ele>108.807</ele><time>2026-05-05T15:22:34Z</time></trkpt><trkpt lat="-16.079859" lon="-57.700167"><ele>108.490</ele><time>2026-05-05T15:22:35Z</time></trkpt><trkpt lat="-16.079804" lon="-57.700195"><ele>108.202</ele><time>2026-05-05T15:22:36Z</time></trkpt><trkpt lat="-16.079757" lon="-57.700222"><ele>108.106</ele><time>2026-05-05T15:22:37Z</time></trkpt><trkpt lat="-16.079687" lon="-57.700259"><ele>107.573</ele><time>2026-05-05T15:22:39Z</time></trkpt><trkpt lat="-16.079617" lon="-57.700304"><ele>107.430</ele><time>2026-05-05T15:22:41Z</time></trkpt><trkpt lat="-16.079577" lon="-57.700329"><ele>107.336</ele><time>2026-05-05T15:22:42Z</time></trkpt><trkpt lat="-16.079529" lon="-57.700359"><ele>107.230</ele><time>2026-05-05T15:22:43Z</time></trkpt><trkpt lat="-16.079476" lon="-57.700389"><ele>107.229</ele><time>2026-05-05T15:22:44Z</time></trkpt><trkpt lat="-16.079416" lon="-57.700426"><ele>107.014</ele><time>2026-05-05T15:22:45Z</time></trkpt><trkpt lat="-16.079351" lon="-57.700464"><ele>106.747</ele><time>2026-05-05T15:22:46Z</time></trkpt><trkpt lat="-16.079279" lon="-57.700502"><ele>106.616</ele><time>2026-05-05T15:22:47Z</time></trkpt><trkpt lat="-16.079211" lon="-57.700544"><ele>106.345</ele><time>2026-05-05T15:22:48Z</time></trkpt><trkpt lat="-16.079139" lon="-57.700587"><ele>106.396</ele><time>2026-05-05T15:22:49Z</time></trkpt><trkpt lat="-16.079066" lon="-57.700632"><ele>106.485</ele><time>2026-05-05T15:22:50Z</time></trkpt><trkpt lat="-16.078991" lon="-57.700677"><ele>106.622</ele><time>2026-05-05T15:22:51Z</time></trkpt><trkpt lat="-16.078919" lon="-57.700722"><ele>106.605</ele><time>2026-05-05T15:22:52Z</time></trkpt><trkpt lat="-16.078844" lon="-57.700764"><ele>106.691</ele><time>2026-05-05T15:22:53Z</time></trkpt><trkpt lat="-16.078771" lon="-57.700806"><ele>106.639</ele><time>2026-05-05T15:22:54Z</time></trkpt><trkpt lat="-16.078699" lon="-57.700848"><ele>106.671</ele><time>2026-05-05T15:22:55Z</time></trkpt><trkpt lat="-16.078629" lon="-57.700888"><ele>106.685</ele><time>2026-05-05T15:22:56Z</time></trkpt><trkpt lat="-16.078562" lon="-57.70093"><ele>106.661</ele><time>2026-05-05T15:22:57Z</time></trkpt><trkpt lat="-16.078497" lon="-57.70097"><ele>106.603</ele><time>2026-05-05T15:22:58Z</time></trkpt><trkpt lat="-16.078432" lon="-57.701012"><ele>106.790</ele><time>2026-05-05T15:22:59Z</time></trkpt><trkpt lat="-16.078369" lon="-57.70105"><ele>106.964</ele><time>2026-05-05T15:23:00Z</time></trkpt><trkpt lat="-16.078306" lon="-57.701087"><ele>107.044</ele><time>2026-05-05T15:23:01Z</time></trkpt><trkpt lat="-16.078246" lon="-57.701122"><ele>107.130</ele><time>2026-05-05T15:23:02Z</time></trkpt><trkpt lat="-16.078193" lon="-57.701155"><ele>107.487</ele><time>2026-05-05T15:23:03Z</time></trkpt><trkpt lat="-16.07814" lon="-57.701185"><ele>107.738</ele><time>2026-05-05T15:23:04Z</time></trkpt><trkpt lat="-16.07809" lon="-57.70121"><ele>107.804</ele><time>2026-05-05T15:23:05Z</time></trkpt><trkpt lat="-16.078043" lon="-57.701238"><ele>107.934</ele><time>2026-05-05T15:23:06Z</time></trkpt><trkpt lat="-16.077996" lon="-57.701265"><ele>107.918</ele><time>2026-05-05T15:23:07Z</time></trkpt><trkpt lat="-16.077946" lon="-57.701292"><ele>107.931</ele><time>2026-05-05T15:23:08Z</time></trkpt><trkpt lat="-16.077899" lon="-57.701317"><ele>107.921</ele><time>2026-05-05T15:23:09Z</time></trkpt><trkpt lat="-16.077856" lon="-57.701344"><ele>107.935</ele><time>2026-05-05T15:23:10Z</time></trkpt><trkpt lat="-16.077811" lon="-57.701372"><ele>107.997</ele><time>2026-05-05T15:23:11Z</time></trkpt><trkpt lat="-16.077773" lon="-57.701397"><ele>108.043</ele><time>2026-05-05T15:23:12Z</time></trkpt><trkpt lat="-16.077735" lon="-57.701425"><ele>108.152</ele><time>2026-05-05T15:23:13Z</time></trkpt><trkpt lat="-16.077698" lon="-57.70146"><ele>108.231</ele><time>2026-05-05T15:23:14Z</time></trkpt><trkpt lat="-16.077656" lon="-57.701495"><ele>108.326</ele><time>2026-05-05T15:23:15Z</time></trkpt><trkpt lat="-16.077589" lon="-57.70153"><ele>108.606</ele><time>2026-05-05T15:23:17Z</time></trkpt><trkpt lat="-16.077509" lon="-57.701565"><ele>109.288</ele><time>2026-05-05T15:23:19Z</time></trkpt><trkpt lat="-16.077462" lon="-57.70158"><ele>109.324</ele><time>2026-05-05T15:23:20Z</time></trkpt><trkpt lat="-16.077395" lon="-57.701623"><ele>109.205</ele><time>2026-05-05T15:23:22Z</time></trkpt><trkpt lat="-16.077317" lon="-57.701666"><ele>109.153</ele><time>2026-05-05T15:23:24Z</time></trkpt><trkpt lat="-16.077274" lon="-57.701691"><ele>108.771</ele><time>2026-05-05T15:23:25Z</time></trkpt><trkpt lat="-16.077232" lon="-57.701719"><ele>108.429</ele><time>2026-05-05T15:23:26Z</time></trkpt><trkpt lat="-16.077175" lon="-57.701744"><ele>108.464</ele><time>2026-05-05T15:23:27Z</time></trkpt><trkpt lat="-16.077115" lon="-57.701774"><ele>108.463</ele><time>2026-05-05T15:23:28Z</time></trkpt><trkpt lat="-16.07705" lon="-57.701809"><ele>108.600</ele><time>2026-05-05T15:23:29Z</time></trkpt><trkpt lat="-16.076982" lon="-57.701842"><ele>108.929</ele><time>2026-05-05T15:23:30Z</time></trkpt><trkpt lat="-16.076914" lon="-57.701877"><ele>109.237</ele><time>2026-05-05T15:23:31Z</time></trkpt><trkpt lat="-16.076847" lon="-57.701919"><ele>109.291</ele><time>2026-05-05T15:23:32Z</time></trkpt><trkpt lat="-16.076782" lon="-57.701957"><ele>109.293</ele><time>2026-05-05T15:23:33Z</time></trkpt><trkpt lat="-16.076727" lon="-57.701989"><ele>109.219</ele><time>2026-05-05T15:23:34Z</time></trkpt><trkpt lat="-16.076677" lon="-57.702014"><ele>109.332</ele><time>2026-05-05T15:23:35Z</time></trkpt><trkpt lat="-16.076624" lon="-57.702042"><ele>109.591</ele><time>2026-05-05T15:23:36Z</time></trkpt><trkpt lat="-16.076571" lon="-57.702072"><ele>109.638</ele><time>2026-05-05T15:23:37Z</time></trkpt><trkpt lat="-16.076516" lon="-57.7021"><ele>109.612</ele><time>2026-05-05T15:23:38Z</time></trkpt><trkpt lat="-16.076461" lon="-57.702133"><ele>109.774</ele><time>2026-05-05T15:23:39Z</time></trkpt><trkpt lat="-16.076403" lon="-57.702168"><ele>109.790</ele><time>2026-05-05T15:23:40Z</time></trkpt><trkpt lat="-16.076341" lon="-57.702206"><ele>109.877</ele><time>2026-05-05T15:23:41Z</time></trkpt><trkpt lat="-16.076276" lon="-57.702244"><ele>109.827</ele><time>2026-05-05T15:23:42Z</time></trkpt><trkpt lat="-16.076211" lon="-57.702289"><ele>110.222</ele><time>2026-05-05T15:23:43Z</time></trkpt><trkpt lat="-16.076143" lon="-57.702332"><ele>110.444</ele><time>2026-05-05T15:23:44Z</time></trkpt><trkpt lat="-16.076081" lon="-57.702375"><ele>110.791</ele><time>2026-05-05T15:23:45Z</time></trkpt><trkpt lat="-16.076018" lon="-57.702418"><ele>111.087</ele><time>2026-05-05T15:23:46Z</time></trkpt><trkpt lat="-16.07595" lon="-57.702461"><ele>111.356</ele><time>2026-05-05T15:23:47Z</time></trkpt><trkpt lat="-16.07588" lon="-57.702503"><ele>111.690</ele><time>2026-05-05T15:23:48Z</time></trkpt><trkpt lat="-16.07581" lon="-57.702543"><ele>111.920</ele><time>2026-05-05T15:23:49Z</time></trkpt><trkpt lat="-16.075742" lon="-57.702586"><ele>112.260</ele><time>2026-05-05T15:23:50Z</time></trkpt><trkpt lat="-16.075674" lon="-57.702628"><ele>112.636</ele><time>2026-05-05T15:23:51Z</time></trkpt><trkpt lat="-16.075604" lon="-57.702668"><ele>113.181</ele><time>2026-05-05T15:23:52Z</time></trkpt><trkpt lat="-16.075544" lon="-57.702705"><ele>113.623</ele><time>2026-05-05T15:23:53Z</time></trkpt><trkpt lat="-16.075484" lon="-57.702742"><ele>113.928</ele><time>2026-05-05T15:23:54Z</time></trkpt><trkpt lat="-16.075424" lon="-57.702775"><ele>114.264</ele><time>2026-05-05T15:23:55Z</time></trkpt><trkpt lat="-16.075362" lon="-57.70281"><ele>114.531</ele><time>2026-05-05T15:23:56Z</time></trkpt><trkpt lat="-16.075304" lon="-57.702845"><ele>114.938</ele><time>2026-05-05T15:23:57Z</time></trkpt><trkpt lat="-16.075246" lon="-57.702878"><ele>115.309</ele><time>2026-05-05T15:23:58Z</time></trkpt><trkpt lat="-16.075183" lon="-57.702916"><ele>115.814</ele><time>2026-05-05T15:23:59Z</time></trkpt><trkpt lat="-16.075118" lon="-57.702956"><ele>116.477</ele><time>2026-05-05T15:24:00Z</time></trkpt><trkpt lat="-16.075043" lon="-57.702998"><ele>116.934</ele><time>2026-05-05T15:24:01Z</time></trkpt><trkpt lat="-16.074963" lon="-57.70304"><ele>117.431</ele><time>2026-05-05T15:24:02Z</time></trkpt><trkpt lat="-16.074893" lon="-57.703083"><ele>117.921</ele><time>2026-05-05T15:24:03Z</time></trkpt><trkpt lat="-16.074816" lon="-57.703126"><ele>118.656</ele><time>2026-05-05T15:24:04Z</time></trkpt><trkpt lat="-16.074738" lon="-57.703169"><ele>119.326</ele><time>2026-05-05T15:24:05Z</time></trkpt><trkpt lat="-16.074656" lon="-57.703214"><ele>119.800</ele><time>2026-05-05T15:24:06Z</time></trkpt><trkpt lat="-16.074579" lon="-57.703259"><ele>120.127</ele><time>2026-05-05T15:24:07Z</time></trkpt><trkpt lat="-16.074502" lon="-57.703302"><ele>120.239</ele><time>2026-05-05T15:24:08Z</time></trkpt><trkpt lat="-16.074425" lon="-57.703349"><ele>120.374</ele><time>2026-05-05T15:24:09Z</time></trkpt><trkpt lat="-16.074343" lon="-57.703396"><ele>120.340</ele><time>2026-05-05T15:24:10Z</time></trkpt><trkpt lat="-16.074255" lon="-57.703446"><ele>120.317</ele><time>2026-05-05T15:24:11Z</time></trkpt><trkpt lat="-16.074162" lon="-57.703499"><ele>120.147</ele><time>2026-05-05T15:24:12Z</time></trkpt><trkpt lat="-16.074062" lon="-57.703557"><ele>119.939</ele><time>2026-05-05T15:24:13Z</time></trkpt><trkpt lat="-16.073959" lon="-57.703614"><ele>119.463</ele><time>2026-05-05T15:24:14Z</time></trkpt><trkpt lat="-16.073854" lon="-57.703672"><ele>119.011</ele><time>2026-05-05T15:24:15Z</time></trkpt><trkpt lat="-16.073744" lon="-57.703737"><ele>118.694</ele><time>2026-05-05T15:24:16Z</time></trkpt><trkpt lat="-16.073629" lon="-57.703804"><ele>117.873</ele><time>2026-05-05T15:24:17Z</time></trkpt><trkpt lat="-16.073511" lon="-57.703874"><ele>117.170</ele><time>2026-05-05T15:24:18Z</time></trkpt><trkpt lat="-16.073391" lon="-57.703944"><ele>116.302</ele><time>2026-05-05T15:24:19Z</time></trkpt><trkpt lat="-16.073264" lon="-57.704019"><ele>114.863</ele><time>2026-05-05T15:24:20Z</time></trkpt><trkpt lat="-16.073136" lon="-57.704096"><ele>114.010</ele><time>2026-05-05T15:24:21Z</time></trkpt><trkpt lat="-16.073004" lon="-57.704176"><ele>113.357</ele><time>2026-05-05T15:24:22Z</time></trkpt><trkpt lat="-16.072869" lon="-57.704258"><ele>112.944</ele><time>2026-05-05T15:24:23Z</time></trkpt><trkpt lat="-16.072734" lon="-57.704343"><ele>112.494</ele><time>2026-05-05T15:24:24Z</time></trkpt><trkpt lat="-16.072601" lon="-57.704428"><ele>111.602</ele><time>2026-05-05T15:24:25Z</time></trkpt><trkpt lat="-16.072466" lon="-57.704515"><ele>110.988</ele><time>2026-05-05T15:24:26Z</time></trkpt><trkpt lat="-16.072329" lon="-57.7046"><ele>110.452</ele><time>2026-05-05T15:24:27Z</time></trkpt><trkpt lat="-16.072192" lon="-57.70469"><ele>109.984</ele><time>2026-05-05T15:24:28Z</time></trkpt><trkpt lat="-16.072052" lon="-57.704778"><ele>109.613</ele><time>2026-05-05T15:24:29Z</time></trkpt><trkpt lat="-16.07191" lon="-57.704865"><ele>109.505</ele><time>2026-05-05T15:24:30Z</time></trkpt><trkpt lat="-16.071768" lon="-57.704952"><ele>109.491</ele><time>2026-05-05T15:24:31Z</time></trkpt><trkpt lat="-16.071636" lon="-57.705055"><ele>109.205</ele><time>2026-05-05T15:24:32Z</time></trkpt><trkpt lat="-16.071504" lon="-57.705163"><ele>109.101</ele><time>2026-05-05T15:24:33Z</time></trkpt><trkpt lat="-16.071374" lon="-57.705266"><ele>109.047</ele><time>2026-05-05T15:24:34Z</time></trkpt><trkpt lat="-16.071247" lon="-57.705364"><ele>108.827</ele><time>2026-05-05T15:24:35Z</time></trkpt><trkpt lat="-16.071124" lon="-57.705462"><ele>108.146</ele><time>2026-05-05T15:24:36Z</time></trkpt><trkpt lat="-16.071009" lon="-57.705559"><ele>107.351</ele><time>2026-05-05T15:24:37Z</time></trkpt><trkpt lat="-16.070894" lon="-57.705654"><ele>106.833</ele><time>2026-05-05T15:24:38Z</time></trkpt><trkpt lat="-16.070784" lon="-57.705749"><ele>106.650</ele><time>2026-05-05T15:24:39Z</time></trkpt><trkpt lat="-16.070679" lon="-57.705841"><ele>106.507</ele><time>2026-05-05T15:24:40Z</time></trkpt><trkpt lat="-16.070574" lon="-57.705931"><ele>106.349</ele><time>2026-05-05T15:24:41Z</time></trkpt><trkpt lat="-16.070474" lon="-57.706019"><ele>106.109</ele><time>2026-05-05T15:24:42Z</time></trkpt><trkpt lat="-16.070362" lon="-57.706102"><ele>106.058</ele><time>2026-05-05T15:24:43Z</time></trkpt><trkpt lat="-16.070255" lon="-57.706194"><ele>105.817</ele><time>2026-05-05T15:24:44Z</time></trkpt><trkpt lat="-16.070148" lon="-57.706284"><ele>105.374</ele><time>2026-05-05T15:24:45Z</time></trkpt><trkpt lat="-16.070048" lon="-57.706372"><ele>105.045</ele><time>2026-05-05T15:24:46Z</time></trkpt><trkpt lat="-16.069943" lon="-57.706455"><ele>104.873</ele><time>2026-05-05T15:24:47Z</time></trkpt><trkpt lat="-16.069845" lon="-57.706542"><ele>104.842</ele><time>2026-05-05T15:24:48Z</time></trkpt><trkpt lat="-16.069738" lon="-57.706635"><ele>104.823</ele><time>2026-05-05T15:24:49Z</time></trkpt><trkpt lat="-16.069633" lon="-57.706727"><ele>105.103</ele><time>2026-05-05T15:24:50Z</time></trkpt><trkpt lat="-16.069528" lon="-57.706819"><ele>105.124</ele><time>2026-05-05T15:24:51Z</time></trkpt><trkpt lat="-16.069423" lon="-57.706911"><ele>104.946</ele><time>2026-05-05T15:24:52Z</time></trkpt><trkpt lat="-16.069316" lon="-57.707003"><ele>104.895</ele><time>2026-05-05T15:24:53Z</time></trkpt><trkpt lat="-16.069206" lon="-57.707095"><ele>104.897</ele><time>2026-05-05T15:24:54Z</time></trkpt><trkpt lat="-16.069096" lon="-57.707185"><ele>105.035</ele><time>2026-05-05T15:24:55Z</time></trkpt><trkpt lat="-16.068993" lon="-57.707273"><ele>105.078</ele><time>2026-05-05T15:24:56Z</time></trkpt><trkpt lat="-16.068891" lon="-57.707356"><ele>104.702</ele><time>2026-05-05T15:24:57Z</time></trkpt><trkpt lat="-16.068794" lon="-57.707439"><ele>104.683</ele><time>2026-05-05T15:24:58Z</time></trkpt><trkpt lat="-16.068697" lon="-57.707526"><ele>104.424</ele><time>2026-05-05T15:24:59Z</time></trkpt><trkpt lat="-16.068597" lon="-57.707619"><ele>104.468</ele><time>2026-05-05T15:25:00Z</time></trkpt><trkpt lat="-16.068502" lon="-57.707709"><ele>104.442</ele><time>2026-05-05T15:25:01Z</time></trkpt><trkpt lat="-16.068402" lon="-57.707794"><ele>104.518</ele><time>2026-05-05T15:25:02Z</time></trkpt><trkpt lat="-16.068299" lon="-57.707884"><ele>104.524</ele><time>2026-05-05T15:25:03Z</time></trkpt><trkpt lat="-16.068199" lon="-57.707979"><ele>105.037</ele><time>2026-05-05T15:25:04Z</time></trkpt><trkpt lat="-16.068094" lon="-57.708072"><ele>105.303</ele><time>2026-05-05T15:25:05Z</time></trkpt><trkpt lat="-16.067987" lon="-57.708167"><ele>105.490</ele><time>2026-05-05T15:25:06Z</time></trkpt><trkpt lat="-16.067877" lon="-57.70826"><ele>105.654</ele><time>2026-05-05T15:25:07Z</time></trkpt><trkpt lat="-16.067764" lon="-57.708357"><ele>105.931</ele><time>2026-05-05T15:25:08Z</time></trkpt><trkpt lat="-16.067646" lon="-57.708455"><ele>106.164</ele><time>2026-05-05T15:25:09Z</time></trkpt><trkpt lat="-16.067528" lon="-57.708557"><ele>106.172</ele><time>2026-05-05T15:25:10Z</time></trkpt><trkpt lat="-16.06741" lon="-57.708665"><ele>106.437</ele><time>2026-05-05T15:25:11Z</time></trkpt><trkpt lat="-16.06729" lon="-57.708773"><ele>106.876</ele><time>2026-05-05T15:25:12Z</time></trkpt><trkpt lat="-16.067163" lon="-57.708883"><ele>107.227</ele><time>2026-05-05T15:25:13Z</time></trkpt><trkpt lat="-16.067041" lon="-57.708995"><ele>107.771</ele><time>2026-05-05T15:25:14Z</time></trkpt><trkpt lat="-16.066916" lon="-57.709105"><ele>108.251</ele><time>2026-05-05T15:25:15Z</time></trkpt><trkpt lat="-16.066788" lon="-57.709213"><ele>108.632</ele><time>2026-05-05T15:25:16Z</time></trkpt><trkpt lat="-16.066656" lon="-57.709316"><ele>109.078</ele><time>2026-05-05T15:25:17Z</time></trkpt><trkpt lat="-16.066528" lon="-57.709423"><ele>109.484</ele><time>2026-05-05T15:25:18Z</time></trkpt><trkpt lat="-16.066405" lon="-57.709535"><ele>109.765</ele><time>2026-05-05T15:25:19Z</time></trkpt><trkpt lat="-16.06628" lon="-57.709647"><ele>110.159</ele><time>2026-05-05T15:25:20Z</time></trkpt><trkpt lat="-16.066148" lon="-57.709754"><ele>110.473</ele><time>2026-05-05T15:25:21Z</time></trkpt><trkpt lat="-16.066016" lon="-57.709864"><ele>110.614</ele><time>2026-05-05T15:25:22Z</time></trkpt><trkpt lat="-16.065884" lon="-57.709977"><ele>110.967</ele><time>2026-05-05T15:25:23Z</time></trkpt><trkpt lat="-16.065756" lon="-57.710092"><ele>111.238</ele><time>2026-05-05T15:25:24Z</time></trkpt><trkpt lat="-16.065629" lon="-57.710204"><ele>111.526</ele><time>2026-05-05T15:25:25Z</time></trkpt><trkpt lat="-16.065502" lon="-57.710317"><ele>111.828</ele><time>2026-05-05T15:25:26Z</time></trkpt><trkpt lat="-16.065374" lon="-57.710429"><ele>112.104</ele><time>2026-05-05T15:25:27Z</time></trkpt><trkpt lat="-16.065239" lon="-57.710541"><ele>112.072</ele><time>2026-05-05T15:25:28Z</time></trkpt><trkpt lat="-16.065106" lon="-57.710656"><ele>111.495</ele><time>2026-05-05T15:25:29Z</time></trkpt><trkpt lat="-16.064974" lon="-57.710769"><ele>111.090</ele><time>2026-05-05T15:25:30Z</time></trkpt><trkpt lat="-16.064842" lon="-57.710877"><ele>110.889</ele><time>2026-05-05T15:25:31Z</time></trkpt><trkpt lat="-16.064714" lon="-57.710989"><ele>110.666</ele><time>2026-05-05T15:25:32Z</time></trkpt><trkpt lat="-16.064582" lon="-57.711102"><ele>110.618</ele><time>2026-05-05T15:25:33Z</time></trkpt><trkpt lat="-16.064449" lon="-57.711214"><ele>110.558</ele><time>2026-05-05T15:25:34Z</time></trkpt><trkpt lat="-16.064317" lon="-57.711324"><ele>110.091</ele><time>2026-05-05T15:25:35Z</time></trkpt><trkpt lat="-16.064185" lon="-57.711434"><ele>110.005</ele><time>2026-05-05T15:25:36Z</time></trkpt><trkpt lat="-16.064052" lon="-57.711542"><ele>110.137</ele><time>2026-05-05T15:25:37Z</time></trkpt><trkpt lat="-16.06392" lon="-57.711652"><ele>109.995</ele><time>2026-05-05T15:25:38Z</time></trkpt><trkpt lat="-16.063788" lon="-57.711764"><ele>109.720</ele><time>2026-05-05T15:25:39Z</time></trkpt><trkpt lat="-16.06366" lon="-57.711876"><ele>109.580</ele><time>2026-05-05T15:25:40Z</time></trkpt><trkpt lat="-16.063535" lon="-57.711983"><ele>109.290</ele><time>2026-05-05T15:25:41Z</time></trkpt><trkpt lat="-16.063412" lon="-57.712093"><ele>108.828</ele><time>2026-05-05T15:25:42Z</time></trkpt><trkpt lat="-16.06329" lon="-57.712198"><ele>108.585</ele><time>2026-05-05T15:25:43Z</time></trkpt><trkpt lat="-16.063168" lon="-57.712303"><ele>108.380</ele><time>2026-05-05T15:25:44Z</time></trkpt><trkpt lat="-16.063045" lon="-57.712405"><ele>108.228</ele><time>2026-05-05T15:25:45Z</time></trkpt><trkpt lat="-16.06292" lon="-57.712508"><ele>108.115</ele><time>2026-05-05T15:25:46Z</time></trkpt><trkpt lat="-16.062797" lon="-57.712615"><ele>107.974</ele><time>2026-05-05T15:25:47Z</time></trkpt><trkpt lat="-16.062675" lon="-57.71272"><ele>107.775</ele><time>2026-05-05T15:25:48Z</time></trkpt><trkpt lat="-16.062555" lon="-57.712827"><ele>107.568</ele><time>2026-05-05T15:25:49Z</time></trkpt><trkpt lat="-16.062435" lon="-57.712932"><ele>107.246</ele><time>2026-05-05T15:25:50Z</time></trkpt><trkpt lat="-16.062313" lon="-57.713037"><ele>106.850</ele><time>2026-05-05T15:25:51Z</time></trkpt><trkpt lat="-16.062191" lon="-57.713145"><ele>106.474</ele><time>2026-05-05T15:25:52Z</time></trkpt><trkpt lat="-16.062069" lon="-57.71325"><ele>106.170</ele><time>2026-05-05T15:25:53Z</time></trkpt><trkpt lat="-16.061949" lon="-57.713358"><ele>106.028</ele><time>2026-05-05T15:25:54Z</time></trkpt><trkpt lat="-16.061827" lon="-57.713463"><ele>106.085</ele><time>2026-05-05T15:25:55Z</time></trkpt><trkpt lat="-16.061705" lon="-57.713568"><ele>105.932</ele><time>2026-05-05T15:25:56Z</time></trkpt><trkpt lat="-16.061585" lon="-57.713671"><ele>105.607</ele><time>2026-05-05T15:25:57Z</time></trkpt><trkpt lat="-16.061462" lon="-57.713774"><ele>105.426</ele><time>2026-05-05T15:25:58Z</time></trkpt><trkpt lat="-16.061344" lon="-57.713877"><ele>105.312</ele><time>2026-05-05T15:25:59Z</time></trkpt><trkpt lat="-16.061222" lon="-57.71398"><ele>105.301</ele><time>2026-05-05T15:26:00Z</time></trkpt><trkpt lat="-16.0611" lon="-57.714085"><ele>105.656</ele><time>2026-05-05T15:26:01Z</time></trkpt><trkpt lat="-16.060983" lon="-57.714185"><ele>106.032</ele><time>2026-05-05T15:26:02Z</time></trkpt><trkpt lat="-16.060866" lon="-57.714287"><ele>106.236</ele><time>2026-05-05T15:26:03Z</time></trkpt><trkpt lat="-16.060746" lon="-57.714389"><ele>106.344</ele><time>2026-05-05T15:26:04Z</time></trkpt><trkpt lat="-16.060626" lon="-57.714492"><ele>106.494</ele><time>2026-05-05T15:26:05Z</time></trkpt><trkpt lat="-16.060508" lon="-57.714594"><ele>106.630</ele><time>2026-05-05T15:26:06Z</time></trkpt><trkpt lat="-16.060393" lon="-57.714696"><ele>106.847</ele><time>2026-05-05T15:26:07Z</time></trkpt><trkpt lat="-16.06028" lon="-57.714799"><ele>106.875</ele><time>2026-05-05T15:26:08Z</time></trkpt><trkpt lat="-16.060173" lon="-57.714897"><ele>106.850</ele><time>2026-05-05T15:26:09Z</time></trkpt><trkpt lat="-16.060068" lon="-57.714987"><ele>107.011</ele><time>2026-05-05T15:26:10Z</time></trkpt><trkpt lat="-16.059963" lon="-57.715079"><ele>107.336</ele><time>2026-05-05T15:26:11Z</time></trkpt><trkpt lat="-16.059856" lon="-57.715169"><ele>107.488</ele><time>2026-05-05T15:26:12Z</time></trkpt><trkpt lat="-16.059748" lon="-57.715257"><ele>107.427</ele><time>2026-05-05T15:26:13Z</time></trkpt><trkpt lat="-16.05964" lon="-57.715344"><ele>107.457</ele><time>2026-05-05T15:26:14Z</time></trkpt><trkpt lat="-16.059532" lon="-57.715436"><ele>107.586</ele><time>2026-05-05T15:26:15Z</time></trkpt><trkpt lat="-16.059424" lon="-57.715529"><ele>107.745</ele><time>2026-05-05T15:26:16Z</time></trkpt><trkpt lat="-16.059311" lon="-57.715627"><ele>107.963</ele><time>2026-05-05T15:26:17Z</time></trkpt><trkpt lat="-16.059193" lon="-57.71573"><ele>108.253</ele><time>2026-05-05T15:26:18Z</time></trkpt><trkpt lat="-16.059073" lon="-57.715832"><ele>108.340</ele><time>2026-05-05T15:26:19Z</time></trkpt><trkpt lat="-16.058946" lon="-57.715935"><ele>108.460</ele><time>2026-05-05T15:26:20Z</time></trkpt><trkpt lat="-16.058814" lon="-57.716035"><ele>108.206</ele><time>2026-05-05T15:26:21Z</time></trkpt><trkpt lat="-16.058682" lon="-57.716133"><ele>108.022</ele><time>2026-05-05T15:26:22Z</time></trkpt><trkpt lat="-16.058545" lon="-57.716221"><ele>108.268</ele><time>2026-05-05T15:26:23Z</time></trkpt><trkpt lat="-16.0584" lon="-57.716309"><ele>108.421</ele><time>2026-05-05T15:26:24Z</time></trkpt><trkpt lat="-16.058248" lon="-57.716394"><ele>108.787</ele><time>2026-05-05T15:26:25Z</time></trkpt><trkpt lat="-16.058098" lon="-57.716474"><ele>109.249</ele><time>2026-05-05T15:26:26Z</time></trkpt><trkpt lat="-16.057945" lon="-57.716546"><ele>109.623</ele><time>2026-05-05T15:26:27Z</time></trkpt><trkpt lat="-16.057788" lon="-57.716616"><ele>109.940</ele><time>2026-05-05T15:26:28Z</time></trkpt><trkpt lat="-16.057628" lon="-57.716683"><ele>110.070</ele><time>2026-05-05T15:26:29Z</time></trkpt><trkpt lat="-16.057466" lon="-57.71674"><ele>109.671</ele><time>2026-05-05T15:26:30Z</time></trkpt><trkpt lat="-16.057298" lon="-57.716793"><ele>108.810</ele><time>2026-05-05T15:26:31Z</time></trkpt><trkpt lat="-16.057131" lon="-57.716843"><ele>107.947</ele><time>2026-05-05T15:26:32Z</time></trkpt><trkpt lat="-16.056951" lon="-57.71689"><ele>106.902</ele><time>2026-05-05T15:26:33Z</time></trkpt><trkpt lat="-16.056784" lon="-57.71693"><ele>106.178</ele><time>2026-05-05T15:26:34Z</time></trkpt><trkpt lat="-16.056634" lon="-57.716938"><ele>105.631</ele><time>2026-05-05T15:26:35Z</time></trkpt><trkpt lat="-16.056421" lon="-57.716981"><ele>103.880</ele><time>2026-05-05T15:26:36Z</time></trkpt><trkpt lat="-16.056254" lon="-57.717006"><ele>101.796</ele><time>2026-05-05T15:26:37Z</time></trkpt><trkpt lat="-16.056089" lon="-57.717034"><ele>101.142</ele><time>2026-05-05T15:26:38Z</time></trkpt><trkpt lat="-16.055926" lon="-57.717067"><ele>101.573</ele><time>2026-05-05T15:26:39Z</time></trkpt><trkpt lat="-16.055771" lon="-57.7171"><ele>101.297</ele><time>2026-05-05T15:26:40Z</time></trkpt><trkpt lat="-16.055618" lon="-57.717132"><ele>100.736</ele><time>2026-05-05T15:26:41Z</time></trkpt><trkpt lat="-16.05547" lon="-57.71716"><ele>100.669</ele><time>2026-05-05T15:26:42Z</time></trkpt><trkpt lat="-16.055327" lon="-57.717188"><ele>100.513</ele><time>2026-05-05T15:26:43Z</time></trkpt><trkpt lat="-16.055185" lon="-57.717216"><ele>100.697</ele><time>2026-05-05T15:26:44Z</time></trkpt><trkpt lat="-16.05505" lon="-57.717243"><ele>100.393</ele><time>2026-05-05T15:26:45Z</time></trkpt><trkpt lat="-16.05491" lon="-57.717275"><ele>99.763</ele><time>2026-05-05T15:26:46Z</time></trkpt><trkpt lat="-16.054763" lon="-57.717318"><ele>100.138</ele><time>2026-05-05T15:26:47Z</time></trkpt><trkpt lat="-16.054621" lon="-57.717351"><ele>100.847</ele><time>2026-05-05T15:26:48Z</time></trkpt><trkpt lat="-16.054476" lon="-57.717383"><ele>100.821</ele><time>2026-05-05T15:26:49Z</time></trkpt><trkpt lat="-16.054334" lon="-57.717411"><ele>100.864</ele><time>2026-05-05T15:26:50Z</time></trkpt><trkpt lat="-16.054186" lon="-57.717436"><ele>100.790</ele><time>2026-05-05T15:26:51Z</time></trkpt><trkpt lat="-16.054036" lon="-57.717466"><ele>100.637</ele><time>2026-05-05T15:26:52Z</time></trkpt><trkpt lat="-16.053889" lon="-57.717494"><ele>100.518</ele><time>2026-05-05T15:26:53Z</time></trkpt><trkpt lat="-16.053737" lon="-57.717527"><ele>100.416</ele><time>2026-05-05T15:26:54Z</time></trkpt><trkpt lat="-16.053587" lon="-57.717559"><ele>100.192</ele><time>2026-05-05T15:26:55Z</time></trkpt><trkpt lat="-16.053435" lon="-57.717592"><ele>99.830</ele><time>2026-05-05T15:26:56Z</time></trkpt><trkpt lat="-16.05329" lon="-57.71761"><ele>100.220</ele><time>2026-05-05T15:26:57Z</time></trkpt><trkpt lat="-16.053137" lon="-57.717635"><ele>100.796</ele><time>2026-05-05T15:26:58Z</time></trkpt><trkpt lat="-16.052985" lon="-57.71766"><ele>101.353</ele><time>2026-05-05T15:26:59Z</time></trkpt><trkpt lat="-16.052838" lon="-57.717683"><ele>102.122</ele><time>2026-05-05T15:27:00Z</time></trkpt><trkpt lat="-16.052686" lon="-57.717711"><ele>102.383</ele><time>2026-05-05T15:27:01Z</time></trkpt><trkpt lat="-16.052534" lon="-57.717743"><ele>102.339</ele><time>2026-05-05T15:27:02Z</time></trkpt><trkpt lat="-16.052386" lon="-57.717773"><ele>102.270</ele><time>2026-05-05T15:27:03Z</time></trkpt><trkpt lat="-16.052246" lon="-57.7178"><ele>102.036</ele><time>2026-05-05T15:27:04Z</time></trkpt><trkpt lat="-16.052101" lon="-57.717827"><ele>102.013</ele><time>2026-05-05T15:27:05Z</time></trkpt><trkpt lat="-16.051956" lon="-57.717852"><ele>102.331</ele><time>2026-05-05T15:27:06Z</time></trkpt><trkpt lat="-16.051811" lon="-57.71788"><ele>102.599</ele><time>2026-05-05T15:27:07Z</time></trkpt><trkpt lat="-16.051663" lon="-57.71791"><ele>102.739</ele><time>2026-05-05T15:27:08Z</time></trkpt><trkpt lat="-16.051513" lon="-57.71794"><ele>103.154</ele><time>2026-05-05T15:27:09Z</time></trkpt><trkpt lat="-16.051358" lon="-57.71797"><ele>103.527</ele><time>2026-05-05T15:27:10Z</time></trkpt><trkpt lat="-16.0512" lon="-57.718002"><ele>104.051</ele><time>2026-05-05T15:27:11Z</time></trkpt><trkpt lat="-16.05104" lon="-57.718034"><ele>104.510</ele><time>2026-05-05T15:27:12Z</time></trkpt><trkpt lat="-16.050878" lon="-57.718064"><ele>104.920</ele><time>2026-05-05T15:27:13Z</time></trkpt><trkpt lat="-16.050715" lon="-57.718096"><ele>105.386</ele><time>2026-05-05T15:27:14Z</time></trkpt><trkpt lat="-16.050553" lon="-57.718129"><ele>105.785</ele><time>2026-05-05T15:27:15Z</time></trkpt><trkpt lat="-16.050388" lon="-57.718162"><ele>106.101</ele><time>2026-05-05T15:27:16Z</time></trkpt><trkpt lat="-16.050225" lon="-57.718194"><ele>106.574</ele><time>2026-05-05T15:27:17Z</time></trkpt><trkpt lat="-16.050065" lon="-57.718227"><ele>107.058</ele><time>2026-05-05T15:27:18Z</time></trkpt><trkpt lat="-16.049902" lon="-57.71826"><ele>107.459</ele><time>2026-05-05T15:27:19Z</time></trkpt><trkpt lat="-16.049734" lon="-57.718292"><ele>107.628</ele><time>2026-05-05T15:27:20Z</time></trkpt><trkpt lat="-16.049564" lon="-57.718324"><ele>107.745</ele><time>2026-05-05T15:27:21Z</time></trkpt><trkpt lat="-16.049399" lon="-57.718352"><ele>107.708</ele><time>2026-05-05T15:27:22Z</time></trkpt><trkpt lat="-16.049231" lon="-57.718382"><ele>107.618</ele><time>2026-05-05T15:27:23Z</time></trkpt><trkpt lat="-16.049066" lon="-57.718412"><ele>107.659</ele><time>2026-05-05T15:27:24Z</time></trkpt><trkpt lat="-16.048896" lon="-57.718447"><ele>107.619</ele><time>2026-05-05T15:27:25Z</time></trkpt><trkpt lat="-16.048726" lon="-57.718484"><ele>107.592</ele><time>2026-05-05T15:27:26Z</time></trkpt><trkpt lat="-16.048556" lon="-57.718519"><ele>107.306</ele><time>2026-05-05T15:27:27Z</time></trkpt><trkpt lat="-16.048389" lon="-57.718554"><ele>106.916</ele><time>2026-05-05T15:27:28Z</time></trkpt><trkpt lat="-16.048222" lon="-57.718587"><ele>106.652</ele><time>2026-05-05T15:27:29Z</time></trkpt><trkpt lat="-16.048057" lon="-57.718622"><ele>106.405</ele><time>2026-05-05T15:27:30Z</time></trkpt><trkpt lat="-16.047895" lon="-57.718655"><ele>106.399</ele><time>2026-05-05T15:27:31Z</time></trkpt><trkpt lat="-16.047732" lon="-57.718688"><ele>106.362</ele><time>2026-05-05T15:27:32Z</time></trkpt><trkpt lat="-16.047567" lon="-57.718721"><ele>106.430</ele><time>2026-05-05T15:27:33Z</time></trkpt><trkpt lat="-16.0474" lon="-57.718753"><ele>106.517</ele><time>2026-05-05T15:27:34Z</time></trkpt><trkpt lat="-16.047232" lon="-57.718788"><ele>106.629</ele><time>2026-05-05T15:27:35Z</time></trkpt><trkpt lat="-16.047065" lon="-57.718823"><ele>106.659</ele><time>2026-05-05T15:27:36Z</time></trkpt><trkpt lat="-16.0469" lon="-57.718856"><ele>106.692</ele><time>2026-05-05T15:27:37Z</time></trkpt><trkpt lat="-16.046735" lon="-57.718889"><ele>106.768</ele><time>2026-05-05T15:27:38Z</time></trkpt><trkpt lat="-16.04657" lon="-57.718924"><ele>106.784</ele><time>2026-05-05T15:27:39Z</time></trkpt><trkpt lat="-16.046405" lon="-57.718959"><ele>106.613</ele><time>2026-05-05T15:27:40Z</time></trkpt><trkpt lat="-16.046238" lon="-57.718992"><ele>106.615</ele><time>2026-05-05T15:27:41Z</time></trkpt><trkpt lat="-16.046071" lon="-57.719025"><ele>106.659</ele><time>2026-05-05T15:27:42Z</time></trkpt><trkpt lat="-16.045906" lon="-57.719055"><ele>106.601</ele><time>2026-05-05T15:27:43Z</time></trkpt><trkpt lat="-16.045743" lon="-57.719085"><ele>106.650</ele><time>2026-05-05T15:27:44Z</time></trkpt><trkpt lat="-16.045578" lon="-57.719118"><ele>106.938</ele><time>2026-05-05T15:27:45Z</time></trkpt><trkpt lat="-16.045413" lon="-57.719155"><ele>107.493</ele><time>2026-05-05T15:27:46Z</time></trkpt><trkpt lat="-16.045241" lon="-57.719192"><ele>107.930</ele><time>2026-05-05T15:27:47Z</time></trkpt><trkpt lat="-16.045073" lon="-57.719224"><ele>108.593</ele><time>2026-05-05T15:27:48Z</time></trkpt><trkpt lat="-16.044903" lon="-57.719254"><ele>109.108</ele><time>2026-05-05T15:27:49Z</time></trkpt><trkpt lat="-16.044745" lon="-57.719289"><ele>109.370</ele><time>2026-05-05T15:27:50Z</time></trkpt><trkpt lat="-16.044585" lon="-57.719314"><ele>109.101</ele><time>2026-05-05T15:27:51Z</time></trkpt><trkpt lat="-16.044418" lon="-57.719344"><ele>108.998</ele><time>2026-05-05T15:27:52Z</time></trkpt><trkpt lat="-16.044253" lon="-57.719376"><ele>108.876</ele><time>2026-05-05T15:27:53Z</time></trkpt><trkpt lat="-16.044086" lon="-57.719413"><ele>108.699</ele><time>2026-05-05T15:27:54Z</time></trkpt><trkpt lat="-16.043919" lon="-57.719445"><ele>108.404</ele><time>2026-05-05T15:27:55Z</time></trkpt><trkpt lat="-16.043771" lon="-57.719472"><ele>107.589</ele><time>2026-05-05T15:27:56Z</time></trkpt><trkpt lat="-16.043598" lon="-57.719505"><ele>106.401</ele><time>2026-05-05T15:27:57Z</time></trkpt><trkpt lat="-16.04343" lon="-57.719537"><ele>106.085</ele><time>2026-05-05T15:27:58Z</time></trkpt><trkpt lat="-16.043268" lon="-57.719574"><ele>105.916</ele><time>2026-05-05T15:27:59Z</time></trkpt><trkpt lat="-16.043106" lon="-57.719617"><ele>105.920</ele><time>2026-05-05T15:28:00Z</time></trkpt><trkpt lat="-16.042781" lon="-57.719719"><ele>105.928</ele><time>2026-05-05T15:28:02Z</time></trkpt><trkpt lat="-16.042616" lon="-57.719779"><ele>105.914</ele><time>2026-05-05T15:28:03Z</time></trkpt><trkpt lat="-16.042456" lon="-57.719841"><ele>106.361</ele><time>2026-05-05T15:28:04Z</time></trkpt><trkpt lat="-16.042296" lon="-57.719906"><ele>107.051</ele><time>2026-05-05T15:28:05Z</time></trkpt><trkpt lat="-16.042139" lon="-57.719976"><ele>107.252</ele><time>2026-05-05T15:28:06Z</time></trkpt><trkpt lat="-16.041986" lon="-57.720054"><ele>107.695</ele><time>2026-05-05T15:28:07Z</time></trkpt><trkpt lat="-16.041834" lon="-57.720134"><ele>107.930</ele><time>2026-05-05T15:28:08Z</time></trkpt><trkpt lat="-16.041684" lon="-57.720216"><ele>107.977</ele><time>2026-05-05T15:28:09Z</time></trkpt><trkpt lat="-16.041529" lon="-57.720311"><ele>108.168</ele><time>2026-05-05T15:28:10Z</time></trkpt><trkpt lat="-16.041377" lon="-57.720404"><ele>108.596</ele><time>2026-05-05T15:28:11Z</time></trkpt><trkpt lat="-16.041232" lon="-57.720497"><ele>108.926</ele><time>2026-05-05T15:28:12Z</time></trkpt><trkpt lat="-16.041087" lon="-57.720585"><ele>109.101</ele><time>2026-05-05T15:28:13Z</time></trkpt><trkpt lat="-16.040945" lon="-57.720683"><ele>109.123</ele><time>2026-05-05T15:28:14Z</time></trkpt><trkpt lat="-16.040803" lon="-57.720778"><ele>109.235</ele><time>2026-05-05T15:28:15Z</time></trkpt><trkpt lat="-16.04066" lon="-57.720871"><ele>109.122</ele><time>2026-05-05T15:28:16Z</time></trkpt><trkpt lat="-16.040517" lon="-57.720964"><ele>108.946</ele><time>2026-05-05T15:28:17Z</time></trkpt><trkpt lat="-16.040375" lon="-57.721057"><ele>108.817</ele><time>2026-05-05T15:28:18Z</time></trkpt><trkpt lat="-16.040238" lon="-57.721157"><ele>108.648</ele><time>2026-05-05T15:28:19Z</time></trkpt><trkpt lat="-16.040106" lon="-57.721249"><ele>108.417</ele><time>2026-05-05T15:28:20Z</time></trkpt><trkpt lat="-16.039973" lon="-57.721336"><ele>108.193</ele><time>2026-05-05T15:28:21Z</time></trkpt><trkpt lat="-16.039846" lon="-57.721419"><ele>107.834</ele><time>2026-05-05T15:28:22Z</time></trkpt><trkpt lat="-16.039719" lon="-57.721499"><ele>107.727</ele><time>2026-05-05T15:28:23Z</time></trkpt><trkpt lat="-16.039591" lon="-57.721577"><ele>107.611</ele><time>2026-05-05T15:28:24Z</time></trkpt><trkpt lat="-16.039468" lon="-57.721657"><ele>107.724</ele><time>2026-05-05T15:28:25Z</time></trkpt><trkpt lat="-16.039351" lon="-57.721744"><ele>107.774</ele><time>2026-05-05T15:28:26Z</time></trkpt><trkpt lat="-16.039221" lon="-57.721834"><ele>107.722</ele><time>2026-05-05T15:28:27Z</time></trkpt><trkpt lat="-16.039094" lon="-57.721917"><ele>107.966</ele><time>2026-05-05T15:28:28Z</time></trkpt><trkpt lat="-16.038979" lon="-57.722002"><ele>108.089</ele><time>2026-05-05T15:28:29Z</time></trkpt><trkpt lat="-16.038867" lon="-57.72209"><ele>107.937</ele><time>2026-05-05T15:28:30Z</time></trkpt><trkpt lat="-16.038752" lon="-57.722182"><ele>107.777</ele><time>2026-05-05T15:28:31Z</time></trkpt><trkpt lat="-16.038634" lon="-57.722265"><ele>107.688</ele><time>2026-05-05T15:28:32Z</time></trkpt><trkpt lat="-16.038521" lon="-57.722333"><ele>107.329</ele><time>2026-05-05T15:28:33Z</time></trkpt><trkpt lat="-16.038394" lon="-57.722401"><ele>106.972</ele><time>2026-05-05T15:28:34Z</time></trkpt><trkpt lat="-16.038269" lon="-57.722479"><ele>106.640</ele><time>2026-05-05T15:28:35Z</time></trkpt><trkpt lat="-16.038146" lon="-57.722559"><ele>106.530</ele><time>2026-05-05T15:28:36Z</time></trkpt><trkpt lat="-16.038031" lon="-57.722647"><ele>106.567</ele><time>2026-05-05T15:28:37Z</time></trkpt><trkpt lat="-16.037909" lon="-57.722735"><ele>106.771</ele><time>2026-05-05T15:28:38Z</time></trkpt><trkpt lat="-16.037784" lon="-57.722815"><ele>107.009</ele><time>2026-05-05T15:28:39Z</time></trkpt><trkpt lat="-16.037644" lon="-57.722892"><ele>107.101</ele><time>2026-05-05T15:28:40Z</time></trkpt><trkpt lat="-16.037514" lon="-57.722977"><ele>107.236</ele><time>2026-05-05T15:28:41Z</time></trkpt><trkpt lat="-16.037382" lon="-57.723062"><ele>107.577</ele><time>2026-05-05T15:28:42Z</time></trkpt><trkpt lat="-16.037245" lon="-57.72315"><ele>107.572</ele><time>2026-05-05T15:28:43Z</time></trkpt><trkpt lat="-16.037112" lon="-57.723242"><ele>107.413</ele><time>2026-05-05T15:28:44Z</time></trkpt><trkpt lat="-16.036979" lon="-57.723329"><ele>107.376</ele><time>2026-05-05T15:28:45Z</time></trkpt><trkpt lat="-16.036846" lon="-57.723416"><ele>107.451</ele><time>2026-05-05T15:28:46Z</time></trkpt><trkpt lat="-16.036713" lon="-57.723501"><ele>107.740</ele><time>2026-05-05T15:28:47Z</time></trkpt><trkpt lat="-16.036576" lon="-57.723588"><ele>107.926</ele><time>2026-05-05T15:28:48Z</time></trkpt><trkpt lat="-16.036439" lon="-57.723683"><ele>107.829</ele><time>2026-05-05T15:28:49Z</time></trkpt><trkpt lat="-16.036304" lon="-57.723771"><ele>107.886</ele><time>2026-05-05T15:28:50Z</time></trkpt><trkpt lat="-16.036171" lon="-57.723859"><ele>107.975</ele><time>2026-05-05T15:28:51Z</time></trkpt><trkpt lat="-16.036033" lon="-57.723954"><ele>108.086</ele><time>2026-05-05T15:28:52Z</time></trkpt><trkpt lat="-16.0359" lon="-57.724039"><ele>108.021</ele><time>2026-05-05T15:28:53Z</time></trkpt><trkpt lat="-16.035767" lon="-57.724122"><ele>107.953</ele><time>2026-05-05T15:28:54Z</time></trkpt><trkpt lat="-16.035635" lon="-57.724212"><ele>107.829</ele><time>2026-05-05T15:28:55Z</time></trkpt><trkpt lat="-16.035505" lon="-57.724302"><ele>107.737</ele><time>2026-05-05T15:28:56Z</time></trkpt><trkpt lat="-16.035375" lon="-57.724389"><ele>107.954</ele><time>2026-05-05T15:28:57Z</time></trkpt><trkpt lat="-16.035242" lon="-57.724479"><ele>108.354</ele><time>2026-05-05T15:28:58Z</time></trkpt><trkpt lat="-16.035112" lon="-57.724571"><ele>108.451</ele><time>2026-05-05T15:28:59Z</time></trkpt><trkpt lat="-16.034979" lon="-57.724656"><ele>108.411</ele><time>2026-05-05T15:29:00Z</time></trkpt><trkpt lat="-16.034846" lon="-57.724743"><ele>108.321</ele><time>2026-05-05T15:29:01Z</time></trkpt><trkpt lat="-16.034713" lon="-57.72483"><ele>108.257</ele><time>2026-05-05T15:29:02Z</time></trkpt><trkpt lat="-16.03458" lon="-57.72492"><ele>108.391</ele><time>2026-05-05T15:29:03Z</time></trkpt><trkpt lat="-16.034452" lon="-57.725008"><ele>108.614</ele><time>2026-05-05T15:29:04Z</time></trkpt><trkpt lat="-16.03433" lon="-57.725091"><ele>108.927</ele><time>2026-05-05T15:29:05Z</time></trkpt><trkpt lat="-16.034213" lon="-57.725173"><ele>109.215</ele><time>2026-05-05T15:29:06Z</time></trkpt><trkpt lat="-16.034096" lon="-57.72525"><ele>109.649</ele><time>2026-05-05T15:29:07Z</time></trkpt><trkpt lat="-16.033983" lon="-57.725327"><ele>110.056</ele><time>2026-05-05T15:29:08Z</time></trkpt><trkpt lat="-16.033871" lon="-57.725404"><ele>110.344</ele><time>2026-05-05T15:29:09Z</time></trkpt><trkpt lat="-16.033761" lon="-57.725481"><ele>110.281</ele><time>2026-05-05T15:29:10Z</time></trkpt><trkpt lat="-16.033654" lon="-57.725556"><ele>110.281</ele><time>2026-05-05T15:29:11Z</time></trkpt><trkpt lat="-16.033551" lon="-57.725619"><ele>109.967</ele><time>2026-05-05T15:29:12Z</time></trkpt><trkpt lat="-16.033448" lon="-57.725689"><ele>109.786</ele><time>2026-05-05T15:29:13Z</time></trkpt><trkpt lat="-16.033348" lon="-57.725759"><ele>109.734</ele><time>2026-05-05T15:29:14Z</time></trkpt><trkpt lat="-16.033248" lon="-57.725832"><ele>109.712</ele><time>2026-05-05T15:29:15Z</time></trkpt><trkpt lat="-16.033148" lon="-57.725904"><ele>109.772</ele><time>2026-05-05T15:29:16Z</time></trkpt><trkpt lat="-16.033043" lon="-57.725969"><ele>109.218</ele><time>2026-05-05T15:29:17Z</time></trkpt><trkpt lat="-16.032951" lon="-57.726041"><ele>108.377</ele><time>2026-05-05T15:29:18Z</time></trkpt><trkpt lat="-16.032868" lon="-57.726113"><ele>107.680</ele><time>2026-05-05T15:29:19Z</time></trkpt><trkpt lat="-16.032771" lon="-57.726181"><ele>106.714</ele><time>2026-05-05T15:29:20Z</time></trkpt><trkpt lat="-16.032679" lon="-57.726246"><ele>104.447</ele><time>2026-05-05T15:29:21Z</time></trkpt><trkpt lat="-16.032586" lon="-57.726311"><ele>102.785</ele><time>2026-05-05T15:29:22Z</time></trkpt><trkpt lat="-16.032488" lon="-57.726369"><ele>102.035</ele><time>2026-05-05T15:29:23Z</time></trkpt><trkpt lat="-16.03239" lon="-57.726427"><ele>101.609</ele><time>2026-05-05T15:29:24Z</time></trkpt><trkpt lat="-16.032292" lon="-57.72648"><ele>101.296</ele><time>2026-05-05T15:29:25Z</time></trkpt><trkpt lat="-16.032195" lon="-57.726535"><ele>100.987</ele><time>2026-05-05T15:29:26Z</time></trkpt><trkpt lat="-16.032103" lon="-57.726593"><ele>100.144</ele><time>2026-05-05T15:29:27Z</time></trkpt><trkpt lat="-16.032013" lon="-57.726651"><ele>100.192</ele><time>2026-05-05T15:29:28Z</time></trkpt><trkpt lat="-16.031925" lon="-57.726704"><ele>100.309</ele><time>2026-05-05T15:29:29Z</time></trkpt><trkpt lat="-16.031842" lon="-57.726751"><ele>100.473</ele><time>2026-05-05T15:29:30Z</time></trkpt><trkpt lat="-16.031769" lon="-57.726799"><ele>101.370</ele><time>2026-05-05T15:29:31Z</time></trkpt><trkpt lat="-16.031704" lon="-57.726846"><ele>102.419</ele><time>2026-05-05T15:29:32Z</time></trkpt><trkpt lat="-16.031644" lon="-57.726886"><ele>102.478</ele><time>2026-05-05T15:29:33Z</time></trkpt><trkpt lat="-16.031589" lon="-57.726923"><ele>102.474</ele><time>2026-05-05T15:29:34Z</time></trkpt><trkpt lat="-16.031544" lon="-57.726955"><ele>102.495</ele><time>2026-05-05T15:29:35Z</time></trkpt><trkpt lat="-16.031479" lon="-57.726995"><ele>102.365</ele><time>2026-05-05T15:29:37Z</time></trkpt><trkpt lat="-16.031434" lon="-57.727027"><ele>102.306</ele><time>2026-05-05T15:29:40Z</time></trkpt><trkpt lat="-16.031389" lon="-57.727059"><ele>103.386</ele><time>2026-05-05T15:30:12Z</time></trkpt><trkpt lat="-16.031351" lon="-57.727089"><ele>104.381</ele><time>2026-05-05T15:30:14Z</time></trkpt><trkpt lat="-16.031291" lon="-57.727136"><ele>104.389</ele><time>2026-05-05T15:30:16Z</time></trkpt><trkpt lat="-16.031221" lon="-57.727193"><ele>104.458</ele><time>2026-05-05T15:30:18Z</time></trkpt><trkpt lat="-16.031176" lon="-57.727226"><ele>104.657</ele><time>2026-05-05T15:30:19Z</time></trkpt><trkpt lat="-16.031123" lon="-57.727263"><ele>104.756</ele><time>2026-05-05T15:30:20Z</time></trkpt><trkpt lat="-16.031068" lon="-57.7273"><ele>104.736</ele><time>2026-05-05T15:30:21Z</time></trkpt><trkpt lat="-16.031006" lon="-57.727342"><ele>104.711</ele><time>2026-05-05T15:30:22Z</time></trkpt><trkpt lat="-16.030941" lon="-57.727385"><ele>104.752</ele><time>2026-05-05T15:30:23Z</time></trkpt><trkpt lat="-16.030876" lon="-57.727425"><ele>104.759</ele><time>2026-05-05T15:30:24Z</time></trkpt><trkpt lat="-16.030818" lon="-57.727465"><ele>104.825</ele><time>2026-05-05T15:30:25Z</time></trkpt><trkpt lat="-16.030755" lon="-57.727508"><ele>104.947</ele><time>2026-05-05T15:30:26Z</time></trkpt><trkpt lat="-16.03069" lon="-57.727555"><ele>105.115</ele><time>2026-05-05T15:30:27Z</time></trkpt><trkpt lat="-16.030623" lon="-57.7276"><ele>105.353</ele><time>2026-05-05T15:30:28Z</time></trkpt><trkpt lat="-16.030558" lon="-57.727645"><ele>105.681</ele><time>2026-05-05T15:30:29Z</time></trkpt><trkpt lat="-16.030491" lon="-57.727692"><ele>105.861</ele><time>2026-05-05T15:30:30Z</time></trkpt><trkpt lat="-16.030431" lon="-57.727734"><ele>106.077</ele><time>2026-05-05T15:30:31Z</time></trkpt><trkpt lat="-16.030366" lon="-57.727772"><ele>106.276</ele><time>2026-05-05T15:30:32Z</time></trkpt><trkpt lat="-16.030306" lon="-57.727805"><ele>106.586</ele><time>2026-05-05T15:30:33Z</time></trkpt><trkpt lat="-16.030251" lon="-57.72783"><ele>106.895</ele><time>2026-05-05T15:30:34Z</time></trkpt><trkpt lat="-16.030199" lon="-57.727853"><ele>107.066</ele><time>2026-05-05T15:30:35Z</time></trkpt><trkpt lat="-16.030151" lon="-57.727873"><ele>107.108</ele><time>2026-05-05T15:30:36Z</time></trkpt><trkpt lat="-16.030106" lon="-57.727891"><ele>107.343</ele><time>2026-05-05T15:30:37Z</time></trkpt><trkpt lat="-16.030024" lon="-57.727916"><ele>107.476</ele><time>2026-05-05T15:30:39Z</time></trkpt><trkpt lat="-16.029962" lon="-57.727953"><ele>107.455</ele><time>2026-05-05T15:30:41Z</time></trkpt><trkpt lat="-16.029925" lon="-57.72799"><ele>107.418</ele><time>2026-05-05T15:30:43Z</time></trkpt><trkpt lat="-16.029892" lon="-57.728022"><ele>107.417</ele><time>2026-05-05T15:30:45Z</time></trkpt><trkpt lat="-16.029845" lon="-57.728059"><ele>107.416</ele><time>2026-05-05T15:30:47Z</time></trkpt><trkpt lat="-16.029792" lon="-57.728071"><ele>107.649</ele><time>2026-05-05T15:30:49Z</time></trkpt><trkpt lat="-16.029727" lon="-57.728101"><ele>107.869</ele><time>2026-05-05T15:30:51Z</time></trkpt><trkpt lat="-16.02968" lon="-57.728109"><ele>107.857</ele><time>2026-05-05T15:30:52Z</time></trkpt><trkpt lat="-16.029637" lon="-57.728131"><ele>107.847</ele><time>2026-05-05T15:30:53Z</time></trkpt><trkpt lat="-16.02958" lon="-57.728166"><ele>107.748</ele><time>2026-05-05T15:30:54Z</time></trkpt><trkpt lat="-16.02952" lon="-57.728214"><ele>107.331</ele><time>2026-05-05T15:30:55Z</time></trkpt><trkpt lat="-16.029458" lon="-57.728282"><ele>106.251</ele><time>2026-05-05T15:30:56Z</time></trkpt><trkpt lat="-16.029401" lon="-57.728329"><ele>105.563</ele><time>2026-05-05T15:30:57Z</time></trkpt><trkpt lat="-16.029353" lon="-57.728369"><ele>105.535</ele><time>2026-05-05T15:30:58Z</time></trkpt><trkpt lat="-16.029303" lon="-57.728417"><ele>105.778</ele><time>2026-05-05T15:30:59Z</time></trkpt><trkpt lat="-16.029246" lon="-57.728467"><ele>105.991</ele><time>2026-05-05T15:31:00Z</time></trkpt><trkpt lat="-16.029186" lon="-57.728522"><ele>106.033</ele><time>2026-05-05T15:31:01Z</time></trkpt><trkpt lat="-16.029123" lon="-57.728567"><ele>106.222</ele><time>2026-05-05T15:31:02Z</time></trkpt><trkpt lat="-16.029058" lon="-57.72861"><ele>106.233</ele><time>2026-05-05T15:31:03Z</time></trkpt><trkpt lat="-16.028981" lon="-57.728658"><ele>106.222</ele><time>2026-05-05T15:31:04Z</time></trkpt><trkpt lat="-16.028903" lon="-57.728711"><ele>106.071</ele><time>2026-05-05T15:31:05Z</time></trkpt><trkpt lat="-16.028823" lon="-57.728768"><ele>105.912</ele><time>2026-05-05T15:31:06Z</time></trkpt><trkpt lat="-16.028735" lon="-57.72883"><ele>105.741</ele><time>2026-05-05T15:31:07Z</time></trkpt><trkpt lat="-16.028647" lon="-57.728895"><ele>105.432</ele><time>2026-05-05T15:31:08Z</time></trkpt><trkpt lat="-16.028559" lon="-57.728962"><ele>105.305</ele><time>2026-05-05T15:31:09Z</time></trkpt><trkpt lat="-16.028466" lon="-57.729027"><ele>105.187</ele><time>2026-05-05T15:31:10Z</time></trkpt><trkpt lat="-16.028373" lon="-57.72909"><ele>105.013</ele><time>2026-05-05T15:31:11Z</time></trkpt><trkpt lat="-16.02828" lon="-57.729153"><ele>105.017</ele><time>2026-05-05T15:31:12Z</time></trkpt><trkpt lat="-16.028188" lon="-57.729215"><ele>104.522</ele><time>2026-05-05T15:31:13Z</time></trkpt><trkpt lat="-16.028096" lon="-57.729273"><ele>104.504</ele><time>2026-05-05T15:31:14Z</time></trkpt><trkpt lat="-16.028011" lon="-57.72933"><ele>104.473</ele><time>2026-05-05T15:31:15Z</time></trkpt><trkpt lat="-16.027928" lon="-57.72938"><ele>104.574</ele><time>2026-05-05T15:31:16Z</time></trkpt><trkpt lat="-16.02785" lon="-57.729418"><ele>104.531</ele><time>2026-05-05T15:31:17Z</time></trkpt><trkpt lat="-16.027775" lon="-57.729458"><ele>104.516</ele><time>2026-05-05T15:31:18Z</time></trkpt><trkpt lat="-16.0277" lon="-57.729495"><ele>104.496</ele><time>2026-05-05T15:31:19Z</time></trkpt><trkpt lat="-16.027637" lon="-57.729527"><ele>104.299</ele><time>2026-05-05T15:31:20Z</time></trkpt><trkpt lat="-16.027584" lon="-57.72956"><ele>104.022</ele><time>2026-05-05T15:31:21Z</time></trkpt><trkpt lat="-16.027532" lon="-57.729595"><ele>104.033</ele><time>2026-05-05T15:31:22Z</time></trkpt><trkpt lat="-16.027492" lon="-57.729622"><ele>104.093</ele><time>2026-05-05T15:31:23Z</time></trkpt><trkpt lat="-16.027425" lon="-57.729664"><ele>104.067</ele><time>2026-05-05T15:31:25Z</time></trkpt><trkpt lat="-16.027372" lon="-57.729701"><ele>104.093</ele><time>2026-05-05T15:31:27Z</time></trkpt><trkpt lat="-16.02732" lon="-57.729726"><ele>103.850</ele><time>2026-05-05T15:31:30Z</time></trkpt><trkpt lat="-16.027278" lon="-57.729763"><ele>103.476</ele><time>2026-05-05T15:31:49Z</time></trkpt><trkpt lat="-16.027226" lon="-57.729805"><ele>103.412</ele><time>2026-05-05T15:31:51Z</time></trkpt><trkpt lat="-16.027189" lon="-57.729837"><ele>103.401</ele><time>2026-05-05T15:31:52Z</time></trkpt><trkpt lat="-16.027149" lon="-57.729867"><ele>103.476</ele><time>2026-05-05T15:31:53Z</time></trkpt><trkpt lat="-16.027107" lon="-57.729895"><ele>103.667</ele><time>2026-05-05T15:31:54Z</time></trkpt><trkpt lat="-16.027057" lon="-57.729928"><ele>103.796</ele><time>2026-05-05T15:31:55Z</time></trkpt><trkpt lat="-16.026999" lon="-57.729965"><ele>103.862</ele><time>2026-05-05T15:31:56Z</time></trkpt><trkpt lat="-16.026936" lon="-57.730007"><ele>103.858</ele><time>2026-05-05T15:31:57Z</time></trkpt><trkpt lat="-16.026874" lon="-57.73005"><ele>103.863</ele><time>2026-05-05T15:31:58Z</time></trkpt><trkpt lat="-16.026807" lon="-57.730097"><ele>103.853</ele><time>2026-05-05T15:31:59Z</time></trkpt><trkpt lat="-16.026739" lon="-57.730145"><ele>103.877</ele><time>2026-05-05T15:32:00Z</time></trkpt><trkpt lat="-16.026666" lon="-57.730197"><ele>103.720</ele><time>2026-05-05T15:32:01Z</time></trkpt><trkpt lat="-16.026591" lon="-57.73025"><ele>103.674</ele><time>2026-05-05T15:32:02Z</time></trkpt><trkpt lat="-16.026514" lon="-57.730303"><ele>103.678</ele><time>2026-05-05T15:32:03Z</time></trkpt><trkpt lat="-16.026434" lon="-57.73036"><ele>103.373</ele><time>2026-05-05T15:32:04Z</time></trkpt><trkpt lat="-16.026351" lon="-57.730417"><ele>103.194</ele><time>2026-05-05T15:32:05Z</time></trkpt><trkpt lat="-16.026266" lon="-57.730474"><ele>102.938</ele><time>2026-05-05T15:32:06Z</time></trkpt><trkpt lat="-16.026179" lon="-57.730531"><ele>102.666</ele><time>2026-05-05T15:32:07Z</time></trkpt><trkpt lat="-16.026086" lon="-57.730586"><ele>102.533</ele><time>2026-05-05T15:32:08Z</time></trkpt><trkpt lat="-16.025991" lon="-57.730644"><ele>102.491</ele><time>2026-05-05T15:32:09Z</time></trkpt><trkpt lat="-16.025894" lon="-57.730699"><ele>102.431</ele><time>2026-05-05T15:32:10Z</time></trkpt><trkpt lat="-16.025797" lon="-57.730756"><ele>102.338</ele><time>2026-05-05T15:32:11Z</time></trkpt><trkpt lat="-16.025705" lon="-57.730814"><ele>102.363</ele><time>2026-05-05T15:32:12Z</time></trkpt><trkpt lat="-16.02561" lon="-57.730876"><ele>102.403</ele><time>2026-05-05T15:32:13Z</time></trkpt><trkpt lat="-16.025512" lon="-57.730938"><ele>102.464</ele><time>2026-05-05T15:32:14Z</time></trkpt><trkpt lat="-16.025409" lon="-57.731003"><ele>102.571</ele><time>2026-05-05T15:32:15Z</time></trkpt><trkpt lat="-16.025304" lon="-57.731066"><ele>102.549</ele><time>2026-05-05T15:32:16Z</time></trkpt><trkpt lat="-16.025201" lon="-57.731138"><ele>102.678</ele><time>2026-05-05T15:32:17Z</time></trkpt><trkpt lat="-16.025096" lon="-57.73121"><ele>103.291</ele><time>2026-05-05T15:32:18Z</time></trkpt><trkpt lat="-16.024988" lon="-57.731282"><ele>103.462</ele><time>2026-05-05T15:32:19Z</time></trkpt><trkpt lat="-16.024878" lon="-57.731354"><ele>103.516</ele><time>2026-05-05T15:32:20Z</time></trkpt><trkpt lat="-16.024766" lon="-57.731422"><ele>103.720</ele><time>2026-05-05T15:32:21Z</time></trkpt><trkpt lat="-16.024651" lon="-57.731489"><ele>103.792</ele><time>2026-05-05T15:32:22Z</time></trkpt><trkpt lat="-16.024534" lon="-57.731557"><ele>103.393</ele><time>2026-05-05T15:32:23Z</time></trkpt><trkpt lat="-16.024419" lon="-57.73163"><ele>103.310</ele><time>2026-05-05T15:32:24Z</time></trkpt><trkpt lat="-16.024301" lon="-57.7317"><ele>103.378</ele><time>2026-05-05T15:32:25Z</time></trkpt><trkpt lat="-16.024184" lon="-57.731768"><ele>102.295</ele><time>2026-05-05T15:32:26Z</time></trkpt><trkpt lat="-16.024072" lon="-57.731843"><ele>101.712</ele><time>2026-05-05T15:32:27Z</time></trkpt><trkpt lat="-16.023955" lon="-57.731913"><ele>101.665</ele><time>2026-05-05T15:32:28Z</time></trkpt><trkpt lat="-16.023847" lon="-57.731981"><ele>101.057</ele><time>2026-05-05T15:32:29Z</time></trkpt><trkpt lat="-16.023739" lon="-57.732051"><ele>101.065</ele><time>2026-05-05T15:32:30Z</time></trkpt><trkpt lat="-16.023636" lon="-57.732123"><ele>100.984</ele><time>2026-05-05T15:32:31Z</time></trkpt><trkpt lat="-16.023533" lon="-57.732193"><ele>100.947</ele><time>2026-05-05T15:32:32Z</time></trkpt><trkpt lat="-16.023436" lon="-57.73226"><ele>100.959</ele><time>2026-05-05T15:32:33Z</time></trkpt><trkpt lat="-16.023341" lon="-57.732323"><ele>101.330</ele><time>2026-05-05T15:32:34Z</time></trkpt><trkpt lat="-16.023258" lon="-57.732385"><ele>101.767</ele><time>2026-05-05T15:32:35Z</time></trkpt><trkpt lat="-16.023183" lon="-57.732438"><ele>102.089</ele><time>2026-05-05T15:32:36Z</time></trkpt><trkpt lat="-16.023118" lon="-57.732485"><ele>102.467</ele><time>2026-05-05T15:32:37Z</time></trkpt><trkpt lat="-16.023061" lon="-57.732522"><ele>103.012</ele><time>2026-05-05T15:32:38Z</time></trkpt><trkpt lat="-16.023013" lon="-57.732555"><ele>103.253</ele><time>2026-05-05T15:32:39Z</time></trkpt><trkpt lat="-16.022968" lon="-57.73258"><ele>103.796</ele><time>2026-05-05T15:32:40Z</time></trkpt><trkpt lat="-16.022901" lon="-57.732595"><ele>104.406</ele><time>2026-05-05T15:32:42Z</time></trkpt><trkpt lat="-16.022853" lon="-57.732573"><ele>105.075</ele><time>2026-05-05T15:32:45Z</time></trkpt><trkpt lat="-16.022816" lon="-57.73252"><ele>106.547</ele><time>2026-05-05T15:32:48Z</time></trkpt><trkpt lat="-16.022789" lon="-57.732478"><ele>107.586</ele><time>2026-05-05T15:32:50Z</time></trkpt><trkpt lat="-16.022751" lon="-57.732416"><ele>108.372</ele><time>2026-05-05T15:32:52Z</time></trkpt><trkpt lat="-16.022694" lon="-57.732359"><ele>108.824</ele><time>2026-05-05T15:32:54Z</time></trkpt><trkpt lat="-16.022661" lon="-57.732327"><ele>109.146</ele><time>2026-05-05T15:32:55Z</time></trkpt><trkpt lat="-16.022619" lon="-57.732294"><ele>109.601</ele><time>2026-05-05T15:32:56Z</time></trkpt><trkpt lat="-16.022582" lon="-57.732259"><ele>110.448</ele><time>2026-05-05T15:32:57Z</time></trkpt><trkpt lat="-16.022544" lon="-57.732224"><ele>110.695</ele><time>2026-05-05T15:32:58Z</time></trkpt><trkpt lat="-16.022502" lon="-57.732186"><ele>111.015</ele><time>2026-05-05T15:32:59Z</time></trkpt><trkpt lat="-16.022465" lon="-57.732148"><ele>111.128</ele><time>2026-05-05T15:33:00Z</time></trkpt><trkpt lat="-16.02243" lon="-57.73211"><ele>111.382</ele><time>2026-05-05T15:33:01Z</time></trkpt><trkpt lat="-16.022365" lon="-57.732047"><ele>111.357</ele><time>2026-05-05T15:33:03Z</time></trkpt><trkpt lat="-16.02233" lon="-57.732017"><ele>111.399</ele><time>2026-05-05T15:33:04Z</time></trkpt><trkpt lat="-16.022292" lon="-57.731984"><ele>111.367</ele><time>2026-05-05T15:33:05Z</time></trkpt><trkpt lat="-16.022255" lon="-57.731949"><ele>111.143</ele><time>2026-05-05T15:33:06Z</time></trkpt><trkpt lat="-16.022218" lon="-57.731916"><ele>111.094</ele><time>2026-05-05T15:33:07Z</time></trkpt><trkpt lat="-16.02218" lon="-57.731881"><ele>111.014</ele><time>2026-05-05T15:33:08Z</time></trkpt><trkpt lat="-16.022143" lon="-57.731846"><ele>111.055</ele><time>2026-05-05T15:33:09Z</time></trkpt><trkpt lat="-16.022106" lon="-57.731811"><ele>111.122</ele><time>2026-05-05T15:33:10Z</time></trkpt><trkpt lat="-16.022071" lon="-57.731781"><ele>111.526</ele><time>2026-05-05T15:33:11Z</time></trkpt><trkpt lat="-16.022004" lon="-57.731719"><ele>112.076</ele><time>2026-05-05T15:33:13Z</time></trkpt><trkpt lat="-16.021967" lon="-57.731687"><ele>112.355</ele><time>2026-05-05T15:33:14Z</time></trkpt><trkpt lat="-16.02193" lon="-57.731655"><ele>112.333</ele><time>2026-05-05T15:33:15Z</time></trkpt><trkpt lat="-16.021893" lon="-57.731618"><ele>112.459</ele><time>2026-05-05T15:33:16Z</time></trkpt><trkpt lat="-16.021858" lon="-57.731586"><ele>112.580</ele><time>2026-05-05T15:33:17Z</time></trkpt><trkpt lat="-16.021825" lon="-57.731554"><ele>112.699</ele><time>2026-05-05T15:33:18Z</time></trkpt><trkpt lat="-16.021792" lon="-57.731519"><ele>112.782</ele><time>2026-05-05T15:33:19Z</time></trkpt><trkpt lat="-16.021757" lon="-57.731489"><ele>112.931</ele><time>2026-05-05T15:33:20Z</time></trkpt><trkpt lat="-16.021725" lon="-57.731456"><ele>113.117</ele><time>2026-05-05T15:33:21Z</time></trkpt><trkpt lat="-16.02166" lon="-57.731388"><ele>113.634</ele><time>2026-05-05T15:33:23Z</time></trkpt><trkpt lat="-16.021627" lon="-57.731351"><ele>114.258</ele><time>2026-05-05T15:33:24Z</time></trkpt><trkpt lat="-16.02159" lon="-57.731314"><ele>114.487</ele><time>2026-05-05T15:33:25Z</time></trkpt><trkpt lat="-16.021552" lon="-57.731277"><ele>114.763</ele><time>2026-05-05T15:33:26Z</time></trkpt><trkpt lat="-16.02151" lon="-57.73124"><ele>115.142</ele><time>2026-05-05T15:33:27Z</time></trkpt><trkpt lat="-16.021468" lon="-57.731198"><ele>115.361</ele><time>2026-05-05T15:33:28Z</time></trkpt><trkpt lat="-16.021428" lon="-57.731151"><ele>115.411</ele><time>2026-05-05T15:33:29Z</time></trkpt><trkpt lat="-16.021388" lon="-57.731106"><ele>115.573</ele><time>2026-05-05T15:33:30Z</time></trkpt><trkpt lat="-16.021341" lon="-57.731066"><ele>115.518</ele><time>2026-05-05T15:33:31Z</time></trkpt><trkpt lat="-16.021298" lon="-57.731033"><ele>115.568</ele><time>2026-05-05T15:33:32Z</time></trkpt><trkpt lat="-16.021261" lon="-57.731001"><ele>115.574</ele><time>2026-05-05T15:33:33Z</time></trkpt><trkpt lat="-16.021224" lon="-57.730969"><ele>115.537</ele><time>2026-05-05T15:33:34Z</time></trkpt><trkpt lat="-16.021181" lon="-57.730934"><ele>115.410</ele><time>2026-05-05T15:33:35Z</time></trkpt><trkpt lat="-16.021141" lon="-57.730897"><ele>115.459</ele><time>2026-05-05T15:33:36Z</time></trkpt><trkpt lat="-16.021099" lon="-57.730862"><ele>115.458</ele><time>2026-05-05T15:33:37Z</time></trkpt><trkpt lat="-16.021056" lon="-57.730829"><ele>115.196</ele><time>2026-05-05T15:33:38Z</time></trkpt><trkpt lat="-16.021011" lon="-57.730792"><ele>114.707</ele><time>2026-05-05T15:33:39Z</time></trkpt><trkpt lat="-16.020969" lon="-57.730754"><ele>114.317</ele><time>2026-05-05T15:33:40Z</time></trkpt><trkpt lat="-16.020924" lon="-57.730716"><ele>114.073</ele><time>2026-05-05T15:33:41Z</time></trkpt><trkpt lat="-16.020881" lon="-57.730684"><ele>113.686</ele><time>2026-05-05T15:33:42Z</time></trkpt><trkpt lat="-16.020841" lon="-57.730649"><ele>113.622</ele><time>2026-05-05T15:33:43Z</time></trkpt><trkpt lat="-16.020803" lon="-57.730616"><ele>113.135</ele><time>2026-05-05T15:33:44Z</time></trkpt><trkpt lat="-16.020771" lon="-57.730583"><ele>113.191</ele><time>2026-05-05T15:33:45Z</time></trkpt><trkpt lat="-16.020736" lon="-57.730551"><ele>112.914</ele><time>2026-05-05T15:33:46Z</time></trkpt><trkpt lat="-16.020698" lon="-57.730518"><ele>112.501</ele><time>2026-05-05T15:33:47Z</time></trkpt><trkpt lat="-16.02066" lon="-57.730488"><ele>112.203</ele><time>2026-05-05T15:33:48Z</time></trkpt><trkpt lat="-16.020595" lon="-57.730433"><ele>112.028</ele><time>2026-05-05T15:33:50Z</time></trkpt><trkpt lat="-16.020558" lon="-57.730401"><ele>111.988</ele><time>2026-05-05T15:33:51Z</time></trkpt><trkpt lat="-16.020521" lon="-57.730366"><ele>111.837</ele><time>2026-05-05T15:33:52Z</time></trkpt><trkpt lat="-16.020483" lon="-57.730331"><ele>111.703</ele><time>2026-05-05T15:33:53Z</time></trkpt><trkpt lat="-16.020441" lon="-57.730296"><ele>111.678</ele><time>2026-05-05T15:33:54Z</time></trkpt><trkpt lat="-16.020401" lon="-57.730261"><ele>111.688</ele><time>2026-05-05T15:33:55Z</time></trkpt><trkpt lat="-16.020359" lon="-57.730221"><ele>111.608</ele><time>2026-05-05T15:33:56Z</time></trkpt><trkpt lat="-16.020314" lon="-57.730183"><ele>111.629</ele><time>2026-05-05T15:33:57Z</time></trkpt><trkpt lat="-16.020266" lon="-57.730145"><ele>111.672</ele><time>2026-05-05T15:33:58Z</time></trkpt><trkpt lat="-16.020223" lon="-57.730102"><ele>111.612</ele><time>2026-05-05T15:33:59Z</time></trkpt><trkpt lat="-16.020181" lon="-57.730059"><ele>111.587</ele><time>2026-05-05T15:34:00Z</time></trkpt><trkpt lat="-16.020139" lon="-57.730017"><ele>111.120</ele><time>2026-05-05T15:34:01Z</time></trkpt><trkpt lat="-16.020096" lon="-57.729975"><ele>110.719</ele><time>2026-05-05T15:34:02Z</time></trkpt><trkpt lat="-16.020051" lon="-57.729935"><ele>110.494</ele><time>2026-05-05T15:34:03Z</time></trkpt><trkpt lat="-16.020006" lon="-57.7299"><ele>110.248</ele><time>2026-05-05T15:34:04Z</time></trkpt><trkpt lat="-16.019963" lon="-57.72987"><ele>110.256</ele><time>2026-05-05T15:34:05Z</time></trkpt><trkpt lat="-16.019921" lon="-57.729832"><ele>110.270</ele><time>2026-05-05T15:34:06Z</time></trkpt><trkpt lat="-16.019881" lon="-57.729799"><ele>110.416</ele><time>2026-05-05T15:34:07Z</time></trkpt><trkpt lat="-16.019839" lon="-57.729766"><ele>110.501</ele><time>2026-05-05T15:34:08Z</time></trkpt><trkpt lat="-16.019802" lon="-57.729729"><ele>110.604</ele><time>2026-05-05T15:34:09Z</time></trkpt><trkpt lat="-16.019764" lon="-57.729691"><ele>110.773</ele><time>2026-05-05T15:34:10Z</time></trkpt><trkpt lat="-16.019726" lon="-57.729658"><ele>110.985</ele><time>2026-05-05T15:34:11Z</time></trkpt><trkpt lat="-16.019683" lon="-57.729623"><ele>111.125</ele><time>2026-05-05T15:34:12Z</time></trkpt><trkpt lat="-16.019636" lon="-57.729586"><ele>111.206</ele><time>2026-05-05T15:34:13Z</time></trkpt><trkpt lat="-16.019591" lon="-57.729548"><ele>111.478</ele><time>2026-05-05T15:34:14Z</time></trkpt><trkpt lat="-16.019546" lon="-57.729506"><ele>111.757</ele><time>2026-05-05T15:34:15Z</time></trkpt><trkpt lat="-16.019504" lon="-57.729464"><ele>111.744</ele><time>2026-05-05T15:34:16Z</time></trkpt><trkpt lat="-16.019459" lon="-57.729422"><ele>111.853</ele><time>2026-05-05T15:34:17Z</time></trkpt><trkpt lat="-16.019416" lon="-57.729382"><ele>111.779</ele><time>2026-05-05T15:34:18Z</time></trkpt><trkpt lat="-16.019368" lon="-57.72934"><ele>111.776</ele><time>2026-05-05T15:34:19Z</time></trkpt><trkpt lat="-16.019321" lon="-57.729305"><ele>111.775</ele><time>2026-05-05T15:34:20Z</time></trkpt><trkpt lat="-16.019273" lon="-57.729272"><ele>111.467</ele><time>2026-05-05T15:34:21Z</time></trkpt><trkpt lat="-16.019225" lon="-57.729232"><ele>111.096</ele><time>2026-05-05T15:34:22Z</time></trkpt><trkpt lat="-16.019177" lon="-57.729187"><ele>110.027</ele><time>2026-05-05T15:34:23Z</time></trkpt><trkpt lat="-16.019132" lon="-57.729145"><ele>109.222</ele><time>2026-05-05T15:34:24Z</time></trkpt><trkpt lat="-16.019085" lon="-57.729107"><ele>108.389</ele><time>2026-05-05T15:34:25Z</time></trkpt><trkpt lat="-16.019037" lon="-57.72907"><ele>108.002</ele><time>2026-05-05T15:34:26Z</time></trkpt><trkpt lat="-16.018987" lon="-57.729035"><ele>107.504</ele><time>2026-05-05T15:34:27Z</time></trkpt><trkpt lat="-16.018937" lon="-57.728998"><ele>107.294</ele><time>2026-05-05T15:34:28Z</time></trkpt><trkpt lat="-16.018889" lon="-57.72896"><ele>107.180</ele><time>2026-05-05T15:34:29Z</time></trkpt><trkpt lat="-16.018834" lon="-57.72892"><ele>106.962</ele><time>2026-05-05T15:34:30Z</time></trkpt><trkpt lat="-16.018779" lon="-57.728882"><ele>106.750</ele><time>2026-05-05T15:34:31Z</time></trkpt><trkpt lat="-16.018726" lon="-57.728835"><ele>106.635</ele><time>2026-05-05T15:34:32Z</time></trkpt><trkpt lat="-16.018671" lon="-57.72879"><ele>106.337</ele><time>2026-05-05T15:34:33Z</time></trkpt><trkpt lat="-16.018619" lon="-57.728747"><ele>106.028</ele><time>2026-05-05T15:34:34Z</time></trkpt><trkpt lat="-16.018564" lon="-57.72871"><ele>106.018</ele><time>2026-05-05T15:34:35Z</time></trkpt><trkpt lat="-16.018509" lon="-57.72867"><ele>105.966</ele><time>2026-05-05T15:34:36Z</time></trkpt><trkpt lat="-16.018456" lon="-57.728625"><ele>105.906</ele><time>2026-05-05T15:34:37Z</time></trkpt><trkpt lat="-16.018406" lon="-57.728582"><ele>105.908</ele><time>2026-05-05T15:34:38Z</time></trkpt><trkpt lat="-16.018358" lon="-57.728537"><ele>105.953</ele><time>2026-05-05T15:34:39Z</time></trkpt><trkpt lat="-16.018308" lon="-57.728494"><ele>106.369</ele><time>2026-05-05T15:34:40Z</time></trkpt><trkpt lat="-16.018261" lon="-57.728456"><ele>106.364</ele><time>2026-05-05T15:34:41Z</time></trkpt><trkpt lat="-16.018211" lon="-57.728418"><ele>106.318</ele><time>2026-05-05T15:34:42Z</time></trkpt><trkpt lat="-16.018164" lon="-57.728375"><ele>106.373</ele><time>2026-05-05T15:34:43Z</time></trkpt><trkpt lat="-16.018112" lon="-57.728328"><ele>106.368</ele><time>2026-05-05T15:34:44Z</time></trkpt><trkpt lat="-16.018057" lon="-57.728286"><ele>106.321</ele><time>2026-05-05T15:34:45Z</time></trkpt><trkpt lat="-16.018005" lon="-57.728248"><ele>106.638</ele><time>2026-05-05T15:34:46Z</time></trkpt><trkpt lat="-16.017953" lon="-57.728206"><ele>106.966</ele><time>2026-05-05T15:34:47Z</time></trkpt><trkpt lat="-16.017905" lon="-57.728164"><ele>107.153</ele><time>2026-05-05T15:34:48Z</time></trkpt><trkpt lat="-16.017855" lon="-57.728121"><ele>107.516</ele><time>2026-05-05T15:34:49Z</time></trkpt><trkpt lat="-16.017803" lon="-57.728076"><ele>108.123</ele><time>2026-05-05T15:34:50Z</time></trkpt><trkpt lat="-16.017751" lon="-57.728028"><ele>108.475</ele><time>2026-05-05T15:34:51Z</time></trkpt><trkpt lat="-16.017699" lon="-57.72798"><ele>108.847</ele><time>2026-05-05T15:34:52Z</time></trkpt><trkpt lat="-16.017646" lon="-57.727928"><ele>108.971</ele><time>2026-05-05T15:34:53Z</time></trkpt><trkpt lat="-16.017591" lon="-57.727878"><ele>109.025</ele><time>2026-05-05T15:34:54Z</time></trkpt><trkpt lat="-16.017533" lon="-57.727828"><ele>109.002</ele><time>2026-05-05T15:34:55Z</time></trkpt><trkpt lat="-16.017473" lon="-57.727783"><ele>109.191</ele><time>2026-05-05T15:34:56Z</time></trkpt><trkpt lat="-16.017416" lon="-57.727736"><ele>109.344</ele><time>2026-05-05T15:34:57Z</time></trkpt><trkpt lat="-16.017359" lon="-57.727686"><ele>109.530</ele><time>2026-05-05T15:34:58Z</time></trkpt><trkpt lat="-16.017297" lon="-57.727638"><ele>109.755</ele><time>2026-05-05T15:34:59Z</time></trkpt><trkpt lat="-16.017239" lon="-57.727586"><ele>110.079</ele><time>2026-05-05T15:35:00Z</time></trkpt><trkpt lat="-16.017182" lon="-57.727536"><ele>110.508</ele><time>2026-05-05T15:35:01Z</time></trkpt><trkpt lat="-16.017127" lon="-57.727491"><ele>110.706</ele><time>2026-05-05T15:35:02Z</time></trkpt><trkpt lat="-16.017069" lon="-57.727438"><ele>110.820</ele><time>2026-05-05T15:35:03Z</time></trkpt><trkpt lat="-16.017014" lon="-57.72739"><ele>110.972</ele><time>2026-05-05T15:35:04Z</time></trkpt><trkpt lat="-16.016961" lon="-57.727342"><ele>111.170</ele><time>2026-05-05T15:35:05Z</time></trkpt><trkpt lat="-16.016911" lon="-57.727297"><ele>111.307</ele><time>2026-05-05T15:35:06Z</time></trkpt><trkpt lat="-16.016863" lon="-57.727254"><ele>111.501</ele><time>2026-05-05T15:35:07Z</time></trkpt><trkpt lat="-16.016813" lon="-57.727207"><ele>111.790</ele><time>2026-05-05T15:35:08Z</time></trkpt><trkpt lat="-16.016765" lon="-57.72716"><ele>111.861</ele><time>2026-05-05T15:35:09Z</time></trkpt><trkpt lat="-16.016718" lon="-57.727118"><ele>111.956</ele><time>2026-05-05T15:35:10Z</time></trkpt><trkpt lat="-16.016676" lon="-57.727081"><ele>112.103</ele><time>2026-05-05T15:35:11Z</time></trkpt><trkpt lat="-16.016633" lon="-57.727048"><ele>112.263</ele><time>2026-05-05T15:35:12Z</time></trkpt><trkpt lat="-16.016595" lon="-57.727016"><ele>112.220</ele><time>2026-05-05T15:35:13Z</time></trkpt><trkpt lat="-16.016557" lon="-57.726988"><ele>112.218</ele><time>2026-05-05T15:35:14Z</time></trkpt><trkpt lat="-16.016517" lon="-57.726958"><ele>112.394</ele><time>2026-05-05T15:35:15Z</time></trkpt><trkpt lat="-16.016475" lon="-57.726926"><ele>112.413</ele><time>2026-05-05T15:35:16Z</time></trkpt><trkpt lat="-16.016428" lon="-57.726888"><ele>112.571</ele><time>2026-05-05T15:35:17Z</time></trkpt><trkpt lat="-16.016376" lon="-57.726851"><ele>112.674</ele><time>2026-05-05T15:35:18Z</time></trkpt><trkpt lat="-16.016328" lon="-57.726809"><ele>112.718</ele><time>2026-05-05T15:35:19Z</time></trkpt><trkpt lat="-16.016281" lon="-57.726762"><ele>112.759</ele><time>2026-05-05T15:35:20Z</time></trkpt><trkpt lat="-16.016231" lon="-57.72672"><ele>112.711</ele><time>2026-05-05T15:35:21Z</time></trkpt><trkpt lat="-16.016183" lon="-57.726677"><ele>112.794</ele><time>2026-05-05T15:35:22Z</time></trkpt><trkpt lat="-16.016136" lon="-57.726639"><ele>112.626</ele><time>2026-05-05T15:35:23Z</time></trkpt><trkpt lat="-16.016091" lon="-57.726601"><ele>112.594</ele><time>2026-05-05T15:35:24Z</time></trkpt><trkpt lat="-16.016043" lon="-57.726568"><ele>112.206</ele><time>2026-05-05T15:35:25Z</time></trkpt><trkpt lat="-16.015996" lon="-57.726535"><ele>111.850</ele><time>2026-05-05T15:35:26Z</time></trkpt><trkpt lat="-16.015954" lon="-57.726507"><ele>111.381</ele><time>2026-05-05T15:35:27Z</time></trkpt><trkpt lat="-16.015914" lon="-57.726475"><ele>111.115</ele><time>2026-05-05T15:35:28Z</time></trkpt><trkpt lat="-16.015874" lon="-57.726438"><ele>111.078</ele><time>2026-05-05T15:35:29Z</time></trkpt><trkpt lat="-16.015831" lon="-57.7264"><ele>110.851</ele><time>2026-05-05T15:35:30Z</time></trkpt><trkpt lat="-16.015788" lon="-57.726363"><ele>110.411</ele><time>2026-05-05T15:35:31Z</time></trkpt><trkpt lat="-16.015741" lon="-57.726321"><ele>109.921</ele><time>2026-05-05T15:35:32Z</time></trkpt><trkpt lat="-16.015693" lon="-57.726278"><ele>109.168</ele><time>2026-05-05T15:35:33Z</time></trkpt><trkpt lat="-16.015648" lon="-57.726235"><ele>108.690</ele><time>2026-05-05T15:35:34Z</time></trkpt><trkpt lat="-16.0156" lon="-57.726185"><ele>108.378</ele><time>2026-05-05T15:35:35Z</time></trkpt><trkpt lat="-16.015548" lon="-57.726138"><ele>108.181</ele><time>2026-05-05T15:35:36Z</time></trkpt><trkpt lat="-16.015495" lon="-57.726096"><ele>107.913</ele><time>2026-05-05T15:35:37Z</time></trkpt><trkpt lat="-16.015448" lon="-57.726054"><ele>107.700</ele><time>2026-05-05T15:35:38Z</time></trkpt><trkpt lat="-16.015401" lon="-57.726012"><ele>107.434</ele><time>2026-05-05T15:35:39Z</time></trkpt><trkpt lat="-16.015359" lon="-57.725972"><ele>107.378</ele><time>2026-05-05T15:35:40Z</time></trkpt><trkpt lat="-16.015312" lon="-57.725934"><ele>107.105</ele><time>2026-05-05T15:35:41Z</time></trkpt><trkpt lat="-16.01527" lon="-57.725899"><ele>107.026</ele><time>2026-05-05T15:35:42Z</time></trkpt><trkpt lat="-16.015228" lon="-57.725862"><ele>106.475</ele><time>2026-05-05T15:35:43Z</time></trkpt><trkpt lat="-16.015186" lon="-57.725829"><ele>106.310</ele><time>2026-05-05T15:35:44Z</time></trkpt><trkpt lat="-16.015148" lon="-57.725796"><ele>106.312</ele><time>2026-05-05T15:35:45Z</time></trkpt><trkpt lat="-16.015115" lon="-57.725763"><ele>106.381</ele><time>2026-05-05T15:35:46Z</time></trkpt><trkpt lat="-16.015057" lon="-57.7257"><ele>106.355</ele><time>2026-05-05T15:35:48Z</time></trkpt><trkpt lat="-16.015002" lon="-57.725645"><ele>106.352</ele><time>2026-05-05T15:35:50Z</time></trkpt><trkpt lat="-16.014969" lon="-57.725608"><ele>106.194</ele><time>2026-05-05T15:35:52Z</time></trkpt><trkpt lat="-16.014886" lon="-57.725541"><ele>101.328</ele><time>2026-05-05T15:36:34Z</time></trkpt><trkpt lat="-16.014786" lon="-57.725471"><ele>99.716</ele><time>2026-05-05T15:36:36Z</time></trkpt><trkpt lat="-16.014743" lon="-57.725433"><ele>99.684</ele><time>2026-05-05T15:36:37Z</time></trkpt><trkpt lat="-16.014701" lon="-57.72539"><ele>99.903</ele><time>2026-05-05T15:36:38Z</time></trkpt><trkpt lat="-16.014666" lon="-57.725353"><ele>100.417</ele><time>2026-05-05T15:36:39Z</time></trkpt><trkpt lat="-16.014629" lon="-57.725313"><ele>100.787</ele><time>2026-05-05T15:36:40Z</time></trkpt><trkpt lat="-16.014586" lon="-57.725271"><ele>100.756</ele><time>2026-05-05T15:36:41Z</time></trkpt><trkpt lat="-16.014541" lon="-57.725226"><ele>100.972</ele><time>2026-05-05T15:36:42Z</time></trkpt><trkpt lat="-16.014489" lon="-57.725183"><ele>101.242</ele><time>2026-05-05T15:36:43Z</time></trkpt><trkpt lat="-16.014437" lon="-57.725135"><ele>101.783</ele><time>2026-05-05T15:36:44Z</time></trkpt><trkpt lat="-16.014385" lon="-57.725088"><ele>101.706</ele><time>2026-05-05T15:36:45Z</time></trkpt><trkpt lat="-16.014333" lon="-57.725043"><ele>102.237</ele><time>2026-05-05T15:36:46Z</time></trkpt><trkpt lat="-16.014281" lon="-57.725"><ele>102.344</ele><time>2026-05-05T15:36:47Z</time></trkpt><trkpt lat="-16.014231" lon="-57.724957"><ele>102.373</ele><time>2026-05-05T15:36:48Z</time></trkpt><trkpt lat="-16.014183" lon="-57.724912"><ele>102.370</ele><time>2026-05-05T15:36:49Z</time></trkpt><trkpt lat="-16.014131" lon="-57.724869"><ele>102.260</ele><time>2026-05-05T15:36:50Z</time></trkpt><trkpt lat="-16.014071" lon="-57.724817"><ele>102.263</ele><time>2026-05-05T15:36:51Z</time></trkpt><trkpt lat="-16.014021" lon="-57.72478"><ele>102.433</ele><time>2026-05-05T15:36:52Z</time></trkpt><trkpt lat="-16.013966" lon="-57.724735"><ele>102.691</ele><time>2026-05-05T15:36:53Z</time></trkpt><trkpt lat="-16.013911" lon="-57.724693"><ele>102.834</ele><time>2026-05-05T15:36:54Z</time></trkpt><trkpt lat="-16.013858" lon="-57.72465"><ele>103.018</ele><time>2026-05-05T15:36:55Z</time></trkpt><trkpt lat="-16.013806" lon="-57.724605"><ele>103.115</ele><time>2026-05-05T15:36:56Z</time></trkpt><trkpt lat="-16.013748" lon="-57.724555"><ele>103.242</ele><time>2026-05-05T15:36:57Z</time></trkpt><trkpt lat="-16.013686" lon="-57.7245"><ele>103.282</ele><time>2026-05-05T15:36:58Z</time></trkpt><trkpt lat="-16.013629" lon="-57.724448"><ele>103.151</ele><time>2026-05-05T15:36:59Z</time></trkpt><trkpt lat="-16.013569" lon="-57.72439"><ele>102.971</ele><time>2026-05-05T15:37:00Z</time></trkpt><trkpt lat="-16.013509" lon="-57.72434"><ele>102.718</ele><time>2026-05-05T15:37:01Z</time></trkpt><trkpt lat="-16.013447" lon="-57.724285"><ele>102.243</ele><time>2026-05-05T15:37:02Z</time></trkpt><trkpt lat="-16.013389" lon="-57.724235"><ele>101.502</ele><time>2026-05-05T15:37:03Z</time></trkpt><trkpt lat="-16.013329" lon="-57.724175"><ele>101.047</ele><time>2026-05-05T15:37:04Z</time></trkpt><trkpt lat="-16.013266" lon="-57.724117"><ele>100.564</ele><time>2026-05-05T15:37:05Z</time></trkpt><trkpt lat="-16.013208" lon="-57.724062"><ele>99.820</ele><time>2026-05-05T15:37:06Z</time></trkpt><trkpt lat="-16.013146" lon="-57.724009"><ele>99.169</ele><time>2026-05-05T15:37:07Z</time></trkpt><trkpt lat="-16.013089" lon="-57.723959"><ele>98.500</ele><time>2026-05-05T15:37:08Z</time></trkpt><trkpt lat="-16.013029" lon="-57.723917"><ele>98.275</ele><time>2026-05-05T15:37:09Z</time></trkpt><trkpt lat="-16.012971" lon="-57.723877"><ele>98.119</ele><time>2026-05-05T15:37:10Z</time></trkpt><trkpt lat="-16.012919" lon="-57.723839"><ele>98.159</ele><time>2026-05-05T15:37:11Z</time></trkpt><trkpt lat="-16.012866" lon="-57.723801"><ele>98.077</ele><time>2026-05-05T15:37:12Z</time></trkpt><trkpt lat="-16.012813" lon="-57.723761"><ele>97.973</ele><time>2026-05-05T15:37:13Z</time></trkpt><trkpt lat="-16.012758" lon="-57.723719"><ele>97.929</ele><time>2026-05-05T15:37:14Z</time></trkpt><trkpt lat="-16.012705" lon="-57.723672"><ele>97.935</ele><time>2026-05-05T15:37:15Z</time></trkpt><trkpt lat="-16.012655" lon="-57.723624"><ele>97.968</ele><time>2026-05-05T15:37:16Z</time></trkpt><trkpt lat="-16.0126" lon="-57.723574"><ele>97.956</ele><time>2026-05-05T15:37:17Z</time></trkpt><trkpt lat="-16.012547" lon="-57.723522"><ele>97.898</ele><time>2026-05-05T15:37:18Z</time></trkpt><trkpt lat="-16.012487" lon="-57.723472"><ele>97.758</ele><time>2026-05-05T15:37:19Z</time></trkpt><trkpt lat="-16.012427" lon="-57.72342"><ele>97.481</ele><time>2026-05-05T15:37:20Z</time></trkpt><trkpt lat="-16.012367" lon="-57.723365"><ele>97.107</ele><time>2026-05-05T15:37:21Z</time></trkpt><trkpt lat="-16.012307" lon="-57.723312"><ele>96.904</ele><time>2026-05-05T15:37:22Z</time></trkpt><trkpt lat="-16.012249" lon="-57.72326"><ele>96.602</ele><time>2026-05-05T15:37:23Z</time></trkpt><trkpt lat="-16.012191" lon="-57.72321"><ele>96.380</ele><time>2026-05-05T15:37:24Z</time></trkpt><trkpt lat="-16.012134" lon="-57.723158"><ele>96.077</ele><time>2026-05-05T15:37:25Z</time></trkpt><trkpt lat="-16.012079" lon="-57.723108"><ele>95.887</ele><time>2026-05-05T15:37:26Z</time></trkpt><trkpt lat="-16.012029" lon="-57.723055"><ele>95.581</ele><time>2026-05-05T15:37:27Z</time></trkpt><trkpt lat="-16.011972" lon="-57.723008"><ele>95.155</ele><time>2026-05-05T15:37:28Z</time></trkpt><trkpt lat="-16.011912" lon="-57.722961"><ele>95.084</ele><time>2026-05-05T15:37:29Z</time></trkpt><trkpt lat="-16.01185" lon="-57.722913"><ele>95.064</ele><time>2026-05-05T15:37:30Z</time></trkpt><trkpt lat="-16.011792" lon="-57.722863"><ele>95.113</ele><time>2026-05-05T15:37:31Z</time></trkpt><trkpt lat="-16.011735" lon="-57.722813"><ele>95.362</ele><time>2026-05-05T15:37:32Z</time></trkpt><trkpt lat="-16.011682" lon="-57.722763"><ele>95.519</ele><time>2026-05-05T15:37:33Z</time></trkpt><trkpt lat="-16.011629" lon="-57.722713"><ele>95.663</ele><time>2026-05-05T15:37:34Z</time></trkpt><trkpt lat="-16.011579" lon="-57.722661"><ele>95.977</ele><time>2026-05-05T15:37:35Z</time></trkpt><trkpt lat="-16.011529" lon="-57.722611"><ele>96.192</ele><time>2026-05-05T15:37:36Z</time></trkpt><trkpt lat="-16.011479" lon="-57.722561"><ele>96.107</ele><time>2026-05-05T15:37:37Z</time></trkpt><trkpt lat="-16.011432" lon="-57.722516"><ele>96.171</ele><time>2026-05-05T15:37:38Z</time></trkpt><trkpt lat="-16.011385" lon="-57.722469"><ele>96.318</ele><time>2026-05-05T15:37:39Z</time></trkpt><trkpt lat="-16.01134" lon="-57.722422"><ele>96.539</ele><time>2026-05-05T15:37:40Z</time></trkpt><trkpt lat="-16.011298" lon="-57.722374"><ele>96.860</ele><time>2026-05-05T15:37:41Z</time></trkpt><trkpt lat="-16.011263" lon="-57.722327"><ele>97.264</ele><time>2026-05-05T15:37:42Z</time></trkpt><trkpt lat="-16.01123" lon="-57.722282"><ele>97.989</ele><time>2026-05-05T15:37:43Z</time></trkpt><trkpt lat="-16.011205" lon="-57.722242"><ele>98.024</ele><time>2026-05-05T15:37:44Z</time></trkpt><trkpt lat="-16.011168" lon="-57.722174"><ele>98.308</ele><time>2026-05-05T15:37:46Z</time></trkpt><trkpt lat="-16.011163" lon="-57.722117"><ele>98.913</ele><time>2026-05-05T15:37:48Z</time></trkpt><trkpt lat="-16.011193" lon="-57.722062"><ele>99.696</ele><time>2026-05-05T15:37:51Z</time></trkpt><trkpt lat="-16.01123" lon="-57.72203"><ele>100.000</ele><time>2026-05-05T15:37:53Z</time></trkpt><trkpt lat="-16.01121" lon="-57.722073"><ele>100.953</ele><time>2026-05-05T15:38:16Z</time></trkpt><trkpt lat="-16.011235" lon="-57.722188"><ele>100.788</ele><time>2026-05-05T15:38:40Z</time></trkpt><trkpt lat="-16.011268" lon="-57.722265"><ele>100.872</ele><time>2026-05-05T15:38:42Z</time></trkpt><trkpt lat="-16.011308" lon="-57.72234"><ele>101.023</ele><time>2026-05-05T15:38:44Z</time></trkpt><trkpt lat="-16.01136" lon="-57.72241"><ele>101.032</ele><time>2026-05-05T15:38:46Z</time></trkpt><trkpt lat="-16.011393" lon="-57.722448"><ele>101.048</ele><time>2026-05-05T15:38:47Z</time></trkpt><trkpt lat="-16.011431" lon="-57.722491"><ele>101.057</ele><time>2026-05-05T15:38:48Z</time></trkpt><trkpt lat="-16.011476" lon="-57.722538"><ele>101.028</ele><time>2026-05-05T15:38:49Z</time></trkpt><trkpt lat="-16.011526" lon="-57.722586"><ele>101.143</ele><time>2026-05-05T15:38:50Z</time></trkpt><trkpt lat="-16.011579" lon="-57.722636"><ele>101.146</ele><time>2026-05-05T15:38:51Z</time></trkpt><trkpt lat="-16.011627" lon="-57.722683"><ele>101.190</ele><time>2026-05-05T15:38:52Z</time></trkpt><trkpt lat="-16.01168" lon="-57.722726"><ele>101.129</ele><time>2026-05-05T15:38:53Z</time></trkpt><trkpt lat="-16.011727" lon="-57.722769"><ele>101.082</ele><time>2026-05-05T15:38:54Z</time></trkpt><trkpt lat="-16.011779" lon="-57.722814"><ele>101.000</ele><time>2026-05-05T15:38:55Z</time></trkpt><trkpt lat="-16.011824" lon="-57.722854"><ele>101.009</ele><time>2026-05-05T15:38:56Z</time></trkpt><trkpt lat="-16.011872" lon="-57.722892"><ele>101.174</ele><time>2026-05-05T15:38:57Z</time></trkpt><trkpt lat="-16.011914" lon="-57.722934"><ele>101.214</ele><time>2026-05-05T15:38:58Z</time></trkpt><trkpt lat="-16.011961" lon="-57.722977"><ele>101.233</ele><time>2026-05-05T15:38:59Z</time></trkpt><trkpt lat="-16.012008" lon="-57.723014"><ele>101.596</ele><time>2026-05-05T15:39:00Z</time></trkpt><trkpt lat="-16.01205" lon="-57.723052"><ele>101.540</ele><time>2026-05-05T15:39:01Z</time></trkpt><trkpt lat="-16.012092" lon="-57.72309"><ele>101.539</ele><time>2026-05-05T15:39:02Z</time></trkpt><trkpt lat="-16.012137" lon="-57.723127"><ele>101.725</ele><time>2026-05-05T15:39:03Z</time></trkpt><trkpt lat="-16.012182" lon="-57.723169"><ele>102.033</ele><time>2026-05-05T15:39:04Z</time></trkpt><trkpt lat="-16.012229" lon="-57.723209"><ele>102.340</ele><time>2026-05-05T15:39:05Z</time></trkpt><trkpt lat="-16.012277" lon="-57.723251"><ele>102.512</ele><time>2026-05-05T15:39:06Z</time></trkpt><trkpt lat="-16.012329" lon="-57.723293"><ele>103.070</ele><time>2026-05-05T15:39:07Z</time></trkpt><trkpt lat="-16.012382" lon="-57.723336"><ele>103.354</ele><time>2026-05-05T15:39:08Z</time></trkpt><trkpt lat="-16.012434" lon="-57.723381"><ele>103.879</ele><time>2026-05-05T15:39:09Z</time></trkpt><trkpt lat="-16.012487" lon="-57.723428"><ele>104.295</ele><time>2026-05-05T15:39:10Z</time></trkpt><trkpt lat="-16.012539" lon="-57.723473"><ele>104.501</ele><time>2026-05-05T15:39:11Z</time></trkpt><trkpt lat="-16.012591" lon="-57.723523"><ele>104.649</ele><time>2026-05-05T15:39:12Z</time></trkpt><trkpt lat="-16.012643" lon="-57.723571"><ele>104.712</ele><time>2026-05-05T15:39:13Z</time></trkpt><trkpt lat="-16.012695" lon="-57.723618"><ele>104.794</ele><time>2026-05-05T15:39:14Z</time></trkpt><trkpt lat="-16.012745" lon="-57.723665"><ele>104.712</ele><time>2026-05-05T15:39:15Z</time></trkpt><trkpt lat="-16.01279" lon="-57.723708"><ele>104.723</ele><time>2026-05-05T15:39:16Z</time></trkpt><trkpt lat="-16.012828" lon="-57.723748"><ele>104.851</ele><time>2026-05-05T15:39:17Z</time></trkpt><trkpt lat="-16.012895" lon="-57.723796"><ele>104.780</ele><time>2026-05-05T15:39:19Z</time></trkpt><trkpt lat="-16.012953" lon="-57.723841"><ele>104.773</ele><time>2026-05-05T15:39:21Z</time></trkpt><trkpt lat="-16.013028" lon="-57.723888"><ele>104.546</ele><time>2026-05-05T15:39:23Z</time></trkpt><trkpt lat="-16.013066" lon="-57.72392"><ele>104.476</ele><time>2026-05-05T15:39:24Z</time></trkpt><trkpt lat="-16.013108" lon="-57.723953"><ele>104.413</ele><time>2026-05-05T15:39:25Z</time></trkpt><trkpt lat="-16.013148" lon="-57.723983"><ele>104.423</ele><time>2026-05-05T15:39:26Z</time></trkpt><trkpt lat="-16.013191" lon="-57.724016"><ele>104.393</ele><time>2026-05-05T15:39:27Z</time></trkpt><trkpt lat="-16.013234" lon="-57.724056"><ele>104.267</ele><time>2026-05-05T15:39:28Z</time></trkpt><trkpt lat="-16.013274" lon="-57.724104"><ele>104.129</ele><time>2026-05-05T15:39:29Z</time></trkpt><trkpt lat="-16.013319" lon="-57.724151"><ele>104.008</ele><time>2026-05-05T15:39:30Z</time></trkpt><trkpt lat="-16.013367" lon="-57.724199"><ele>103.904</ele><time>2026-05-05T15:39:31Z</time></trkpt><trkpt lat="-16.013417" lon="-57.724246"><ele>103.963</ele><time>2026-05-05T15:39:32Z</time></trkpt><trkpt lat="-16.01347" lon="-57.724298"><ele>103.958</ele><time>2026-05-05T15:39:33Z</time></trkpt><trkpt lat="-16.01352" lon="-57.724343"><ele>103.828</ele><time>2026-05-05T15:39:34Z</time></trkpt><trkpt lat="-16.013573" lon="-57.724391"><ele>103.732</ele><time>2026-05-05T15:39:35Z</time></trkpt><trkpt lat="-16.013626" lon="-57.724436"><ele>103.649</ele><time>2026-05-05T15:39:36Z</time></trkpt><trkpt lat="-16.013679" lon="-57.724481"><ele>103.361</ele><time>2026-05-05T15:39:37Z</time></trkpt><trkpt lat="-16.013731" lon="-57.724523"><ele>102.709</ele><time>2026-05-05T15:39:38Z</time></trkpt><trkpt lat="-16.013783" lon="-57.724568"><ele>102.132</ele><time>2026-05-05T15:39:39Z</time></trkpt><trkpt lat="-16.013838" lon="-57.724615"><ele>101.716</ele><time>2026-05-05T15:39:40Z</time></trkpt><trkpt lat="-16.013893" lon="-57.724662"><ele>101.554</ele><time>2026-05-05T15:39:41Z</time></trkpt><trkpt lat="-16.01395" lon="-57.72471"><ele>101.384</ele><time>2026-05-05T15:39:42Z</time></trkpt><trkpt lat="-16.014008" lon="-57.724757"><ele>101.051</ele><time>2026-05-05T15:39:43Z</time></trkpt><trkpt lat="-16.01407" lon="-57.724805"><ele>100.719</ele><time>2026-05-05T15:39:44Z</time></trkpt><trkpt lat="-16.01413" lon="-57.724855"><ele>100.668</ele><time>2026-05-05T15:39:45Z</time></trkpt><trkpt lat="-16.014192" lon="-57.724912"><ele>100.672</ele><time>2026-05-05T15:39:46Z</time></trkpt><trkpt lat="-16.014254" lon="-57.724967"><ele>100.594</ele><time>2026-05-05T15:39:47Z</time></trkpt><trkpt lat="-16.014311" lon="-57.725022"><ele>100.368</ele><time>2026-05-05T15:39:48Z</time></trkpt><trkpt lat="-16.014371" lon="-57.725075"><ele>100.218</ele><time>2026-05-05T15:39:49Z</time></trkpt><trkpt lat="-16.014431" lon="-57.72513"><ele>100.118</ele><time>2026-05-05T15:39:50Z</time></trkpt><trkpt lat="-16.014493" lon="-57.725185"><ele>99.967</ele><time>2026-05-05T15:39:51Z</time></trkpt><trkpt lat="-16.014558" lon="-57.725228"><ele>99.904</ele><time>2026-05-05T15:39:52Z</time></trkpt><trkpt lat="-16.014618" lon="-57.72528"><ele>100.093</ele><time>2026-05-05T15:39:53Z</time></trkpt><trkpt lat="-16.014676" lon="-57.725338"><ele>100.297</ele><time>2026-05-05T15:39:54Z</time></trkpt><trkpt lat="-16.014734" lon="-57.725401"><ele>100.247</ele><time>2026-05-05T15:39:55Z</time></trkpt><trkpt lat="-16.014797" lon="-57.725456"><ele>100.244</ele><time>2026-05-05T15:39:56Z</time></trkpt><trkpt lat="-16.01486" lon="-57.725513"><ele>100.284</ele><time>2026-05-05T15:39:57Z</time></trkpt><trkpt lat="-16.014918" lon="-57.725561"><ele>100.344</ele><time>2026-05-05T15:39:58Z</time></trkpt><trkpt lat="-16.014983" lon="-57.725609"><ele>100.425</ele><time>2026-05-05T15:39:59Z</time></trkpt><trkpt lat="-16.015041" lon="-57.725661"><ele>100.519</ele><time>2026-05-05T15:40:00Z</time></trkpt><trkpt lat="-16.015099" lon="-57.725721"><ele>100.661</ele><time>2026-05-05T15:40:01Z</time></trkpt><trkpt lat="-16.015159" lon="-57.725784"><ele>100.766</ele><time>2026-05-05T15:40:02Z</time></trkpt><trkpt lat="-16.015212" lon="-57.725834"><ele>100.916</ele><time>2026-05-05T15:40:03Z</time></trkpt><trkpt lat="-16.015265" lon="-57.725866"><ele>101.234</ele><time>2026-05-05T15:40:04Z</time></trkpt><trkpt lat="-16.015317" lon="-57.725919"><ele>101.899</ele><time>2026-05-05T15:40:05Z</time></trkpt><trkpt lat="-16.015375" lon="-57.725969"><ele>102.554</ele><time>2026-05-05T15:40:06Z</time></trkpt><trkpt lat="-16.01544" lon="-57.726017"><ele>102.971</ele><time>2026-05-05T15:40:07Z</time></trkpt><trkpt lat="-16.015505" lon="-57.726067"><ele>103.173</ele><time>2026-05-05T15:40:08Z</time></trkpt><trkpt lat="-16.015573" lon="-57.726117"><ele>103.337</ele><time>2026-05-05T15:40:09Z</time></trkpt><trkpt lat="-16.015635" lon="-57.726169"><ele>103.447</ele><time>2026-05-05T15:40:10Z</time></trkpt><trkpt lat="-16.015693" lon="-57.726221"><ele>103.465</ele><time>2026-05-05T15:40:11Z</time></trkpt><trkpt lat="-16.01575" lon="-57.726273"><ele>103.466</ele><time>2026-05-05T15:40:12Z</time></trkpt><trkpt lat="-16.015803" lon="-57.726325"><ele>103.594</ele><time>2026-05-05T15:40:13Z</time></trkpt><trkpt lat="-16.015855" lon="-57.726378"><ele>103.599</ele><time>2026-05-05T15:40:14Z</time></trkpt><trkpt lat="-16.01591" lon="-57.72642"><ele>103.588</ele><time>2026-05-05T15:40:15Z</time></trkpt><trkpt lat="-16.01596" lon="-57.726467"><ele>103.673</ele><time>2026-05-05T15:40:16Z</time></trkpt><trkpt lat="-16.01601" lon="-57.726509"><ele>103.787</ele><time>2026-05-05T15:40:17Z</time></trkpt><trkpt lat="-16.016062" lon="-57.726542"><ele>103.777</ele><time>2026-05-05T15:40:18Z</time></trkpt><trkpt lat="-16.016115" lon="-57.72658"><ele>103.751</ele><time>2026-05-05T15:40:19Z</time></trkpt><trkpt lat="-16.016172" lon="-57.726625"><ele>103.503</ele><time>2026-05-05T15:40:20Z</time></trkpt><trkpt lat="-16.016225" lon="-57.726675"><ele>103.298</ele><time>2026-05-05T15:40:21Z</time></trkpt><trkpt lat="-16.01628" lon="-57.726723"><ele>103.245</ele><time>2026-05-05T15:40:22Z</time></trkpt><trkpt lat="-16.016332" lon="-57.72677"><ele>103.227</ele><time>2026-05-05T15:40:23Z</time></trkpt><trkpt lat="-16.016384" lon="-57.726825"><ele>103.152</ele><time>2026-05-05T15:40:24Z</time></trkpt><trkpt lat="-16.016436" lon="-57.726878"><ele>102.901</ele><time>2026-05-05T15:40:25Z</time></trkpt><trkpt lat="-16.016493" lon="-57.726928"><ele>102.818</ele><time>2026-05-05T15:40:26Z</time></trkpt><trkpt lat="-16.016553" lon="-57.726971"><ele>102.870</ele><time>2026-05-05T15:40:27Z</time></trkpt><trkpt lat="-16.016606" lon="-57.727019"><ele>102.797</ele><time>2026-05-05T15:40:28Z</time></trkpt><trkpt lat="-16.016656" lon="-57.727064"><ele>102.550</ele><time>2026-05-05T15:40:29Z</time></trkpt><trkpt lat="-16.016704" lon="-57.727111"><ele>102.370</ele><time>2026-05-05T15:40:30Z</time></trkpt><trkpt lat="-16.016747" lon="-57.727163"><ele>102.051</ele><time>2026-05-05T15:40:31Z</time></trkpt><trkpt lat="-16.016792" lon="-57.727216"><ele>101.878</ele><time>2026-05-05T15:40:32Z</time></trkpt><trkpt lat="-16.016832" lon="-57.727266"><ele>101.562</ele><time>2026-05-05T15:40:33Z</time></trkpt><trkpt lat="-16.016879" lon="-57.727308"><ele>101.077</ele><time>2026-05-05T15:40:34Z</time></trkpt><trkpt lat="-16.016931" lon="-57.727345"><ele>100.858</ele><time>2026-05-05T15:40:35Z</time></trkpt><trkpt lat="-16.016984" lon="-57.727382"><ele>100.454</ele><time>2026-05-05T15:40:36Z</time></trkpt><trkpt lat="-16.017032" lon="-57.727424"><ele>99.966</ele><time>2026-05-05T15:40:37Z</time></trkpt><trkpt lat="-16.017084" lon="-57.727469"><ele>99.963</ele><time>2026-05-05T15:40:38Z</time></trkpt><trkpt lat="-16.017136" lon="-57.727512"><ele>99.997</ele><time>2026-05-05T15:40:39Z</time></trkpt><trkpt lat="-16.017188" lon="-57.727555"><ele>100.385</ele><time>2026-05-05T15:40:40Z</time></trkpt><trkpt lat="-16.017248" lon="-57.727603"><ele>100.734</ele><time>2026-05-05T15:40:41Z</time></trkpt><trkpt lat="-16.017315" lon="-57.727651"><ele>102.016</ele><time>2026-05-05T15:40:42Z</time></trkpt><trkpt lat="-16.01738" lon="-57.727701"><ele>103.286</ele><time>2026-05-05T15:40:43Z</time></trkpt><trkpt lat="-16.017443" lon="-57.727753"><ele>104.059</ele><time>2026-05-05T15:40:44Z</time></trkpt><trkpt lat="-16.017501" lon="-57.727805"><ele>104.425</ele><time>2026-05-05T15:40:45Z</time></trkpt><trkpt lat="-16.017561" lon="-57.727857"><ele>104.863</ele><time>2026-05-05T15:40:46Z</time></trkpt><trkpt lat="-16.017624" lon="-57.727915"><ele>105.212</ele><time>2026-05-05T15:40:47Z</time></trkpt><trkpt lat="-16.017692" lon="-57.727972"><ele>105.455</ele><time>2026-05-05T15:40:48Z</time></trkpt><trkpt lat="-16.017749" lon="-57.72803"><ele>105.422</ele><time>2026-05-05T15:40:49Z</time></trkpt><trkpt lat="-16.017809" lon="-57.72808"><ele>105.470</ele><time>2026-05-05T15:40:50Z</time></trkpt><trkpt lat="-16.017872" lon="-57.728135"><ele>105.272</ele><time>2026-05-05T15:40:51Z</time></trkpt><trkpt lat="-16.017942" lon="-57.728188"><ele>104.961</ele><time>2026-05-05T15:40:52Z</time></trkpt><trkpt lat="-16.018009" lon="-57.728241"><ele>104.525</ele><time>2026-05-05T15:40:53Z</time></trkpt><trkpt lat="-16.018074" lon="-57.728296"><ele>104.342</ele><time>2026-05-05T15:40:54Z</time></trkpt><trkpt lat="-16.018134" lon="-57.728351"><ele>104.115</ele><time>2026-05-05T15:40:55Z</time></trkpt><trkpt lat="-16.018194" lon="-57.728398"><ele>103.978</ele><time>2026-05-05T15:40:56Z</time></trkpt><trkpt lat="-16.018247" lon="-57.72845"><ele>103.725</ele><time>2026-05-05T15:40:57Z</time></trkpt><trkpt lat="-16.018297" lon="-57.728508"><ele>103.671</ele><time>2026-05-05T15:40:58Z</time></trkpt><trkpt lat="-16.018345" lon="-57.728561"><ele>103.317</ele><time>2026-05-05T15:40:59Z</time></trkpt><trkpt lat="-16.018393" lon="-57.728613"><ele>103.062</ele><time>2026-05-05T15:41:00Z</time></trkpt><trkpt lat="-16.018445" lon="-57.728661"><ele>102.746</ele><time>2026-05-05T15:41:01Z</time></trkpt><trkpt lat="-16.018498" lon="-57.728708"><ele>102.368</ele><time>2026-05-05T15:41:02Z</time></trkpt><trkpt lat="-16.018555" lon="-57.728758"><ele>102.270</ele><time>2026-05-05T15:41:03Z</time></trkpt><trkpt lat="-16.018615" lon="-57.728811"><ele>102.277</ele><time>2026-05-05T15:41:04Z</time></trkpt><trkpt lat="-16.018675" lon="-57.728861"><ele>102.347</ele><time>2026-05-05T15:41:05Z</time></trkpt><trkpt lat="-16.018738" lon="-57.728909"><ele>102.385</ele><time>2026-05-05T15:41:06Z</time></trkpt><trkpt lat="-16.018805" lon="-57.728959"><ele>102.203</ele><time>2026-05-05T15:41:07Z</time></trkpt><trkpt lat="-16.018865" lon="-57.729006"><ele>101.827</ele><time>2026-05-05T15:41:08Z</time></trkpt><trkpt lat="-16.018927" lon="-57.729049"><ele>101.890</ele><time>2026-05-05T15:41:09Z</time></trkpt><trkpt lat="-16.01898" lon="-57.729089"><ele>101.889</ele><time>2026-05-05T15:41:10Z</time></trkpt><trkpt lat="-16.019027" lon="-57.729129"><ele>101.989</ele><time>2026-05-05T15:41:11Z</time></trkpt><trkpt lat="-16.01907" lon="-57.729166"><ele>101.905</ele><time>2026-05-05T15:41:12Z</time></trkpt><trkpt lat="-16.019113" lon="-57.729203"><ele>101.801</ele><time>2026-05-05T15:41:13Z</time></trkpt><trkpt lat="-16.019156" lon="-57.729236"><ele>101.858</ele><time>2026-05-05T15:41:14Z</time></trkpt><trkpt lat="-16.019194" lon="-57.729264"><ele>101.861</ele><time>2026-05-05T15:41:15Z</time></trkpt><trkpt lat="-16.019231" lon="-57.729294"><ele>101.790</ele><time>2026-05-05T15:41:16Z</time></trkpt><trkpt lat="-16.019268" lon="-57.729329"><ele>101.669</ele><time>2026-05-05T15:41:17Z</time></trkpt><trkpt lat="-16.019313" lon="-57.729362"><ele>101.428</ele><time>2026-05-05T15:41:18Z</time></trkpt><trkpt lat="-16.019353" lon="-57.729387"><ele>101.159</ele><time>2026-05-05T15:41:19Z</time></trkpt><trkpt lat="-16.019395" lon="-57.729412"><ele>101.054</ele><time>2026-05-05T15:41:20Z</time></trkpt><trkpt lat="-16.01944" lon="-57.729435"><ele>101.079</ele><time>2026-05-05T15:41:21Z</time></trkpt><trkpt lat="-16.019505" lon="-57.729488"><ele>101.171</ele><time>2026-05-05T15:41:23Z</time></trkpt><trkpt lat="-16.019547" lon="-57.729541"><ele>101.185</ele><time>2026-05-05T15:41:25Z</time></trkpt><trkpt lat="-16.019575" lon="-57.729586"><ele>100.934</ele><time>2026-05-05T15:41:27Z</time></trkpt><trkpt lat="-16.019625" lon="-57.729631"><ele>100.631</ele><time>2026-05-05T15:41:57Z</time></trkpt><trkpt lat="-16.019668" lon="-57.729668"><ele>100.693</ele><time>2026-05-05T15:41:59Z</time></trkpt><trkpt lat="-16.019721" lon="-57.729713"><ele>103.140</ele><time>2026-05-05T15:42:01Z</time></trkpt><trkpt lat="-16.019778" lon="-57.729768"><ele>104.321</ele><time>2026-05-05T15:42:03Z</time></trkpt><trkpt lat="-16.01981" lon="-57.729801"><ele>104.932</ele><time>2026-05-05T15:42:04Z</time></trkpt><trkpt lat="-16.019847" lon="-57.729836"><ele>105.096</ele><time>2026-05-05T15:42:05Z</time></trkpt><trkpt lat="-16.019887" lon="-57.729869"><ele>105.266</ele><time>2026-05-05T15:42:06Z</time></trkpt><trkpt lat="-16.019924" lon="-57.729904"><ele>105.248</ele><time>2026-05-05T15:42:07Z</time></trkpt><trkpt lat="-16.019961" lon="-57.729937"><ele>105.237</ele><time>2026-05-05T15:42:08Z</time></trkpt><trkpt lat="-16.019996" lon="-57.729972"><ele>105.284</ele><time>2026-05-05T15:42:09Z</time></trkpt><trkpt lat="-16.020031" lon="-57.730007"><ele>105.391</ele><time>2026-05-05T15:42:10Z</time></trkpt><trkpt lat="-16.020069" lon="-57.730039"><ele>105.330</ele><time>2026-05-05T15:42:11Z</time></trkpt><trkpt lat="-16.020109" lon="-57.730071"><ele>105.358</ele><time>2026-05-05T15:42:12Z</time></trkpt><trkpt lat="-16.020152" lon="-57.730104"><ele>105.382</ele><time>2026-05-05T15:42:13Z</time></trkpt><trkpt lat="-16.020194" lon="-57.730142"><ele>105.393</ele><time>2026-05-05T15:42:14Z</time></trkpt><trkpt lat="-16.020241" lon="-57.730184"><ele>105.490</ele><time>2026-05-05T15:42:15Z</time></trkpt><trkpt lat="-16.020289" lon="-57.730224"><ele>105.743</ele><time>2026-05-05T15:42:16Z</time></trkpt><trkpt lat="-16.020337" lon="-57.730267"><ele>105.914</ele><time>2026-05-05T15:42:17Z</time></trkpt><trkpt lat="-16.020384" lon="-57.730305"><ele>106.252</ele><time>2026-05-05T15:42:18Z</time></trkpt><trkpt lat="-16.020432" lon="-57.730345"><ele>106.461</ele><time>2026-05-05T15:42:19Z</time></trkpt><trkpt lat="-16.020477" lon="-57.730385"><ele>106.602</ele><time>2026-05-05T15:42:20Z</time></trkpt><trkpt lat="-16.020522" lon="-57.730425"><ele>106.755</ele><time>2026-05-05T15:42:21Z</time></trkpt><trkpt lat="-16.020565" lon="-57.730465"><ele>106.724</ele><time>2026-05-05T15:42:22Z</time></trkpt><trkpt lat="-16.020608" lon="-57.730508"><ele>107.175</ele><time>2026-05-05T15:42:23Z</time></trkpt><trkpt lat="-16.02065" lon="-57.73055"><ele>107.145</ele><time>2026-05-05T15:42:24Z</time></trkpt><trkpt lat="-16.020687" lon="-57.730588"><ele>107.237</ele><time>2026-05-05T15:42:25Z</time></trkpt><trkpt lat="-16.020727" lon="-57.730625"><ele>107.734</ele><time>2026-05-05T15:42:26Z</time></trkpt><trkpt lat="-16.020764" lon="-57.730662"><ele>108.030</ele><time>2026-05-05T15:42:27Z</time></trkpt><trkpt lat="-16.020802" lon="-57.730702"><ele>108.215</ele><time>2026-05-05T15:42:28Z</time></trkpt><trkpt lat="-16.020839" lon="-57.730737"><ele>108.242</ele><time>2026-05-05T15:42:29Z</time></trkpt><trkpt lat="-16.020882" lon="-57.730769"><ele>108.214</ele><time>2026-05-05T15:42:30Z</time></trkpt><trkpt lat="-16.020927" lon="-57.730799"><ele>108.276</ele><time>2026-05-05T15:42:31Z</time></trkpt><trkpt lat="-16.02097" lon="-57.730832"><ele>108.248</ele><time>2026-05-05T15:42:32Z</time></trkpt><trkpt lat="-16.02102" lon="-57.730869"><ele>107.913</ele><time>2026-05-05T15:42:33Z</time></trkpt><trkpt lat="-16.021068" lon="-57.730907"><ele>107.686</ele><time>2026-05-05T15:42:34Z</time></trkpt><trkpt lat="-16.021116" lon="-57.730949"><ele>107.047</ele><time>2026-05-05T15:42:35Z</time></trkpt><trkpt lat="-16.021163" lon="-57.730997"><ele>106.764</ele><time>2026-05-05T15:42:36Z</time></trkpt><trkpt lat="-16.02121" lon="-57.731049"><ele>106.317</ele><time>2026-05-05T15:42:37Z</time></trkpt><trkpt lat="-16.021252" lon="-57.731099"><ele>105.144</ele><time>2026-05-05T15:42:38Z</time></trkpt><trkpt lat="-16.021297" lon="-57.731141"><ele>103.770</ele><time>2026-05-05T15:42:39Z</time></trkpt><trkpt lat="-16.021344" lon="-57.731183"><ele>102.661</ele><time>2026-05-05T15:42:40Z</time></trkpt><trkpt lat="-16.021391" lon="-57.731223"><ele>102.215</ele><time>2026-05-05T15:42:41Z</time></trkpt><trkpt lat="-16.021436" lon="-57.73126"><ele>101.605</ele><time>2026-05-05T15:42:42Z</time></trkpt><trkpt lat="-16.021484" lon="-57.731298"><ele>101.014</ele><time>2026-05-05T15:42:43Z</time></trkpt><trkpt lat="-16.021531" lon="-57.73134"><ele>100.525</ele><time>2026-05-05T15:42:44Z</time></trkpt><trkpt lat="-16.021578" lon="-57.73138"><ele>100.196</ele><time>2026-05-05T15:42:45Z</time></trkpt><trkpt lat="-16.021625" lon="-57.731418"><ele>99.694</ele><time>2026-05-05T15:42:46Z</time></trkpt><trkpt lat="-16.02167" lon="-57.73146"><ele>99.318</ele><time>2026-05-05T15:42:47Z</time></trkpt><trkpt lat="-16.021712" lon="-57.7315"><ele>99.205</ele><time>2026-05-05T15:42:48Z</time></trkpt><trkpt lat="-16.021752" lon="-57.73154"><ele>99.171</ele><time>2026-05-05T15:42:49Z</time></trkpt><trkpt lat="-16.021795" lon="-57.731575"><ele>99.149</ele><time>2026-05-05T15:42:50Z</time></trkpt><trkpt lat="-16.02184" lon="-57.731607"><ele>99.057</ele><time>2026-05-05T15:42:51Z</time></trkpt><trkpt lat="-16.021888" lon="-57.731645"><ele>98.997</ele><time>2026-05-05T15:42:52Z</time></trkpt><trkpt lat="-16.021936" lon="-57.731683"><ele>98.874</ele><time>2026-05-05T15:42:53Z</time></trkpt><trkpt lat="-16.021986" lon="-57.731726"><ele>98.790</ele><time>2026-05-05T15:42:54Z</time></trkpt><trkpt lat="-16.022034" lon="-57.731764"><ele>98.543</ele><time>2026-05-05T15:42:55Z</time></trkpt><trkpt lat="-16.022077" lon="-57.731804"><ele>98.446</ele><time>2026-05-05T15:42:56Z</time></trkpt><trkpt lat="-16.02212" lon="-57.731839"><ele>98.402</ele><time>2026-05-05T15:42:57Z</time></trkpt><trkpt lat="-16.022165" lon="-57.731876"><ele>98.465</ele><time>2026-05-05T15:42:58Z</time></trkpt><trkpt lat="-16.022212" lon="-57.731916"><ele>98.587</ele><time>2026-05-05T15:42:59Z</time></trkpt><trkpt lat="-16.02226" lon="-57.731961"><ele>98.630</ele><time>2026-05-05T15:43:00Z</time></trkpt><trkpt lat="-16.02231" lon="-57.732004"><ele>99.024</ele><time>2026-05-05T15:43:01Z</time></trkpt><trkpt lat="-16.02236" lon="-57.732049"><ele>99.231</ele><time>2026-05-05T15:43:02Z</time></trkpt><trkpt lat="-16.022407" lon="-57.732091"><ele>99.516</ele><time>2026-05-05T15:43:03Z</time></trkpt><trkpt lat="-16.022455" lon="-57.732129"><ele>99.736</ele><time>2026-05-05T15:43:04Z</time></trkpt><trkpt lat="-16.022502" lon="-57.732167"><ele>99.984</ele><time>2026-05-05T15:43:05Z</time></trkpt><trkpt lat="-16.022547" lon="-57.7322"><ele>99.972</ele><time>2026-05-05T15:43:06Z</time></trkpt><trkpt lat="-16.022592" lon="-57.732233"><ele>99.990</ele><time>2026-05-05T15:43:07Z</time></trkpt><trkpt lat="-16.022632" lon="-57.73226"><ele>100.019</ele><time>2026-05-05T15:43:08Z</time></trkpt><trkpt lat="-16.022677" lon="-57.732287"><ele>100.059</ele><time>2026-05-05T15:43:09Z</time></trkpt><trkpt lat="-16.022724" lon="-57.732317"><ele>100.226</ele><time>2026-05-05T15:43:10Z</time></trkpt><trkpt lat="-16.022771" lon="-57.73235"><ele>100.408</ele><time>2026-05-05T15:43:11Z</time></trkpt><trkpt lat="-16.022813" lon="-57.73238"><ele>100.493</ele><time>2026-05-05T15:43:12Z</time></trkpt><trkpt lat="-16.022875" lon="-57.732442"><ele>100.477</ele><time>2026-05-05T15:43:14Z</time></trkpt><trkpt lat="-16.022918" lon="-57.732495"><ele>100.473</ele><time>2026-05-05T15:43:16Z</time></trkpt><trkpt lat="-16.022935" lon="-57.732602"><ele>100.833</ele><time>2026-05-05T15:43:39Z</time></trkpt><trkpt lat="-16.022885" lon="-57.73265"><ele>100.949</ele><time>2026-05-05T15:43:42Z</time></trkpt><trkpt lat="-16.022833" lon="-57.73268"><ele>100.880</ele><time>2026-05-05T15:43:44Z</time></trkpt><trkpt lat="-16.022781" lon="-57.732712"><ele>100.776</ele><time>2026-05-05T15:43:46Z</time></trkpt><trkpt lat="-16.022703" lon="-57.732759"><ele>100.288</ele><time>2026-05-05T15:43:48Z</time></trkpt><trkpt lat="-16.022661" lon="-57.732782"><ele>100.089</ele><time>2026-05-05T15:43:49Z</time></trkpt><trkpt lat="-16.022616" lon="-57.73281"><ele>99.923</ele><time>2026-05-05T15:43:50Z</time></trkpt><trkpt lat="-16.022568" lon="-57.73284"><ele>99.809</ele><time>2026-05-05T15:43:51Z</time></trkpt><trkpt lat="-16.022515" lon="-57.732875"><ele>99.864</ele><time>2026-05-05T15:43:52Z</time></trkpt><trkpt lat="-16.022455" lon="-57.732917"><ele>99.882</ele><time>2026-05-05T15:43:53Z</time></trkpt><trkpt lat="-16.02239" lon="-57.732959"><ele>99.819</ele><time>2026-05-05T15:43:54Z</time></trkpt><trkpt lat="-16.02232" lon="-57.733004"><ele>99.942</ele><time>2026-05-05T15:43:55Z</time></trkpt><trkpt lat="-16.022242" lon="-57.733052"><ele>99.993</ele><time>2026-05-05T15:43:56Z</time></trkpt><trkpt lat="-16.02216" lon="-57.733105"><ele>100.138</ele><time>2026-05-05T15:43:57Z</time></trkpt><trkpt lat="-16.022072" lon="-57.733163"><ele>100.361</ele><time>2026-05-05T15:43:58Z</time></trkpt><trkpt lat="-16.02198" lon="-57.73322"><ele>100.663</ele><time>2026-05-05T15:43:59Z</time></trkpt><trkpt lat="-16.021883" lon="-57.733282"><ele>101.129</ele><time>2026-05-05T15:44:00Z</time></trkpt><trkpt lat="-16.021786" lon="-57.733345"><ele>101.276</ele><time>2026-05-05T15:44:01Z</time></trkpt><trkpt lat="-16.021691" lon="-57.733405"><ele>101.570</ele><time>2026-05-05T15:44:02Z</time></trkpt><trkpt lat="-16.021601" lon="-57.733463"><ele>101.672</ele><time>2026-05-05T15:44:03Z</time></trkpt><trkpt lat="-16.021514" lon="-57.733518"><ele>101.624</ele><time>2026-05-05T15:44:04Z</time></trkpt><trkpt lat="-16.021429" lon="-57.733573"><ele>101.572</ele><time>2026-05-05T15:44:05Z</time></trkpt><trkpt lat="-16.021342" lon="-57.733625"><ele>101.363</ele><time>2026-05-05T15:44:06Z</time></trkpt><trkpt lat="-16.021257" lon="-57.733673"><ele>101.302</ele><time>2026-05-05T15:44:07Z</time></trkpt><trkpt lat="-16.021184" lon="-57.733718"><ele>101.687</ele><time>2026-05-05T15:44:08Z</time></trkpt><trkpt lat="-16.021114" lon="-57.733761"><ele>101.702</ele><time>2026-05-05T15:44:09Z</time></trkpt><trkpt lat="-16.021047" lon="-57.733799"><ele>101.816</ele><time>2026-05-05T15:44:10Z</time></trkpt><trkpt lat="-16.020979" lon="-57.733841"><ele>102.038</ele><time>2026-05-05T15:44:11Z</time></trkpt><trkpt lat="-16.020907" lon="-57.733886"><ele>102.271</ele><time>2026-05-05T15:44:12Z</time></trkpt><trkpt lat="-16.020829" lon="-57.733936"><ele>102.461</ele><time>2026-05-05T15:44:13Z</time></trkpt><trkpt lat="-16.020746" lon="-57.733988"><ele>102.869</ele><time>2026-05-05T15:44:14Z</time></trkpt><trkpt lat="-16.020654" lon="-57.734046"><ele>103.438</ele><time>2026-05-05T15:44:15Z</time></trkpt><trkpt lat="-16.020561" lon="-57.734104"><ele>103.878</ele><time>2026-05-05T15:44:16Z</time></trkpt><trkpt lat="-16.020469" lon="-57.734162"><ele>103.909</ele><time>2026-05-05T15:44:17Z</time></trkpt><trkpt lat="-16.020376" lon="-57.73422"><ele>104.177</ele><time>2026-05-05T15:44:18Z</time></trkpt><trkpt lat="-16.020279" lon="-57.73428"><ele>104.453</ele><time>2026-05-05T15:44:19Z</time></trkpt><trkpt lat="-16.020176" lon="-57.73434"><ele>104.555</ele><time>2026-05-05T15:44:20Z</time></trkpt><trkpt lat="-16.020069" lon="-57.7344"><ele>104.558</ele><time>2026-05-05T15:44:21Z</time></trkpt><trkpt lat="-16.019964" lon="-57.73447"><ele>104.623</ele><time>2026-05-05T15:44:22Z</time></trkpt><trkpt lat="-16.019859" lon="-57.73454"><ele>104.604</ele><time>2026-05-05T15:44:23Z</time></trkpt><trkpt lat="-16.019751" lon="-57.734607"><ele>104.544</ele><time>2026-05-05T15:44:24Z</time></trkpt><trkpt lat="-16.019643" lon="-57.734687"><ele>104.556</ele><time>2026-05-05T15:44:25Z</time></trkpt><trkpt lat="-16.01953" lon="-57.734764"><ele>104.894</ele><time>2026-05-05T15:44:26Z</time></trkpt><trkpt lat="-16.019408" lon="-57.734844"><ele>104.938</ele><time>2026-05-05T15:44:27Z</time></trkpt><trkpt lat="-16.019295" lon="-57.734914"><ele>105.297</ele><time>2026-05-05T15:44:28Z</time></trkpt><trkpt lat="-16.019183" lon="-57.734991"><ele>105.283</ele><time>2026-05-05T15:44:29Z</time></trkpt><trkpt lat="-16.019078" lon="-57.735056"><ele>105.020</ele><time>2026-05-05T15:44:30Z</time></trkpt><trkpt lat="-16.018976" lon="-57.735116"><ele>105.088</ele><time>2026-05-05T15:44:31Z</time></trkpt><trkpt lat="-16.018889" lon="-57.735174"><ele>104.636</ele><time>2026-05-05T15:44:32Z</time></trkpt><trkpt lat="-16.018811" lon="-57.735224"><ele>104.568</ele><time>2026-05-05T15:44:33Z</time></trkpt><trkpt lat="-16.018739" lon="-57.735269"><ele>103.263</ele><time>2026-05-05T15:44:34Z</time></trkpt><trkpt lat="-16.018679" lon="-57.735309"><ele>102.345</ele><time>2026-05-05T15:44:35Z</time></trkpt><trkpt lat="-16.018627" lon="-57.735337"><ele>101.739</ele><time>2026-05-05T15:44:36Z</time></trkpt><trkpt lat="-16.018585" lon="-57.735364"><ele>100.587</ele><time>2026-05-05T15:44:37Z</time></trkpt><trkpt lat="-16.018543" lon="-57.735389"><ele>99.968</ele><time>2026-05-05T15:44:38Z</time></trkpt><trkpt lat="-16.018496" lon="-57.735417"><ele>99.389</ele><time>2026-05-05T15:44:39Z</time></trkpt><trkpt lat="-16.018444" lon="-57.735449"><ele>99.350</ele><time>2026-05-05T15:44:40Z</time></trkpt><trkpt lat="-16.018381" lon="-57.735486"><ele>99.533</ele><time>2026-05-05T15:44:41Z</time></trkpt><trkpt lat="-16.018314" lon="-57.735529"><ele>99.730</ele><time>2026-05-05T15:44:42Z</time></trkpt><trkpt lat="-16.018239" lon="-57.735574"><ele>99.811</ele><time>2026-05-05T15:44:43Z</time></trkpt><trkpt lat="-16.018154" lon="-57.735626"><ele>99.858</ele><time>2026-05-05T15:44:44Z</time></trkpt><trkpt lat="-16.018067" lon="-57.735679"><ele>99.862</ele><time>2026-05-05T15:44:45Z</time></trkpt><trkpt lat="-16.01798" lon="-57.735734"><ele>99.656</ele><time>2026-05-05T15:44:46Z</time></trkpt><trkpt lat="-16.017888" lon="-57.735794"><ele>99.577</ele><time>2026-05-05T15:44:47Z</time></trkpt><trkpt lat="-16.017801" lon="-57.735851"><ele>99.319</ele><time>2026-05-05T15:44:48Z</time></trkpt><trkpt lat="-16.017709" lon="-57.735911"><ele>99.327</ele><time>2026-05-05T15:44:49Z</time></trkpt><trkpt lat="-16.017612" lon="-57.735978"><ele>99.395</ele><time>2026-05-05T15:44:50Z</time></trkpt><trkpt lat="-16.017515" lon="-57.736036"><ele>99.488</ele><time>2026-05-05T15:44:51Z</time></trkpt><trkpt lat="-16.017415" lon="-57.736103"><ele>99.651</ele><time>2026-05-05T15:44:52Z</time></trkpt><trkpt lat="-16.017312" lon="-57.736166"><ele>99.796</ele><time>2026-05-05T15:44:53Z</time></trkpt><trkpt lat="-16.017209" lon="-57.736234"><ele>99.707</ele><time>2026-05-05T15:44:54Z</time></trkpt><trkpt lat="-16.017102" lon="-57.736302"><ele>99.981</ele><time>2026-05-05T15:44:55Z</time></trkpt><trkpt lat="-16.016995" lon="-57.736369"><ele>99.976</ele><time>2026-05-05T15:44:56Z</time></trkpt><trkpt lat="-16.01689" lon="-57.736436"><ele>100.024</ele><time>2026-05-05T15:44:57Z</time></trkpt><trkpt lat="-16.016783" lon="-57.736506"><ele>100.139</ele><time>2026-05-05T15:44:58Z</time></trkpt><trkpt lat="-16.016678" lon="-57.736574"><ele>100.141</ele><time>2026-05-05T15:44:59Z</time></trkpt><trkpt lat="-16.016578" lon="-57.736646"><ele>100.352</ele><time>2026-05-05T15:45:00Z</time></trkpt><trkpt lat="-16.01648" lon="-57.736711"><ele>100.788</ele><time>2026-05-05T15:45:01Z</time></trkpt><trkpt lat="-16.016385" lon="-57.736771"><ele>100.747</ele><time>2026-05-05T15:45:02Z</time></trkpt><trkpt lat="-16.016287" lon="-57.736836"><ele>101.754</ele><time>2026-05-05T15:45:03Z</time></trkpt><trkpt lat="-16.01619" lon="-57.736899"><ele>101.967</ele><time>2026-05-05T15:45:04Z</time></trkpt><trkpt lat="-16.016093" lon="-57.736959"><ele>102.368</ele><time>2026-05-05T15:45:05Z</time></trkpt><trkpt lat="-16.016001" lon="-57.737016"><ele>102.623</ele><time>2026-05-05T15:45:06Z</time></trkpt><trkpt lat="-16.015913" lon="-57.737068"><ele>102.902</ele><time>2026-05-05T15:45:07Z</time></trkpt><trkpt lat="-16.015826" lon="-57.737121"><ele>103.378</ele><time>2026-05-05T15:45:08Z</time></trkpt><trkpt lat="-16.015746" lon="-57.737173"><ele>103.934</ele><time>2026-05-05T15:45:09Z</time></trkpt><trkpt lat="-16.015666" lon="-57.73722"><ele>104.223</ele><time>2026-05-05T15:45:10Z</time></trkpt><trkpt lat="-16.015591" lon="-57.737262"><ele>104.549</ele><time>2026-05-05T15:45:11Z</time></trkpt><trkpt lat="-16.015516" lon="-57.737305"><ele>104.991</ele><time>2026-05-05T15:45:12Z</time></trkpt><trkpt lat="-16.015449" lon="-57.737343"><ele>105.123</ele><time>2026-05-05T15:45:13Z</time></trkpt><trkpt lat="-16.015402" lon="-57.737371"><ele>105.512</ele><time>2026-05-05T15:45:14Z</time></trkpt><trkpt lat="-16.015357" lon="-57.737388"><ele>105.941</ele><time>2026-05-05T15:45:15Z</time></trkpt><trkpt lat="-16.015302" lon="-57.737401"><ele>106.474</ele><time>2026-05-05T15:45:17Z</time></trkpt><trkpt lat="-16.01524" lon="-57.737428"><ele>107.734</ele><time>2026-05-05T15:45:20Z</time></trkpt><trkpt lat="-16.015212" lon="-57.737466"><ele>110.321</ele><time>2026-05-05T15:45:42Z</time></trkpt><trkpt lat="-16.015184" lon="-57.737514"><ele>110.330</ele><time>2026-05-05T15:45:45Z</time></trkpt><trkpt lat="-16.015147" lon="-57.737562"><ele>110.135</ele><time>2026-05-05T15:45:47Z</time></trkpt><trkpt lat="-16.015075" lon="-57.737612"><ele>109.765</ele><time>2026-05-05T15:45:49Z</time></trkpt><trkpt lat="-16.014998" lon="-57.737657"><ele>109.802</ele><time>2026-05-05T15:45:51Z</time></trkpt><trkpt lat="-16.014948" lon="-57.737687"><ele>110.052</ele><time>2026-05-05T15:45:52Z</time></trkpt><trkpt lat="-16.01489" lon="-57.737722"><ele>110.137</ele><time>2026-05-05T15:45:53Z</time></trkpt><trkpt lat="-16.01483" lon="-57.737757"><ele>110.116</ele><time>2026-05-05T15:45:54Z</time></trkpt><trkpt lat="-16.01477" lon="-57.737792"><ele>110.162</ele><time>2026-05-05T15:45:55Z</time></trkpt><trkpt lat="-16.0147" lon="-57.737832"><ele>110.188</ele><time>2026-05-05T15:45:56Z</time></trkpt><trkpt lat="-16.014627" lon="-57.737874"><ele>109.603</ele><time>2026-05-05T15:45:57Z</time></trkpt><trkpt lat="-16.014547" lon="-57.737917"><ele>109.566</ele><time>2026-05-05T15:45:58Z</time></trkpt><trkpt lat="-16.014462" lon="-57.737962"><ele>109.474</ele><time>2026-05-05T15:45:59Z</time></trkpt><trkpt lat="-16.014365" lon="-57.738014"><ele>109.363</ele><time>2026-05-05T15:46:00Z</time></trkpt><trkpt lat="-16.014267" lon="-57.738059"><ele>108.630</ele><time>2026-05-05T15:46:01Z</time></trkpt><trkpt lat="-16.014165" lon="-57.738107"><ele>108.350</ele><time>2026-05-05T15:46:02Z</time></trkpt><trkpt lat="-16.014065" lon="-57.73815"><ele>107.840</ele><time>2026-05-05T15:46:03Z</time></trkpt><trkpt lat="-16.013965" lon="-57.738193"><ele>107.482</ele><time>2026-05-05T15:46:04Z</time></trkpt><trkpt lat="-16.013858" lon="-57.738238"><ele>106.704</ele><time>2026-05-05T15:46:05Z</time></trkpt><trkpt lat="-16.013743" lon="-57.738276"><ele>106.350</ele><time>2026-05-05T15:46:06Z</time></trkpt><trkpt lat="-16.013625" lon="-57.738308"><ele>106.134</ele><time>2026-05-05T15:46:07Z</time></trkpt><trkpt lat="-16.013498" lon="-57.73834"><ele>106.195</ele><time>2026-05-05T15:46:08Z</time></trkpt><trkpt lat="-16.01337" lon="-57.738363"><ele>106.000</ele><time>2026-05-05T15:46:09Z</time></trkpt><trkpt lat="-16.013247" lon="-57.73839"><ele>105.391</ele><time>2026-05-05T15:46:10Z</time></trkpt><trkpt lat="-16.013127" lon="-57.738427"><ele>104.964</ele><time>2026-05-05T15:46:11Z</time></trkpt><trkpt lat="-16.013015" lon="-57.738477"><ele>104.993</ele><time>2026-05-05T15:46:12Z</time></trkpt><trkpt lat="-16.012907" lon="-57.738545"><ele>105.182</ele><time>2026-05-05T15:46:13Z</time></trkpt><trkpt lat="-16.012807" lon="-57.738622"><ele>105.166</ele><time>2026-05-05T15:46:14Z</time></trkpt><trkpt lat="-16.012712" lon="-57.738717"><ele>105.006</ele><time>2026-05-05T15:46:15Z</time></trkpt><trkpt lat="-16.012627" lon="-57.738825"><ele>105.075</ele><time>2026-05-05T15:46:16Z</time></trkpt><trkpt lat="-16.012535" lon="-57.738947"><ele>105.522</ele><time>2026-05-05T15:46:17Z</time></trkpt><trkpt lat="-16.012442" lon="-57.739062"><ele>106.071</ele><time>2026-05-05T15:46:18Z</time></trkpt><trkpt lat="-16.012342" lon="-57.739172"><ele>106.149</ele><time>2026-05-05T15:46:19Z</time></trkpt><trkpt lat="-16.012237" lon="-57.739282"><ele>106.232</ele><time>2026-05-05T15:46:20Z</time></trkpt><trkpt lat="-16.012129" lon="-57.739389"><ele>106.445</ele><time>2026-05-05T15:46:21Z</time></trkpt><trkpt lat="-16.012016" lon="-57.739489"><ele>106.776</ele><time>2026-05-05T15:46:22Z</time></trkpt><trkpt lat="-16.011896" lon="-57.739579"><ele>106.926</ele><time>2026-05-05T15:46:23Z</time></trkpt><trkpt lat="-16.011776" lon="-57.739671"><ele>107.083</ele><time>2026-05-05T15:46:24Z</time></trkpt><trkpt lat="-16.011648" lon="-57.739759"><ele>107.308</ele><time>2026-05-05T15:46:25Z</time></trkpt><trkpt lat="-16.011525" lon="-57.739849"><ele>107.621</ele><time>2026-05-05T15:46:26Z</time></trkpt><trkpt lat="-16.011402" lon="-57.739946"><ele>108.089</ele><time>2026-05-05T15:46:27Z</time></trkpt><trkpt lat="-16.011274" lon="-57.740041"><ele>108.626</ele><time>2026-05-05T15:46:28Z</time></trkpt><trkpt lat="-16.011147" lon="-57.740128"><ele>109.070</ele><time>2026-05-05T15:46:29Z</time></trkpt><trkpt lat="-16.011017" lon="-57.74021"><ele>109.226</ele><time>2026-05-05T15:46:30Z</time></trkpt><trkpt lat="-16.010887" lon="-57.74029"><ele>109.488</ele><time>2026-05-05T15:46:31Z</time></trkpt><trkpt lat="-16.010754" lon="-57.740378"><ele>109.635</ele><time>2026-05-05T15:46:32Z</time></trkpt><trkpt lat="-16.010621" lon="-57.740465"><ele>109.809</ele><time>2026-05-05T15:46:33Z</time></trkpt><trkpt lat="-16.010483" lon="-57.740548"><ele>109.847</ele><time>2026-05-05T15:46:34Z</time></trkpt><trkpt lat="-16.010346" lon="-57.740633"><ele>109.829</ele><time>2026-05-05T15:46:35Z</time></trkpt><trkpt lat="-16.010203" lon="-57.740721"><ele>109.871</ele><time>2026-05-05T15:46:36Z</time></trkpt><trkpt lat="-16.010061" lon="-57.740809"><ele>109.933</ele><time>2026-05-05T15:46:37Z</time></trkpt><trkpt lat="-16.009918" lon="-57.740901"><ele>109.991</ele><time>2026-05-05T15:46:38Z</time></trkpt><trkpt lat="-16.009775" lon="-57.740993"><ele>109.988</ele><time>2026-05-05T15:46:39Z</time></trkpt><trkpt lat="-16.009628" lon="-57.741081"><ele>110.060</ele><time>2026-05-05T15:46:40Z</time></trkpt><trkpt lat="-16.009483" lon="-57.741171"><ele>110.133</ele><time>2026-05-05T15:46:41Z</time></trkpt><trkpt lat="-16.009338" lon="-57.741264"><ele>110.192</ele><time>2026-05-05T15:46:42Z</time></trkpt><trkpt lat="-16.009191" lon="-57.741354"><ele>110.494</ele><time>2026-05-05T15:46:43Z</time></trkpt><trkpt lat="-16.009043" lon="-57.741447"><ele>110.730</ele><time>2026-05-05T15:46:44Z</time></trkpt><trkpt lat="-16.008898" lon="-57.741542"><ele>110.779</ele><time>2026-05-05T15:46:45Z</time></trkpt><trkpt lat="-16.008751" lon="-57.741637"><ele>110.228</ele><time>2026-05-05T15:46:46Z</time></trkpt><trkpt lat="-16.008604" lon="-57.741729"><ele>109.676</ele><time>2026-05-05T15:46:47Z</time></trkpt><trkpt lat="-16.008456" lon="-57.741821"><ele>109.491</ele><time>2026-05-05T15:46:48Z</time></trkpt><trkpt lat="-16.008314" lon="-57.741911"><ele>109.522</ele><time>2026-05-05T15:46:49Z</time></trkpt><trkpt lat="-16.008171" lon="-57.741999"><ele>109.429</ele><time>2026-05-05T15:46:50Z</time></trkpt><trkpt lat="-16.008029" lon="-57.742084"><ele>109.080</ele><time>2026-05-05T15:46:51Z</time></trkpt><trkpt lat="-16.007891" lon="-57.742174"><ele>108.707</ele><time>2026-05-05T15:46:52Z</time></trkpt><trkpt lat="-16.007754" lon="-57.742262"><ele>108.255</ele><time>2026-05-05T15:46:53Z</time></trkpt><trkpt lat="-16.007614" lon="-57.742349"><ele>107.695</ele><time>2026-05-05T15:46:54Z</time></trkpt><trkpt lat="-16.007474" lon="-57.742431"><ele>107.027</ele><time>2026-05-05T15:46:55Z</time></trkpt><trkpt lat="-16.007337" lon="-57.742518"><ele>106.448</ele><time>2026-05-05T15:46:56Z</time></trkpt><trkpt lat="-16.0072" lon="-57.742606"><ele>105.993</ele><time>2026-05-05T15:46:57Z</time></trkpt><trkpt lat="-16.007068" lon="-57.742694"><ele>105.463</ele><time>2026-05-05T15:46:58Z</time></trkpt><trkpt lat="-16.006935" lon="-57.742784"><ele>105.271</ele><time>2026-05-05T15:46:59Z</time></trkpt><trkpt lat="-16.006795" lon="-57.742874"><ele>104.710</ele><time>2026-05-05T15:47:00Z</time></trkpt><trkpt lat="-16.006653" lon="-57.742966"><ele>104.102</ele><time>2026-05-05T15:47:01Z</time></trkpt><trkpt lat="-16.006513" lon="-57.743053"><ele>104.048</ele><time>2026-05-05T15:47:02Z</time></trkpt><trkpt lat="-16.006371" lon="-57.743141"><ele>104.032</ele><time>2026-05-05T15:47:03Z</time></trkpt><trkpt lat="-16.006226" lon="-57.743233"><ele>104.151</ele><time>2026-05-05T15:47:04Z</time></trkpt><trkpt lat="-16.006071" lon="-57.743331"><ele>104.204</ele><time>2026-05-05T15:47:05Z</time></trkpt><trkpt lat="-16.005914" lon="-57.743429"><ele>104.102</ele><time>2026-05-05T15:47:06Z</time></trkpt><trkpt lat="-16.005766" lon="-57.743526"><ele>103.878</ele><time>2026-05-05T15:47:07Z</time></trkpt><trkpt lat="-16.005633" lon="-57.743611"><ele>103.578</ele><time>2026-05-05T15:47:08Z</time></trkpt><trkpt lat="-16.005506" lon="-57.743696"><ele>103.552</ele><time>2026-05-05T15:47:09Z</time></trkpt><trkpt lat="-16.005363" lon="-57.743789"><ele>103.510</ele><time>2026-05-05T15:47:10Z</time></trkpt><trkpt lat="-16.005228" lon="-57.743877"><ele>103.629</ele><time>2026-05-05T15:47:11Z</time></trkpt><trkpt lat="-16.005088" lon="-57.743965"><ele>103.822</ele><time>2026-05-05T15:47:12Z</time></trkpt><trkpt lat="-16.004945" lon="-57.74405"><ele>104.290</ele><time>2026-05-05T15:47:13Z</time></trkpt><trkpt lat="-16.0048" lon="-57.744137"><ele>104.513</ele><time>2026-05-05T15:47:14Z</time></trkpt><trkpt lat="-16.004662" lon="-57.744224"><ele>104.758</ele><time>2026-05-05T15:47:15Z</time></trkpt><trkpt lat="-16.004525" lon="-57.744307"><ele>104.871</ele><time>2026-05-05T15:47:16Z</time></trkpt><trkpt lat="-16.004395" lon="-57.744389"><ele>104.346</ele><time>2026-05-05T15:47:17Z</time></trkpt><trkpt lat="-16.004257" lon="-57.744479"><ele>104.114</ele><time>2026-05-05T15:47:18Z</time></trkpt><trkpt lat="-16.004117" lon="-57.744574"><ele>104.474</ele><time>2026-05-05T15:47:19Z</time></trkpt><trkpt lat="-16.003987" lon="-57.744664"><ele>104.928</ele><time>2026-05-05T15:47:20Z</time></trkpt><trkpt lat="-16.003855" lon="-57.744752"><ele>105.407</ele><time>2026-05-05T15:47:21Z</time></trkpt><trkpt lat="-16.003722" lon="-57.744844"><ele>105.659</ele><time>2026-05-05T15:47:22Z</time></trkpt><trkpt lat="-16.003584" lon="-57.744937"><ele>105.686</ele><time>2026-05-05T15:47:23Z</time></trkpt><trkpt lat="-16.003446" lon="-57.745029"><ele>105.536</ele><time>2026-05-05T15:47:24Z</time></trkpt><trkpt lat="-16.003314" lon="-57.745114"><ele>104.619</ele><time>2026-05-05T15:47:25Z</time></trkpt><trkpt lat="-16.003181" lon="-57.745201"><ele>103.624</ele><time>2026-05-05T15:47:26Z</time></trkpt><trkpt lat="-16.003048" lon="-57.745289"><ele>103.438</ele><time>2026-05-05T15:47:27Z</time></trkpt><trkpt lat="-16.002911" lon="-57.745379"><ele>103.334</ele><time>2026-05-05T15:47:28Z</time></trkpt><trkpt lat="-16.002769" lon="-57.745467"><ele>103.379</ele><time>2026-05-05T15:47:29Z</time></trkpt><trkpt lat="-16.002631" lon="-57.745554"><ele>103.750</ele><time>2026-05-05T15:47:30Z</time></trkpt><trkpt lat="-16.002494" lon="-57.745637"><ele>104.150</ele><time>2026-05-05T15:47:31Z</time></trkpt><trkpt lat="-16.002356" lon="-57.745725"><ele>104.577</ele><time>2026-05-05T15:47:32Z</time></trkpt><trkpt lat="-16.002218" lon="-57.745808"><ele>104.973</ele><time>2026-05-05T15:47:33Z</time></trkpt><trkpt lat="-16.002076" lon="-57.745898"><ele>105.399</ele><time>2026-05-05T15:47:34Z</time></trkpt><trkpt lat="-16.001934" lon="-57.745985"><ele>105.730</ele><time>2026-05-05T15:47:35Z</time></trkpt><trkpt lat="-16.001792" lon="-57.746075"><ele>106.422</ele><time>2026-05-05T15:47:36Z</time></trkpt><trkpt lat="-16.00165" lon="-57.746163"><ele>107.000</ele><time>2026-05-05T15:47:37Z</time></trkpt><trkpt lat="-16.001505" lon="-57.746256"><ele>107.267</ele><time>2026-05-05T15:47:38Z</time></trkpt><trkpt lat="-16.00136" lon="-57.746348"><ele>107.517</ele><time>2026-05-05T15:47:39Z</time></trkpt><trkpt lat="-16.001215" lon="-57.74644"><ele>107.802</ele><time>2026-05-05T15:47:40Z</time></trkpt><trkpt lat="-16.001072" lon="-57.74653"><ele>107.911</ele><time>2026-05-05T15:47:41Z</time></trkpt><trkpt lat="-16.000929" lon="-57.74662"><ele>107.369</ele><time>2026-05-05T15:47:42Z</time></trkpt><trkpt lat="-16.000782" lon="-57.746712"><ele>106.610</ele><time>2026-05-05T15:47:43Z</time></trkpt><trkpt lat="-16.00064" lon="-57.746802"><ele>106.323</ele><time>2026-05-05T15:47:44Z</time></trkpt><trkpt lat="-16.000492" lon="-57.7469"><ele>106.222</ele><time>2026-05-05T15:47:45Z</time></trkpt><trkpt lat="-16.000347" lon="-57.746993"><ele>106.108</ele><time>2026-05-05T15:47:46Z</time></trkpt><trkpt lat="-16.0002" lon="-57.74709"><ele>106.044</ele><time>2026-05-05T15:47:47Z</time></trkpt><trkpt lat="-16.00005" lon="-57.747187"><ele>106.041</ele><time>2026-05-05T15:47:48Z</time></trkpt><trkpt lat="-15.999903" lon="-57.747282"><ele>106.558</ele><time>2026-05-05T15:47:49Z</time></trkpt><trkpt lat="-15.999758" lon="-57.747374"><ele>107.144</ele><time>2026-05-05T15:47:50Z</time></trkpt><trkpt lat="-15.999615" lon="-57.747471"><ele>107.409</ele><time>2026-05-05T15:47:51Z</time></trkpt><trkpt lat="-15.999475" lon="-57.747563"><ele>107.694</ele><time>2026-05-05T15:47:52Z</time></trkpt><trkpt lat="-15.999327" lon="-57.747658"><ele>107.773</ele><time>2026-05-05T15:47:53Z</time></trkpt><trkpt lat="-15.999184" lon="-57.747755"><ele>108.153</ele><time>2026-05-05T15:47:54Z</time></trkpt><trkpt lat="-15.999046" lon="-57.74785"><ele>108.526</ele><time>2026-05-05T15:47:55Z</time></trkpt><trkpt lat="-15.998906" lon="-57.747945"><ele>109.011</ele><time>2026-05-05T15:47:56Z</time></trkpt><trkpt lat="-15.998763" lon="-57.748037"><ele>109.514</ele><time>2026-05-05T15:47:57Z</time></trkpt><trkpt lat="-15.998621" lon="-57.74813"><ele>109.801</ele><time>2026-05-05T15:47:58Z</time></trkpt><trkpt lat="-15.998476" lon="-57.748227"><ele>110.113</ele><time>2026-05-05T15:47:59Z</time></trkpt><trkpt lat="-15.998331" lon="-57.748322"><ele>110.611</ele><time>2026-05-05T15:48:00Z</time></trkpt><trkpt lat="-15.998186" lon="-57.748419"><ele>111.267</ele><time>2026-05-05T15:48:01Z</time></trkpt><trkpt lat="-15.998041" lon="-57.748517"><ele>111.691</ele><time>2026-05-05T15:48:02Z</time></trkpt><trkpt lat="-15.997896" lon="-57.748609"><ele>111.816</ele><time>2026-05-05T15:48:03Z</time></trkpt><trkpt lat="-15.997758" lon="-57.748702"><ele>111.955</ele><time>2026-05-05T15:48:04Z</time></trkpt><trkpt lat="-15.997626" lon="-57.748789"><ele>112.084</ele><time>2026-05-05T15:48:05Z</time></trkpt><trkpt lat="-15.997494" lon="-57.748876"><ele>112.320</ele><time>2026-05-05T15:48:06Z</time></trkpt><trkpt lat="-15.997361" lon="-57.748961"><ele>112.786</ele><time>2026-05-05T15:48:07Z</time></trkpt><trkpt lat="-15.997226" lon="-57.749049"><ele>113.056</ele><time>2026-05-05T15:48:08Z</time></trkpt><trkpt lat="-15.997091" lon="-57.749137"><ele>113.367</ele><time>2026-05-05T15:48:09Z</time></trkpt><trkpt lat="-15.996953" lon="-57.749229"><ele>113.507</ele><time>2026-05-05T15:48:10Z</time></trkpt><trkpt lat="-15.996808" lon="-57.749326"><ele>113.804</ele><time>2026-05-05T15:48:11Z</time></trkpt><trkpt lat="-15.996665" lon="-57.749423"><ele>114.052</ele><time>2026-05-05T15:48:12Z</time></trkpt><trkpt lat="-15.996523" lon="-57.749518"><ele>114.155</ele><time>2026-05-05T15:48:13Z</time></trkpt><trkpt lat="-15.996383" lon="-57.749611"><ele>114.318</ele><time>2026-05-05T15:48:14Z</time></trkpt><trkpt lat="-15.996236" lon="-57.749708"><ele>114.670</ele><time>2026-05-05T15:48:15Z</time></trkpt><trkpt lat="-15.996096" lon="-57.7498"><ele>114.548</ele><time>2026-05-05T15:48:16Z</time></trkpt><trkpt lat="-15.995954" lon="-57.749895"><ele>114.362</ele><time>2026-05-05T15:48:17Z</time></trkpt><trkpt lat="-15.995811" lon="-57.749992"><ele>114.367</ele><time>2026-05-05T15:48:18Z</time></trkpt><trkpt lat="-15.995666" lon="-57.750085"><ele>114.183</ele><time>2026-05-05T15:48:19Z</time></trkpt><trkpt lat="-15.995526" lon="-57.750177"><ele>113.839</ele><time>2026-05-05T15:48:20Z</time></trkpt><trkpt lat="-15.995384" lon="-57.75027"><ele>113.777</ele><time>2026-05-05T15:48:21Z</time></trkpt><trkpt lat="-15.995242" lon="-57.750363"><ele>113.637</ele><time>2026-05-05T15:48:22Z</time></trkpt><trkpt lat="-15.9951" lon="-57.750455"><ele>113.527</ele><time>2026-05-05T15:48:23Z</time></trkpt><trkpt lat="-15.994958" lon="-57.750545"><ele>113.469</ele><time>2026-05-05T15:48:24Z</time></trkpt><trkpt lat="-15.994825" lon="-57.750628"><ele>113.326</ele><time>2026-05-05T15:48:25Z</time></trkpt><trkpt lat="-15.99469" lon="-57.750716"><ele>113.107</ele><time>2026-05-05T15:48:26Z</time></trkpt><trkpt lat="-15.994552" lon="-57.750813"><ele>113.073</ele><time>2026-05-05T15:48:27Z</time></trkpt><trkpt lat="-15.994412" lon="-57.75091"><ele>113.019</ele><time>2026-05-05T15:48:28Z</time></trkpt><trkpt lat="-15.99427" lon="-57.751002"><ele>113.028</ele><time>2026-05-05T15:48:29Z</time></trkpt><trkpt lat="-15.994133" lon="-57.751089"><ele>113.087</ele><time>2026-05-05T15:48:30Z</time></trkpt><trkpt lat="-15.993995" lon="-57.751182"><ele>113.094</ele><time>2026-05-05T15:48:31Z</time></trkpt><trkpt lat="-15.993855" lon="-57.751274"><ele>112.922</ele><time>2026-05-05T15:48:32Z</time></trkpt><trkpt lat="-15.993717" lon="-57.751366"><ele>112.644</ele><time>2026-05-05T15:48:33Z</time></trkpt><trkpt lat="-15.993582" lon="-57.751453"><ele>112.149</ele><time>2026-05-05T15:48:34Z</time></trkpt><trkpt lat="-15.993445" lon="-57.751543"><ele>111.985</ele><time>2026-05-05T15:48:35Z</time></trkpt><trkpt lat="-15.99331" lon="-57.751631"><ele>112.019</ele><time>2026-05-05T15:48:36Z</time></trkpt><trkpt lat="-15.993178" lon="-57.751716"><ele>112.267</ele><time>2026-05-05T15:48:37Z</time></trkpt><trkpt lat="-15.993043" lon="-57.751801"><ele>112.547</ele><time>2026-05-05T15:48:38Z</time></trkpt><trkpt lat="-15.99291" lon="-57.751886"><ele>112.680</ele><time>2026-05-05T15:48:39Z</time></trkpt><trkpt lat="-15.992782" lon="-57.751971"><ele>112.317</ele><time>2026-05-05T15:48:40Z</time></trkpt><trkpt lat="-15.992654" lon="-57.752056"><ele>111.612</ele><time>2026-05-05T15:48:41Z</time></trkpt><trkpt lat="-15.992529" lon="-57.752134"><ele>110.933</ele><time>2026-05-05T15:48:42Z</time></trkpt><trkpt lat="-15.992399" lon="-57.752217"><ele>110.439</ele><time>2026-05-05T15:48:43Z</time></trkpt><trkpt lat="-15.992271" lon="-57.752302"><ele>110.231</ele><time>2026-05-05T15:48:44Z</time></trkpt><trkpt lat="-15.992143" lon="-57.752389"><ele>110.536</ele><time>2026-05-05T15:48:45Z</time></trkpt><trkpt lat="-15.992015" lon="-57.752476"><ele>110.662</ele><time>2026-05-05T15:48:46Z</time></trkpt><trkpt lat="-15.991888" lon="-57.752558"><ele>110.461</ele><time>2026-05-05T15:48:47Z</time></trkpt><trkpt lat="-15.99176" lon="-57.752641"><ele>110.149</ele><time>2026-05-05T15:48:48Z</time></trkpt><trkpt lat="-15.991628" lon="-57.752724"><ele>109.861</ele><time>2026-05-05T15:48:49Z</time></trkpt><trkpt lat="-15.9915" lon="-57.752807"><ele>109.429</ele><time>2026-05-05T15:48:50Z</time></trkpt><trkpt lat="-15.991375" lon="-57.752887"><ele>108.700</ele><time>2026-05-05T15:48:51Z</time></trkpt><trkpt lat="-15.991247" lon="-57.752969"><ele>107.714</ele><time>2026-05-05T15:48:52Z</time></trkpt><trkpt lat="-15.991125" lon="-57.753046"><ele>106.869</ele><time>2026-05-05T15:48:53Z</time></trkpt><trkpt lat="-15.990997" lon="-57.753124"><ele>106.118</ele><time>2026-05-05T15:48:54Z</time></trkpt><trkpt lat="-15.99087" lon="-57.753202"><ele>105.598</ele><time>2026-05-05T15:48:55Z</time></trkpt><trkpt lat="-15.99074" lon="-57.753284"><ele>105.269</ele><time>2026-05-05T15:48:56Z</time></trkpt><trkpt lat="-15.990618" lon="-57.753359"><ele>105.232</ele><time>2026-05-05T15:48:57Z</time></trkpt><trkpt lat="-15.990501" lon="-57.753429"><ele>105.101</ele><time>2026-05-05T15:48:58Z</time></trkpt><trkpt lat="-15.990388" lon="-57.753504"><ele>105.322</ele><time>2026-05-05T15:48:59Z</time></trkpt><trkpt lat="-15.990283" lon="-57.753564"><ele>105.588</ele><time>2026-05-05T15:49:00Z</time></trkpt><trkpt lat="-15.990191" lon="-57.753622"><ele>105.913</ele><time>2026-05-05T15:49:01Z</time></trkpt><trkpt lat="-15.990111" lon="-57.753672"><ele>106.126</ele><time>2026-05-05T15:49:02Z</time></trkpt><trkpt lat="-15.990044" lon="-57.753715"><ele>106.192</ele><time>2026-05-05T15:49:03Z</time></trkpt><trkpt lat="-15.989986" lon="-57.753747"><ele>106.343</ele><time>2026-05-05T15:49:04Z</time></trkpt><trkpt lat="-15.989923" lon="-57.75377"><ele>106.362</ele><time>2026-05-05T15:49:06Z</time></trkpt><trkpt lat="-15.989873" lon="-57.753798"><ele>106.336</ele><time>2026-05-05T15:49:09Z</time></trkpt><trkpt lat="-15.989853" lon="-57.753846"><ele>106.702</ele><time>2026-05-05T15:49:27Z</time></trkpt><trkpt lat="-15.9898" lon="-57.753893"><ele>107.494</ele><time>2026-05-05T15:49:29Z</time></trkpt><trkpt lat="-15.989727" lon="-57.75394"><ele>108.058</ele><time>2026-05-05T15:49:31Z</time></trkpt><trkpt lat="-15.98968" lon="-57.753972"><ele>108.500</ele><time>2026-05-05T15:49:32Z</time></trkpt><trkpt lat="-15.98963" lon="-57.754004"><ele>108.756</ele><time>2026-05-05T15:49:33Z</time></trkpt><trkpt lat="-15.989573" lon="-57.754041"><ele>108.985</ele><time>2026-05-05T15:49:34Z</time></trkpt><trkpt lat="-15.98951" lon="-57.754086"><ele>109.112</ele><time>2026-05-05T15:49:35Z</time></trkpt><trkpt lat="-15.989443" lon="-57.754124"><ele>109.345</ele><time>2026-05-05T15:49:36Z</time></trkpt><trkpt lat="-15.989371" lon="-57.754172"><ele>109.404</ele><time>2026-05-05T15:49:37Z</time></trkpt><trkpt lat="-15.989294" lon="-57.754222"><ele>109.553</ele><time>2026-05-05T15:49:38Z</time></trkpt><trkpt lat="-15.989211" lon="-57.754277"><ele>109.790</ele><time>2026-05-05T15:49:39Z</time></trkpt><trkpt lat="-15.989126" lon="-57.754334"><ele>109.976</ele><time>2026-05-05T15:49:40Z</time></trkpt><trkpt lat="-15.989038" lon="-57.754396"><ele>109.983</ele><time>2026-05-05T15:49:41Z</time></trkpt><trkpt lat="-15.988945" lon="-57.754456"><ele>110.019</ele><time>2026-05-05T15:49:42Z</time></trkpt><trkpt lat="-15.98885" lon="-57.754519"><ele>110.180</ele><time>2026-05-05T15:49:43Z</time></trkpt><trkpt lat="-15.988752" lon="-57.754587"><ele>110.102</ele><time>2026-05-05T15:49:44Z</time></trkpt><trkpt lat="-15.98865" lon="-57.754652"><ele>110.343</ele><time>2026-05-05T15:49:45Z</time></trkpt><trkpt lat="-15.988545" lon="-57.75472"><ele>110.430</ele><time>2026-05-05T15:49:46Z</time></trkpt><trkpt lat="-15.988443" lon="-57.754788"><ele>110.403</ele><time>2026-05-05T15:49:47Z</time></trkpt><trkpt lat="-15.988336" lon="-57.754855"><ele>110.371</ele><time>2026-05-05T15:49:48Z</time></trkpt><trkpt lat="-15.988226" lon="-57.754925"><ele>110.209</ele><time>2026-05-05T15:49:49Z</time></trkpt><trkpt lat="-15.988121" lon="-57.754995"><ele>110.218</ele><time>2026-05-05T15:49:50Z</time></trkpt><trkpt lat="-15.988023" lon="-57.755058"><ele>110.259</ele><time>2026-05-05T15:49:51Z</time></trkpt><trkpt lat="-15.987935" lon="-57.755118"><ele>110.188</ele><time>2026-05-05T15:49:52Z</time></trkpt><trkpt lat="-15.987853" lon="-57.75518"><ele>110.110</ele><time>2026-05-05T15:49:53Z</time></trkpt><trkpt lat="-15.987795" lon="-57.755228"><ele>110.232</ele><time>2026-05-05T15:49:54Z</time></trkpt><trkpt lat="-15.987748" lon="-57.755278"><ele>110.493</ele><time>2026-05-05T15:49:55Z</time></trkpt><trkpt lat="-15.987721" lon="-57.755321"><ele>110.402</ele><time>2026-05-05T15:49:56Z</time></trkpt><trkpt lat="-15.987724" lon="-57.755371"><ele>110.531</ele><time>2026-05-05T15:49:58Z</time></trkpt><trkpt lat="-15.987766" lon="-57.755401"><ele>111.146</ele><time>2026-05-05T15:50:01Z</time></trkpt><trkpt lat="-15.987818" lon="-57.755391"><ele>111.166</ele><time>2026-05-05T15:50:04Z</time></trkpt><trkpt lat="-15.987891" lon="-57.755344"><ele>111.256</ele><time>2026-05-05T15:50:40Z</time></trkpt><trkpt lat="-15.987834" lon="-57.755331"><ele>111.279</ele><time>2026-05-05T15:50:44Z</time></trkpt><trkpt lat="-15.987782" lon="-57.755306"><ele>100.943</ele><time>2026-05-05T15:51:23Z</time></trkpt><trkpt lat="-15.987804" lon="-57.755251"><ele>103.933</ele><time>2026-05-05T15:51:50Z</time></trkpt><trkpt lat="-15.987839" lon="-57.755214"><ele>106.366</ele><time>2026-05-05T15:51:52Z</time></trkpt><trkpt lat="-15.987889" lon="-57.755169"><ele>107.031</ele><time>2026-05-05T15:51:54Z</time></trkpt><trkpt lat="-15.987947" lon="-57.755129"><ele>106.904</ele><time>2026-05-05T15:51:56Z</time></trkpt><trkpt lat="-15.988022" lon="-57.755077"><ele>106.834</ele><time>2026-05-05T15:51:58Z</time></trkpt><trkpt lat="-15.988064" lon="-57.755054"><ele>106.771</ele><time>2026-05-05T15:51:59Z</time></trkpt><trkpt lat="-15.988116" lon="-57.755024"><ele>106.737</ele><time>2026-05-05T15:52:00Z</time></trkpt><trkpt lat="-15.988163" lon="-57.754994"><ele>106.766</ele><time>2026-05-05T15:52:01Z</time></trkpt><trkpt lat="-15.988215" lon="-57.754959"><ele>106.961</ele><time>2026-05-05T15:52:02Z</time></trkpt><trkpt lat="-15.988265" lon="-57.754922"><ele>106.934</ele><time>2026-05-05T15:52:03Z</time></trkpt><trkpt lat="-15.988313" lon="-57.754889"><ele>107.056</ele><time>2026-05-05T15:52:04Z</time></trkpt><trkpt lat="-15.988361" lon="-57.754852"><ele>107.124</ele><time>2026-05-05T15:52:05Z</time></trkpt><trkpt lat="-15.988419" lon="-57.754815"><ele>107.190</ele><time>2026-05-05T15:52:06Z</time></trkpt><trkpt lat="-15.988489" lon="-57.754772"><ele>107.199</ele><time>2026-05-05T15:52:07Z</time></trkpt><trkpt lat="-15.988569" lon="-57.754724"><ele>107.067</ele><time>2026-05-05T15:52:08Z</time></trkpt><trkpt lat="-15.988659" lon="-57.754667"><ele>106.606</ele><time>2026-05-05T15:52:09Z</time></trkpt><trkpt lat="-15.988756" lon="-57.754605"><ele>105.928</ele><time>2026-05-05T15:52:10Z</time></trkpt><trkpt lat="-15.988854" lon="-57.754545"><ele>105.868</ele><time>2026-05-05T15:52:11Z</time></trkpt><trkpt lat="-15.988952" lon="-57.754482"><ele>105.776</ele><time>2026-05-05T15:52:12Z</time></trkpt><trkpt lat="-15.989057" lon="-57.754409"><ele>105.332</ele><time>2026-05-05T15:52:13Z</time></trkpt><trkpt lat="-15.989162" lon="-57.754337"><ele>105.370</ele><time>2026-05-05T15:52:14Z</time></trkpt><trkpt lat="-15.989269" lon="-57.754267"><ele>105.315</ele><time>2026-05-05T15:52:15Z</time></trkpt><trkpt lat="-15.989387" lon="-57.754194"><ele>105.117</ele><time>2026-05-05T15:52:16Z</time></trkpt><trkpt lat="-15.989514" lon="-57.754112"><ele>105.116</ele><time>2026-05-05T15:52:17Z</time></trkpt><trkpt lat="-15.989636" lon="-57.754034"><ele>105.104</ele><time>2026-05-05T15:52:18Z</time></trkpt><trkpt lat="-15.989766" lon="-57.753954"><ele>105.194</ele><time>2026-05-05T15:52:19Z</time></trkpt><trkpt lat="-15.989898" lon="-57.753867"><ele>105.015</ele><time>2026-05-05T15:52:20Z</time></trkpt><trkpt lat="-15.99006" lon="-57.753747"><ele>104.331</ele><time>2026-05-05T15:52:21Z</time></trkpt><trkpt lat="-15.990213" lon="-57.753637"><ele>103.467</ele><time>2026-05-05T15:52:22Z</time></trkpt><trkpt lat="-15.990361" lon="-57.753537"><ele>103.090</ele><time>2026-05-05T15:52:23Z</time></trkpt><trkpt lat="-15.990511" lon="-57.75344"><ele>102.316</ele><time>2026-05-05T15:52:24Z</time></trkpt><trkpt lat="-15.990669" lon="-57.753338"><ele>101.663</ele><time>2026-05-05T15:52:25Z</time></trkpt><trkpt lat="-15.990819" lon="-57.753236"><ele>101.871</ele><time>2026-05-05T15:52:26Z</time></trkpt><trkpt lat="-15.990966" lon="-57.753138"><ele>102.238</ele><time>2026-05-05T15:52:27Z</time></trkpt><trkpt lat="-15.991114" lon="-57.753041"><ele>102.811</ele><time>2026-05-05T15:52:28Z</time></trkpt><trkpt lat="-15.991259" lon="-57.752944"><ele>103.646</ele><time>2026-05-05T15:52:29Z</time></trkpt><trkpt lat="-15.991404" lon="-57.752852"><ele>104.495</ele><time>2026-05-05T15:52:30Z</time></trkpt><trkpt lat="-15.991551" lon="-57.752757"><ele>105.316</ele><time>2026-05-05T15:52:31Z</time></trkpt><trkpt lat="-15.991696" lon="-57.752657"><ele>106.206</ele><time>2026-05-05T15:52:32Z</time></trkpt><trkpt lat="-15.991844" lon="-57.752564"><ele>107.087</ele><time>2026-05-05T15:52:33Z</time></trkpt><trkpt lat="-15.991991" lon="-57.752467"><ele>108.077</ele><time>2026-05-05T15:52:34Z</time></trkpt><trkpt lat="-15.992138" lon="-57.752372"><ele>109.122</ele><time>2026-05-05T15:52:35Z</time></trkpt><trkpt lat="-15.992285" lon="-57.75228"><ele>110.016</ele><time>2026-05-05T15:52:36Z</time></trkpt><trkpt lat="-15.99243" lon="-57.752185"><ele>110.582</ele><time>2026-05-05T15:52:37Z</time></trkpt><trkpt lat="-15.992573" lon="-57.752093"><ele>110.859</ele><time>2026-05-05T15:52:38Z</time></trkpt><trkpt lat="-15.99272" lon="-57.751998"><ele>111.075</ele><time>2026-05-05T15:52:39Z</time></trkpt><trkpt lat="-15.992865" lon="-57.751901"><ele>111.161</ele><time>2026-05-05T15:52:40Z</time></trkpt><trkpt lat="-15.993013" lon="-57.751808"><ele>111.494</ele><time>2026-05-05T15:52:41Z</time></trkpt><trkpt lat="-15.993153" lon="-57.75172"><ele>111.626</ele><time>2026-05-05T15:52:42Z</time></trkpt><trkpt lat="-15.993298" lon="-57.751623"><ele>111.713</ele><time>2026-05-05T15:52:43Z</time></trkpt><trkpt lat="-15.99344" lon="-57.751526"><ele>112.103</ele><time>2026-05-05T15:52:44Z</time></trkpt><trkpt lat="-15.993587" lon="-57.751428"><ele>112.699</ele><time>2026-05-05T15:52:45Z</time></trkpt><trkpt lat="-15.99373" lon="-57.751335"><ele>113.053</ele><time>2026-05-05T15:52:46Z</time></trkpt><trkpt lat="-15.993868" lon="-57.75125"><ele>113.383</ele><time>2026-05-05T15:52:47Z</time></trkpt><trkpt lat="-15.994006" lon="-57.751165"><ele>113.799</ele><time>2026-05-05T15:52:48Z</time></trkpt><trkpt lat="-15.994148" lon="-57.751068"><ele>114.178</ele><time>2026-05-05T15:52:49Z</time></trkpt><trkpt lat="-15.99429" lon="-57.750975"><ele>114.622</ele><time>2026-05-05T15:52:50Z</time></trkpt><trkpt lat="-15.994432" lon="-57.750882"><ele>115.087</ele><time>2026-05-05T15:52:51Z</time></trkpt><trkpt lat="-15.994574" lon="-57.750787"><ele>115.401</ele><time>2026-05-05T15:52:52Z</time></trkpt><trkpt lat="-15.994716" lon="-57.750694"><ele>115.834</ele><time>2026-05-05T15:52:53Z</time></trkpt><trkpt lat="-15.994858" lon="-57.750602"><ele>116.193</ele><time>2026-05-05T15:52:54Z</time></trkpt><trkpt lat="-15.994998" lon="-57.750509"><ele>116.393</ele><time>2026-05-05T15:52:55Z</time></trkpt><trkpt lat="-15.995141" lon="-57.750417"><ele>116.644</ele><time>2026-05-05T15:52:56Z</time></trkpt><trkpt lat="-15.995284" lon="-57.750324"><ele>116.993</ele><time>2026-05-05T15:52:57Z</time></trkpt><trkpt lat="-15.995427" lon="-57.750232"><ele>117.234</ele><time>2026-05-05T15:52:58Z</time></trkpt><trkpt lat="-15.99557" lon="-57.75014"><ele>117.500</ele><time>2026-05-05T15:52:59Z</time></trkpt><trkpt lat="-15.995712" lon="-57.750047"><ele>117.750</ele><time>2026-05-05T15:53:00Z</time></trkpt><trkpt lat="-15.995854" lon="-57.749954"><ele>117.991</ele><time>2026-05-05T15:53:01Z</time></trkpt><trkpt lat="-15.996001" lon="-57.749861"><ele>118.150</ele><time>2026-05-05T15:53:02Z</time></trkpt><trkpt lat="-15.996144" lon="-57.749768"><ele>118.111</ele><time>2026-05-05T15:53:03Z</time></trkpt><trkpt lat="-15.996292" lon="-57.749671"><ele>118.108</ele><time>2026-05-05T15:53:04Z</time></trkpt><trkpt lat="-15.996435" lon="-57.749578"><ele>118.347</ele><time>2026-05-05T15:53:05Z</time></trkpt><trkpt lat="-15.99658" lon="-57.749485"><ele>118.473</ele><time>2026-05-05T15:53:06Z</time></trkpt><trkpt lat="-15.996722" lon="-57.749397"><ele>118.393</ele><time>2026-05-05T15:53:07Z</time></trkpt><trkpt lat="-15.996865" lon="-57.749305"><ele>118.292</ele><time>2026-05-05T15:53:08Z</time></trkpt><trkpt lat="-15.997007" lon="-57.749213"><ele>118.251</ele><time>2026-05-05T15:53:09Z</time></trkpt><trkpt lat="-15.997149" lon="-57.749121"><ele>118.284</ele><time>2026-05-05T15:53:10Z</time></trkpt><trkpt lat="-15.997296" lon="-57.749024"><ele>118.278</ele><time>2026-05-05T15:53:11Z</time></trkpt><trkpt lat="-15.997441" lon="-57.748927"><ele>118.204</ele><time>2026-05-05T15:53:12Z</time></trkpt><trkpt lat="-15.997586" lon="-57.748834"><ele>118.171</ele><time>2026-05-05T15:53:13Z</time></trkpt><trkpt lat="-15.997728" lon="-57.748742"><ele>118.074</ele><time>2026-05-05T15:53:14Z</time></trkpt><trkpt lat="-15.997868" lon="-57.748659"><ele>118.085</ele><time>2026-05-05T15:53:15Z</time></trkpt><trkpt lat="-15.998013" lon="-57.748576"><ele>118.107</ele><time>2026-05-05T15:53:16Z</time></trkpt><trkpt lat="-15.998158" lon="-57.748488"><ele>118.383</ele><time>2026-05-05T15:53:17Z</time></trkpt><trkpt lat="-15.998301" lon="-57.748401"><ele>118.577</ele><time>2026-05-05T15:53:18Z</time></trkpt><trkpt lat="-15.998444" lon="-57.748309"><ele>118.306</ele><time>2026-05-05T15:53:19Z</time></trkpt><trkpt lat="-15.998572" lon="-57.748201"><ele>117.727</ele><time>2026-05-05T15:53:20Z</time></trkpt><trkpt lat="-15.998714" lon="-57.748098"><ele>117.118</ele><time>2026-05-05T15:53:21Z</time></trkpt><trkpt lat="-15.998849" lon="-57.748015"><ele>116.782</ele><time>2026-05-05T15:53:22Z</time></trkpt><trkpt lat="-15.998974" lon="-57.747938"><ele>115.845</ele><time>2026-05-05T15:53:23Z</time></trkpt><trkpt lat="-15.999121" lon="-57.747836"><ele>114.839</ele><time>2026-05-05T15:53:24Z</time></trkpt><trkpt lat="-15.999273" lon="-57.747731"><ele>114.222</ele><time>2026-05-05T15:53:25Z</time></trkpt><trkpt lat="-15.99942" lon="-57.747623"><ele>112.621</ele><time>2026-05-05T15:53:26Z</time></trkpt><trkpt lat="-15.999572" lon="-57.747521"><ele>111.018</ele><time>2026-05-05T15:53:27Z</time></trkpt><trkpt lat="-15.999702" lon="-57.747441"><ele>110.204</ele><time>2026-05-05T15:53:28Z</time></trkpt><trkpt lat="-15.999852" lon="-57.747339"><ele>109.857</ele><time>2026-05-05T15:53:29Z</time></trkpt><trkpt lat="-16.000002" lon="-57.747237"><ele>109.768</ele><time>2026-05-05T15:53:30Z</time></trkpt><trkpt lat="-16.000155" lon="-57.747129"><ele>109.152</ele><time>2026-05-05T15:53:31Z</time></trkpt><trkpt lat="-16.000305" lon="-57.747031"><ele>108.951</ele><time>2026-05-05T15:53:32Z</time></trkpt><trkpt lat="-16.00045" lon="-57.746936"><ele>108.927</ele><time>2026-05-05T15:53:33Z</time></trkpt><trkpt lat="-16.000595" lon="-57.746841"><ele>108.719</ele><time>2026-05-05T15:53:34Z</time></trkpt><trkpt lat="-16.000738" lon="-57.746749"><ele>108.712</ele><time>2026-05-05T15:53:35Z</time></trkpt><trkpt lat="-16.000881" lon="-57.746659"><ele>108.711</ele><time>2026-05-05T15:53:36Z</time></trkpt><trkpt lat="-16.001028" lon="-57.746569"><ele>108.635</ele><time>2026-05-05T15:53:37Z</time></trkpt><trkpt lat="-16.001176" lon="-57.746474"><ele>108.031</ele><time>2026-05-05T15:53:38Z</time></trkpt><trkpt lat="-16.001319" lon="-57.746384"><ele>107.995</ele><time>2026-05-05T15:53:39Z</time></trkpt><trkpt lat="-16.001462" lon="-57.746292"><ele>108.350</ele><time>2026-05-05T15:53:40Z</time></trkpt><trkpt lat="-16.001607" lon="-57.746197"><ele>108.500</ele><time>2026-05-05T15:53:41Z</time></trkpt><trkpt lat="-16.001752" lon="-57.746102"><ele>108.852</ele><time>2026-05-05T15:53:42Z</time></trkpt><trkpt lat="-16.001889" lon="-57.746017"><ele>109.161</ele><time>2026-05-05T15:53:43Z</time></trkpt><trkpt lat="-16.002019" lon="-57.74594"><ele>109.590</ele><time>2026-05-05T15:53:44Z</time></trkpt><trkpt lat="-16.002144" lon="-57.745865"><ele>109.829</ele><time>2026-05-05T15:53:45Z</time></trkpt><trkpt lat="-16.002261" lon="-57.745793"><ele>110.100</ele><time>2026-05-05T15:53:46Z</time></trkpt><trkpt lat="-16.002368" lon="-57.745723"><ele>110.305</ele><time>2026-05-05T15:53:47Z</time></trkpt><trkpt lat="-16.002473" lon="-57.74566"><ele>110.350</ele><time>2026-05-05T15:53:48Z</time></trkpt><trkpt lat="-16.002575" lon="-57.7456"><ele>110.624</ele><time>2026-05-05T15:53:49Z</time></trkpt><trkpt lat="-16.002667" lon="-57.745542"><ele>111.009</ele><time>2026-05-05T15:53:50Z</time></trkpt><trkpt lat="-16.002745" lon="-57.745497"><ele>111.350</ele><time>2026-05-05T15:53:51Z</time></trkpt><trkpt lat="-16.002813" lon="-57.745465"><ele>111.769</ele><time>2026-05-05T15:53:52Z</time></trkpt><trkpt lat="-16.002873" lon="-57.74544"><ele>112.139</ele><time>2026-05-05T15:53:53Z</time></trkpt><trkpt lat="-16.002923" lon="-57.745425"><ele>112.434</ele><time>2026-05-05T15:53:54Z</time></trkpt><trkpt lat="-16.002971" lon="-57.745405"><ele>112.960</ele><time>2026-05-05T15:53:55Z</time></trkpt><trkpt lat="-16.003019" lon="-57.745372"><ele>113.835</ele><time>2026-05-05T15:53:58Z</time></trkpt><trkpt lat="-16.002919" lon="-57.74553"><ele>115.489</ele><time>2026-05-05T15:54:38Z</time></trkpt><trkpt lat="-16.002922" lon="-57.74548"><ele>119.518</ele><time>2026-05-05T15:54:41Z</time></trkpt><trkpt lat="-16.002949" lon="-57.745438"><ele>115.499</ele><time>2026-05-05T15:54:48Z</time></trkpt><trkpt lat="-16.002977" lon="-57.745396"><ele>114.460</ele><time>2026-05-05T15:54:53Z</time></trkpt><trkpt lat="-16.002997" lon="-57.745353"><ele>113.905</ele><time>2026-05-05T15:55:01Z</time></trkpt><trkpt lat="-16.003047" lon="-57.745306"><ele>113.523</ele><time>2026-05-05T15:55:04Z</time></trkpt><trkpt lat="-16.00311" lon="-57.745266"><ele>113.062</ele><time>2026-05-05T15:55:06Z</time></trkpt><trkpt lat="-16.003152" lon="-57.745238"><ele>112.322</ele><time>2026-05-05T15:55:07Z</time></trkpt><trkpt lat="-16.003202" lon="-57.745208"><ele>112.034</ele><time>2026-05-05T15:55:08Z</time></trkpt><trkpt lat="-16.003324" lon="-57.745133"><ele>111.007</ele><time>2026-05-05T15:55:10Z</time></trkpt><trkpt lat="-16.003397" lon="-57.745088"><ele>110.664</ele><time>2026-05-05T15:55:11Z</time></trkpt><trkpt lat="-16.003474" lon="-57.745041"><ele>110.335</ele><time>2026-05-05T15:55:12Z</time></trkpt><trkpt lat="-16.003554" lon="-57.744988"><ele>110.099</ele><time>2026-05-05T15:55:13Z</time></trkpt><trkpt lat="-16.003637" lon="-57.744935"><ele>109.838</ele><time>2026-05-05T15:55:14Z</time></trkpt><trkpt lat="-16.00373" lon="-57.744872"><ele>109.632</ele><time>2026-05-05T15:55:15Z</time></trkpt><trkpt lat="-16.003835" lon="-57.744805"><ele>109.688</ele><time>2026-05-05T15:55:16Z</time></trkpt><trkpt lat="-16.003933" lon="-57.74474"><ele>109.618</ele><time>2026-05-05T15:55:17Z</time></trkpt><trkpt lat="-16.00403" lon="-57.744677"><ele>109.823</ele><time>2026-05-05T15:55:18Z</time></trkpt><trkpt lat="-16.004133" lon="-57.744609"><ele>109.906</ele><time>2026-05-05T15:55:19Z</time></trkpt><trkpt lat="-16.00425" lon="-57.744531"><ele>110.108</ele><time>2026-05-05T15:55:20Z</time></trkpt><trkpt lat="-16.00436" lon="-57.744461"><ele>110.179</ele><time>2026-05-05T15:55:21Z</time></trkpt><trkpt lat="-16.004477" lon="-57.744384"><ele>110.152</ele><time>2026-05-05T15:55:22Z</time></trkpt><trkpt lat="-16.004594" lon="-57.744309"><ele>109.861</ele><time>2026-05-05T15:55:23Z</time></trkpt><trkpt lat="-16.004719" lon="-57.744229"><ele>109.826</ele><time>2026-05-05T15:55:24Z</time></trkpt><trkpt lat="-16.004844" lon="-57.744147"><ele>110.054</ele><time>2026-05-05T15:55:25Z</time></trkpt><trkpt lat="-16.004977" lon="-57.744064"><ele>110.209</ele><time>2026-05-05T15:55:26Z</time></trkpt><trkpt lat="-16.005112" lon="-57.743977"><ele>110.426</ele><time>2026-05-05T15:55:27Z</time></trkpt><trkpt lat="-16.005249" lon="-57.743887"><ele>110.595</ele><time>2026-05-05T15:55:28Z</time></trkpt><trkpt lat="-16.005394" lon="-57.743794"><ele>110.658</ele><time>2026-05-05T15:55:29Z</time></trkpt><trkpt lat="-16.005542" lon="-57.743706"><ele>110.784</ele><time>2026-05-05T15:55:30Z</time></trkpt><trkpt lat="-16.005692" lon="-57.743614"><ele>110.675</ele><time>2026-05-05T15:55:31Z</time></trkpt><trkpt lat="-16.005834" lon="-57.743522"><ele>110.460</ele><time>2026-05-05T15:55:32Z</time></trkpt><trkpt lat="-16.005979" lon="-57.743429"><ele>110.374</ele><time>2026-05-05T15:55:33Z</time></trkpt><trkpt lat="-16.006122" lon="-57.743337"><ele>110.153</ele><time>2026-05-05T15:55:34Z</time></trkpt><trkpt lat="-16.006265" lon="-57.743247"><ele>109.986</ele><time>2026-05-05T15:55:35Z</time></trkpt><trkpt lat="-16.006405" lon="-57.743157"><ele>109.735</ele><time>2026-05-05T15:55:36Z</time></trkpt><trkpt lat="-16.006545" lon="-57.743065"><ele>109.583</ele><time>2026-05-05T15:55:37Z</time></trkpt><trkpt lat="-16.006692" lon="-57.742968"><ele>109.489</ele><time>2026-05-05T15:55:38Z</time></trkpt><trkpt lat="-16.006839" lon="-57.742875"><ele>109.485</ele><time>2026-05-05T15:55:39Z</time></trkpt><trkpt lat="-16.006986" lon="-57.742785"><ele>109.428</ele><time>2026-05-05T15:55:40Z</time></trkpt><trkpt lat="-16.007131" lon="-57.742693"><ele>109.412</ele><time>2026-05-05T15:55:41Z</time></trkpt><trkpt lat="-16.007271" lon="-57.742605"><ele>109.485</ele><time>2026-05-05T15:55:42Z</time></trkpt><trkpt lat="-16.007413" lon="-57.742513"><ele>109.698</ele><time>2026-05-05T15:55:43Z</time></trkpt><trkpt lat="-16.007553" lon="-57.742425"><ele>109.903</ele><time>2026-05-05T15:55:44Z</time></trkpt><trkpt lat="-16.007695" lon="-57.742333"><ele>110.166</ele><time>2026-05-05T15:55:45Z</time></trkpt><trkpt lat="-16.007833" lon="-57.742246"><ele>110.241</ele><time>2026-05-05T15:55:46Z</time></trkpt><trkpt lat="-16.007971" lon="-57.742159"><ele>110.455</ele><time>2026-05-05T15:55:47Z</time></trkpt><trkpt lat="-16.008108" lon="-57.742074"><ele>110.877</ele><time>2026-05-05T15:55:48Z</time></trkpt><trkpt lat="-16.008245" lon="-57.741986"><ele>111.220</ele><time>2026-05-05T15:55:49Z</time></trkpt><trkpt lat="-16.00838" lon="-57.741899"><ele>111.606</ele><time>2026-05-05T15:55:50Z</time></trkpt><trkpt lat="-16.008517" lon="-57.741809"><ele>111.947</ele><time>2026-05-05T15:55:51Z</time></trkpt><trkpt lat="-16.00866" lon="-57.741719"><ele>112.321</ele><time>2026-05-05T15:55:52Z</time></trkpt><trkpt lat="-16.008805" lon="-57.741627"><ele>112.897</ele><time>2026-05-05T15:55:53Z</time></trkpt><trkpt lat="-16.008952" lon="-57.74154"><ele>113.386</ele><time>2026-05-05T15:55:54Z</time></trkpt><trkpt lat="-16.009094" lon="-57.741448"><ele>113.997</ele><time>2026-05-05T15:55:55Z</time></trkpt><trkpt lat="-16.009244" lon="-57.741351"><ele>114.570</ele><time>2026-05-05T15:55:56Z</time></trkpt><trkpt lat="-16.009386" lon="-57.741259"><ele>115.161</ele><time>2026-05-05T15:55:57Z</time></trkpt><trkpt lat="-16.009528" lon="-57.741171"><ele>115.702</ele><time>2026-05-05T15:55:58Z</time></trkpt><trkpt lat="-16.00968" lon="-57.741069"><ele>116.363</ele><time>2026-05-05T15:55:59Z</time></trkpt><trkpt lat="-16.009827" lon="-57.740971"><ele>116.879</ele><time>2026-05-05T15:56:00Z</time></trkpt><trkpt lat="-16.00997" lon="-57.740876"><ele>117.271</ele><time>2026-05-05T15:56:01Z</time></trkpt><trkpt lat="-16.010115" lon="-57.740779"><ele>117.442</ele><time>2026-05-05T15:56:02Z</time></trkpt><trkpt lat="-16.01026" lon="-57.740686"><ele>117.472</ele><time>2026-05-05T15:56:03Z</time></trkpt><trkpt lat="-16.010402" lon="-57.740599"><ele>117.502</ele><time>2026-05-05T15:56:04Z</time></trkpt><trkpt lat="-16.010544" lon="-57.740502"><ele>117.634</ele><time>2026-05-05T15:56:05Z</time></trkpt><trkpt lat="-16.010689" lon="-57.740407"><ele>117.789</ele><time>2026-05-05T15:56:06Z</time></trkpt><trkpt lat="-16.010837" lon="-57.740314"><ele>117.910</ele><time>2026-05-05T15:56:07Z</time></trkpt><trkpt lat="-16.010984" lon="-57.740221"><ele>118.290</ele><time>2026-05-05T15:56:08Z</time></trkpt><trkpt lat="-16.011127" lon="-57.740129"><ele>118.415</ele><time>2026-05-05T15:56:09Z</time></trkpt><trkpt lat="-16.011269" lon="-57.740041"><ele>118.311</ele><time>2026-05-05T15:56:10Z</time></trkpt><trkpt lat="-16.011416" lon="-57.739954"><ele>117.714</ele><time>2026-05-05T15:56:11Z</time></trkpt><trkpt lat="-16.011558" lon="-57.739871"><ele>117.171</ele><time>2026-05-05T15:56:12Z</time></trkpt><trkpt lat="-16.0117" lon="-57.739784"><ele>116.918</ele><time>2026-05-05T15:56:13Z</time></trkpt><trkpt lat="-16.011845" lon="-57.739697"><ele>116.842</ele><time>2026-05-05T15:56:14Z</time></trkpt><trkpt lat="-16.011992" lon="-57.739617"><ele>116.706</ele><time>2026-05-05T15:56:15Z</time></trkpt><trkpt lat="-16.012139" lon="-57.73954"><ele>116.512</ele><time>2026-05-05T15:56:16Z</time></trkpt><trkpt lat="-16.012284" lon="-57.739467"><ele>116.305</ele><time>2026-05-05T15:56:17Z</time></trkpt><trkpt lat="-16.012421" lon="-57.739397"><ele>116.297</ele><time>2026-05-05T15:56:18Z</time></trkpt><trkpt lat="-16.012548" lon="-57.739335"><ele>116.089</ele><time>2026-05-05T15:56:19Z</time></trkpt><trkpt lat="-16.01266" lon="-57.739283"><ele>115.857</ele><time>2026-05-05T15:56:20Z</time></trkpt><trkpt lat="-16.012767" lon="-57.739241"><ele>115.721</ele><time>2026-05-05T15:56:21Z</time></trkpt><trkpt lat="-16.012872" lon="-57.739211"><ele>115.485</ele><time>2026-05-05T15:56:22Z</time></trkpt><trkpt lat="-16.012979" lon="-57.739191"><ele>114.464</ele><time>2026-05-05T15:56:23Z</time></trkpt><trkpt lat="-16.013092" lon="-57.739186"><ele>114.219</ele><time>2026-05-05T15:56:24Z</time></trkpt><trkpt lat="-16.013207" lon="-57.739196"><ele>113.848</ele><time>2026-05-05T15:56:25Z</time></trkpt><trkpt lat="-16.013324" lon="-57.739216"><ele>113.889</ele><time>2026-05-05T15:56:26Z</time></trkpt><trkpt lat="-16.013436" lon="-57.739261"><ele>113.821</ele><time>2026-05-05T15:56:27Z</time></trkpt><trkpt lat="-16.013551" lon="-57.739321"><ele>113.898</ele><time>2026-05-05T15:56:28Z</time></trkpt><trkpt lat="-16.013654" lon="-57.739396"><ele>113.522</ele><time>2026-05-05T15:56:29Z</time></trkpt><trkpt lat="-16.013751" lon="-57.739486"><ele>113.368</ele><time>2026-05-05T15:56:30Z</time></trkpt><trkpt lat="-16.013846" lon="-57.739581"><ele>113.320</ele><time>2026-05-05T15:56:31Z</time></trkpt><trkpt lat="-16.013948" lon="-57.739684"><ele>112.621</ele><time>2026-05-05T15:56:32Z</time></trkpt><trkpt lat="-16.014051" lon="-57.739791"><ele>112.636</ele><time>2026-05-05T15:56:33Z</time></trkpt><trkpt lat="-16.014153" lon="-57.739904"><ele>112.614</ele><time>2026-05-05T15:56:34Z</time></trkpt><trkpt lat="-16.014253" lon="-57.740024"><ele>112.417</ele><time>2026-05-05T15:56:35Z</time></trkpt><trkpt lat="-16.014345" lon="-57.740157"><ele>111.909</ele><time>2026-05-05T15:56:36Z</time></trkpt><trkpt lat="-16.014442" lon="-57.74029"><ele>111.295</ele><time>2026-05-05T15:56:37Z</time></trkpt><trkpt lat="-16.014545" lon="-57.740418"><ele>110.643</ele><time>2026-05-05T15:56:38Z</time></trkpt><trkpt lat="-16.014648" lon="-57.740551"><ele>110.212</ele><time>2026-05-05T15:56:39Z</time></trkpt><trkpt lat="-16.014753" lon="-57.740686"><ele>110.160</ele><time>2026-05-05T15:56:40Z</time></trkpt><trkpt lat="-16.014861" lon="-57.740819"><ele>110.166</ele><time>2026-05-05T15:56:41Z</time></trkpt><trkpt lat="-16.014976" lon="-57.740952"><ele>109.962</ele><time>2026-05-05T15:56:42Z</time></trkpt><trkpt lat="-16.015089" lon="-57.741082"><ele>109.653</ele><time>2026-05-05T15:56:43Z</time></trkpt><trkpt lat="-16.015204" lon="-57.74121"><ele>109.401</ele><time>2026-05-05T15:56:44Z</time></trkpt><trkpt lat="-16.015316" lon="-57.741343"><ele>109.326</ele><time>2026-05-05T15:56:45Z</time></trkpt><trkpt lat="-16.015428" lon="-57.741471"><ele>109.337</ele><time>2026-05-05T15:56:46Z</time></trkpt><trkpt lat="-16.015538" lon="-57.741599"><ele>109.352</ele><time>2026-05-05T15:56:47Z</time></trkpt><trkpt lat="-16.015646" lon="-57.741726"><ele>109.302</ele><time>2026-05-05T15:56:48Z</time></trkpt><trkpt lat="-16.015756" lon="-57.741858"><ele>109.351</ele><time>2026-05-05T15:56:49Z</time></trkpt><trkpt lat="-16.015871" lon="-57.741986"><ele>109.391</ele><time>2026-05-05T15:56:50Z</time></trkpt><trkpt lat="-16.015986" lon="-57.742118"><ele>109.390</ele><time>2026-05-05T15:56:51Z</time></trkpt><trkpt lat="-16.016099" lon="-57.742253"><ele>109.340</ele><time>2026-05-05T15:56:52Z</time></trkpt><trkpt lat="-16.016214" lon="-57.742385"><ele>109.395</ele><time>2026-05-05T15:56:53Z</time></trkpt><trkpt lat="-16.016327" lon="-57.742517"><ele>109.378</ele><time>2026-05-05T15:56:54Z</time></trkpt><trkpt lat="-16.016439" lon="-57.74265"><ele>109.475</ele><time>2026-05-05T15:56:55Z</time></trkpt><trkpt lat="-16.016547" lon="-57.742783"><ele>109.583</ele><time>2026-05-05T15:56:56Z</time></trkpt><trkpt lat="-16.016659" lon="-57.742913"><ele>109.580</ele><time>2026-05-05T15:56:57Z</time></trkpt><trkpt lat="-16.016771" lon="-57.743045"><ele>109.575</ele><time>2026-05-05T15:56:58Z</time></trkpt><trkpt lat="-16.016881" lon="-57.743178"><ele>109.556</ele><time>2026-05-05T15:56:59Z</time></trkpt><trkpt lat="-16.016993" lon="-57.743308"><ele>109.546</ele><time>2026-05-05T15:57:00Z</time></trkpt><trkpt lat="-16.017098" lon="-57.743438"><ele>109.391</ele><time>2026-05-05T15:57:01Z</time></trkpt><trkpt lat="-16.017213" lon="-57.743561"><ele>108.601</ele><time>2026-05-05T15:57:02Z</time></trkpt><trkpt lat="-16.017326" lon="-57.743689"><ele>107.757</ele><time>2026-05-05T15:57:03Z</time></trkpt><trkpt lat="-16.017441" lon="-57.743824"><ele>106.803</ele><time>2026-05-05T15:57:04Z</time></trkpt><trkpt lat="-16.017556" lon="-57.743957"><ele>106.112</ele><time>2026-05-05T15:57:05Z</time></trkpt><trkpt lat="-16.017669" lon="-57.744089"><ele>105.749</ele><time>2026-05-05T15:57:06Z</time></trkpt><trkpt lat="-16.017782" lon="-57.744221"><ele>105.391</ele><time>2026-05-05T15:57:07Z</time></trkpt><trkpt lat="-16.017899" lon="-57.744349"><ele>104.953</ele><time>2026-05-05T15:57:08Z</time></trkpt><trkpt lat="-16.018012" lon="-57.744481"><ele>104.654</ele><time>2026-05-05T15:57:09Z</time></trkpt><trkpt lat="-16.018127" lon="-57.744611"><ele>104.498</ele><time>2026-05-05T15:57:10Z</time></trkpt><trkpt lat="-16.018239" lon="-57.744743"><ele>104.263</ele><time>2026-05-05T15:57:11Z</time></trkpt><trkpt lat="-16.018356" lon="-57.74487"><ele>104.054</ele><time>2026-05-05T15:57:12Z</time></trkpt><trkpt lat="-16.018481" lon="-57.744995"><ele>103.887</ele><time>2026-05-05T15:57:13Z</time></trkpt><trkpt lat="-16.018606" lon="-57.745112"><ele>103.596</ele><time>2026-05-05T15:57:14Z</time></trkpt><trkpt lat="-16.018746" lon="-57.745222"><ele>102.666</ele><time>2026-05-05T15:57:15Z</time></trkpt><trkpt lat="-16.018881" lon="-57.745327"><ele>101.680</ele><time>2026-05-05T15:57:16Z</time></trkpt><trkpt lat="-16.019009" lon="-57.745434"><ele>101.257</ele><time>2026-05-05T15:57:17Z</time></trkpt><trkpt lat="-16.019137" lon="-57.745541"><ele>101.271</ele><time>2026-05-05T15:57:18Z</time></trkpt><trkpt lat="-16.019265" lon="-57.745648"><ele>101.493</ele><time>2026-05-05T15:57:19Z</time></trkpt><trkpt lat="-16.019395" lon="-57.745755"><ele>101.492</ele><time>2026-05-05T15:57:20Z</time></trkpt><trkpt lat="-16.019528" lon="-57.745863"><ele>101.444</ele><time>2026-05-05T15:57:21Z</time></trkpt><trkpt lat="-16.019663" lon="-57.745968"><ele>101.381</ele><time>2026-05-05T15:57:22Z</time></trkpt><trkpt lat="-16.0198" lon="-57.746068"><ele>101.326</ele><time>2026-05-05T15:57:23Z</time></trkpt><trkpt lat="-16.019942" lon="-57.746165"><ele>101.463</ele><time>2026-05-05T15:57:24Z</time></trkpt><trkpt lat="-16.020084" lon="-57.746263"><ele>101.696</ele><time>2026-05-05T15:57:25Z</time></trkpt><trkpt lat="-16.020229" lon="-57.746353"><ele>101.988</ele><time>2026-05-05T15:57:26Z</time></trkpt><trkpt lat="-16.020374" lon="-57.746445"><ele>102.206</ele><time>2026-05-05T15:57:27Z</time></trkpt><trkpt lat="-16.020522" lon="-57.746533"><ele>102.584</ele><time>2026-05-05T15:57:28Z</time></trkpt><trkpt lat="-16.020672" lon="-57.746616"><ele>102.656</ele><time>2026-05-05T15:57:29Z</time></trkpt><trkpt lat="-16.020825" lon="-57.746698"><ele>102.638</ele><time>2026-05-05T15:57:30Z</time></trkpt><trkpt lat="-16.020978" lon="-57.746776"><ele>102.679</ele><time>2026-05-05T15:57:31Z</time></trkpt><trkpt lat="-16.021133" lon="-57.746854"><ele>102.678</ele><time>2026-05-05T15:57:32Z</time></trkpt><trkpt lat="-16.02129" lon="-57.746931"><ele>102.785</ele><time>2026-05-05T15:57:33Z</time></trkpt><trkpt lat="-16.021447" lon="-57.747008"><ele>102.959</ele><time>2026-05-05T15:57:34Z</time></trkpt><trkpt lat="-16.021599" lon="-57.747078"><ele>103.070</ele><time>2026-05-05T15:57:35Z</time></trkpt><trkpt lat="-16.021756" lon="-57.747151"><ele>103.043</ele><time>2026-05-05T15:57:36Z</time></trkpt><trkpt lat="-16.021909" lon="-57.747214"><ele>103.509</ele><time>2026-05-05T15:57:37Z</time></trkpt><trkpt lat="-16.022086" lon="-57.747249"><ele>104.459</ele><time>2026-05-05T15:57:38Z</time></trkpt><trkpt lat="-16.022253" lon="-57.747311"><ele>105.041</ele><time>2026-05-05T15:57:39Z</time></trkpt><trkpt lat="-16.022416" lon="-57.747363"><ele>105.571</ele><time>2026-05-05T15:57:40Z</time></trkpt><trkpt lat="-16.022584" lon="-57.747406"><ele>105.959</ele><time>2026-05-05T15:57:41Z</time></trkpt><trkpt lat="-16.022751" lon="-57.747456"><ele>106.318</ele><time>2026-05-05T15:57:42Z</time></trkpt><trkpt lat="-16.022891" lon="-57.747519"><ele>105.971</ele><time>2026-05-05T15:57:43Z</time></trkpt><trkpt lat="-16.023054" lon="-57.747567"><ele>105.356</ele><time>2026-05-05T15:57:44Z</time></trkpt><trkpt lat="-16.023214" lon="-57.747605"><ele>105.283</ele><time>2026-05-05T15:57:45Z</time></trkpt><trkpt lat="-16.023372" lon="-57.747647"><ele>104.713</ele><time>2026-05-05T15:57:46Z</time></trkpt><trkpt lat="-16.02353" lon="-57.747697"><ele>104.248</ele><time>2026-05-05T15:57:47Z</time></trkpt><trkpt lat="-16.023692" lon="-57.747734"><ele>104.038</ele><time>2026-05-05T15:57:48Z</time></trkpt><trkpt lat="-16.02386" lon="-57.747762"><ele>104.287</ele><time>2026-05-05T15:57:49Z</time></trkpt><trkpt lat="-16.024028" lon="-57.747782"><ele>104.402</ele><time>2026-05-05T15:57:50Z</time></trkpt><trkpt lat="-16.024198" lon="-57.747802"><ele>104.140</ele><time>2026-05-05T15:57:51Z</time></trkpt><trkpt lat="-16.024368" lon="-57.747825"><ele>103.839</ele><time>2026-05-05T15:57:52Z</time></trkpt><trkpt lat="-16.024565" lon="-57.747847"><ele>103.922</ele><time>2026-05-05T15:57:53Z</time></trkpt><trkpt lat="-16.024737" lon="-57.74787"><ele>103.812</ele><time>2026-05-05T15:57:54Z</time></trkpt><trkpt lat="-16.024915" lon="-57.747885"><ele>104.149</ele><time>2026-05-05T15:57:55Z</time></trkpt><trkpt lat="-16.025107" lon="-57.747858"><ele>105.988</ele><time>2026-05-05T15:57:56Z</time></trkpt><trkpt lat="-16.025275" lon="-57.74785"><ele>109.382</ele><time>2026-05-05T15:57:57Z</time></trkpt><trkpt lat="-16.025448" lon="-57.747853"><ele>111.308</ele><time>2026-05-05T15:57:58Z</time></trkpt><trkpt lat="-16.025608" lon="-57.747861"><ele>111.648</ele><time>2026-05-05T15:57:59Z</time></trkpt><trkpt lat="-16.025771" lon="-57.747864"><ele>111.976</ele><time>2026-05-05T15:58:00Z</time></trkpt><trkpt lat="-16.025939" lon="-57.747859"><ele>112.273</ele><time>2026-05-05T15:58:01Z</time></trkpt><trkpt lat="-16.026106" lon="-57.747857"><ele>112.304</ele><time>2026-05-05T15:58:02Z</time></trkpt><trkpt lat="-16.026273" lon="-57.747855"><ele>112.306</ele><time>2026-05-05T15:58:03Z</time></trkpt><trkpt lat="-16.026448" lon="-57.747853"><ele>112.783</ele><time>2026-05-05T15:58:04Z</time></trkpt><trkpt lat="-16.026638" lon="-57.747866"><ele>112.848</ele><time>2026-05-05T15:58:05Z</time></trkpt><trkpt lat="-16.026815" lon="-57.747864"><ele>112.658</ele><time>2026-05-05T15:58:06Z</time></trkpt><trkpt lat="-16.026983" lon="-57.747869"><ele>112.896</ele><time>2026-05-05T15:58:07Z</time></trkpt><trkpt lat="-16.027156" lon="-57.747874"><ele>112.958</ele><time>2026-05-05T15:58:08Z</time></trkpt><trkpt lat="-16.027324" lon="-57.747882"><ele>112.851</ele><time>2026-05-05T15:58:09Z</time></trkpt><trkpt lat="-16.027479" lon="-57.747885"><ele>112.316</ele><time>2026-05-05T15:58:10Z</time></trkpt><trkpt lat="-16.027637" lon="-57.74789"><ele>111.777</ele><time>2026-05-05T15:58:11Z</time></trkpt><trkpt lat="-16.027799" lon="-57.747897"><ele>111.454</ele><time>2026-05-05T15:58:12Z</time></trkpt><trkpt lat="-16.027964" lon="-57.7479"><ele>111.234</ele><time>2026-05-05T15:58:13Z</time></trkpt><trkpt lat="-16.028131" lon="-57.747898"><ele>111.220</ele><time>2026-05-05T15:58:14Z</time></trkpt><trkpt lat="-16.028299" lon="-57.7479"><ele>111.308</ele><time>2026-05-05T15:58:15Z</time></trkpt><trkpt lat="-16.028462" lon="-57.747912"><ele>111.317</ele><time>2026-05-05T15:58:16Z</time></trkpt><trkpt lat="-16.028632" lon="-57.747919"><ele>111.390</ele><time>2026-05-05T15:58:17Z</time></trkpt><trkpt lat="-16.028799" lon="-57.747926"><ele>111.351</ele><time>2026-05-05T15:58:18Z</time></trkpt><trkpt lat="-16.028964" lon="-57.747933"><ele>111.380</ele><time>2026-05-05T15:58:19Z</time></trkpt><trkpt lat="-16.029124" lon="-57.74794"><ele>111.586</ele><time>2026-05-05T15:58:20Z</time></trkpt><trkpt lat="-16.029292" lon="-57.747943"><ele>111.757</ele><time>2026-05-05T15:58:21Z</time></trkpt><trkpt lat="-16.029492" lon="-57.747898"><ele>113.593</ele><time>2026-05-05T15:58:22Z</time></trkpt><trkpt lat="-16.029657" lon="-57.747886"><ele>116.157</ele><time>2026-05-05T15:58:23Z</time></trkpt><trkpt lat="-16.02983" lon="-57.747881"><ele>117.286</ele><time>2026-05-05T15:58:24Z</time></trkpt><trkpt lat="-16.029995" lon="-57.747884"><ele>117.542</ele><time>2026-05-05T15:58:25Z</time></trkpt><trkpt lat="-16.030168" lon="-57.747862"><ele>118.628</ele><time>2026-05-05T15:58:26Z</time></trkpt><trkpt lat="-16.030338" lon="-57.747849"><ele>120.298</ele><time>2026-05-05T15:58:27Z</time></trkpt><trkpt lat="-16.030498" lon="-57.747854"><ele>121.065</ele><time>2026-05-05T15:58:28Z</time></trkpt><trkpt lat="-16.03066" lon="-57.747866"><ele>121.124</ele><time>2026-05-05T15:58:29Z</time></trkpt><trkpt lat="-16.030822" lon="-57.747879"><ele>121.148</ele><time>2026-05-05T15:58:30Z</time></trkpt><trkpt lat="-16.030985" lon="-57.747889"><ele>121.194</ele><time>2026-05-05T15:58:31Z</time></trkpt><trkpt lat="-16.031152" lon="-57.747899"><ele>121.080</ele><time>2026-05-05T15:58:32Z</time></trkpt><trkpt lat="-16.031322" lon="-57.747906"><ele>120.942</ele><time>2026-05-05T15:58:33Z</time></trkpt><trkpt lat="-16.031497" lon="-57.747909"><ele>120.943</ele><time>2026-05-05T15:58:34Z</time></trkpt><trkpt lat="-16.031672" lon="-57.747916"><ele>121.041</ele><time>2026-05-05T15:58:35Z</time></trkpt><trkpt lat="-16.03186" lon="-57.747916"><ele>121.251</ele><time>2026-05-05T15:58:36Z</time></trkpt><trkpt lat="-16.032042" lon="-57.747924"><ele>121.549</ele><time>2026-05-05T15:58:37Z</time></trkpt><trkpt lat="-16.032225" lon="-57.747921"><ele>121.817</ele><time>2026-05-05T15:58:38Z</time></trkpt><trkpt lat="-16.032468" lon="-57.747899"><ele>122.226</ele><time>2026-05-05T15:58:39Z</time></trkpt><trkpt lat="-16.032651" lon="-57.747924"><ele>122.723</ele><time>2026-05-05T15:58:40Z</time></trkpt><trkpt lat="-16.032823" lon="-57.747962"><ele>123.159</ele><time>2026-05-05T15:58:41Z</time></trkpt><trkpt lat="-16.032986" lon="-57.74801"><ele>123.584</ele><time>2026-05-05T15:58:42Z</time></trkpt><trkpt lat="-16.033149" lon="-57.748062"><ele>123.813</ele><time>2026-05-05T15:58:43Z</time></trkpt><trkpt lat="-16.033316" lon="-57.748112"><ele>124.109</ele><time>2026-05-05T15:58:44Z</time></trkpt><trkpt lat="-16.033439" lon="-57.748214"><ele>124.191</ele><time>2026-05-05T15:58:45Z</time></trkpt><trkpt lat="-16.033562" lon="-57.748306"><ele>123.791</ele><time>2026-05-05T15:58:46Z</time></trkpt><trkpt lat="-16.033682" lon="-57.748401"><ele>121.958</ele><time>2026-05-05T15:58:47Z</time></trkpt><trkpt lat="-16.033819" lon="-57.748484"><ele>119.491</ele><time>2026-05-05T15:58:48Z</time></trkpt><trkpt lat="-16.033976" lon="-57.748559"><ele>118.611</ele><time>2026-05-05T15:58:49Z</time></trkpt><trkpt lat="-16.034104" lon="-57.748662"><ele>119.389</ele><time>2026-05-05T15:58:50Z</time></trkpt><trkpt lat="-16.034241" lon="-57.748755"><ele>119.747</ele><time>2026-05-05T15:58:51Z</time></trkpt><trkpt lat="-16.034378" lon="-57.748847"><ele>119.997</ele><time>2026-05-05T15:58:52Z</time></trkpt><trkpt lat="-16.034523" lon="-57.748925"><ele>120.677</ele><time>2026-05-05T15:58:53Z</time></trkpt><trkpt lat="-16.034675" lon="-57.74901"><ele>121.205</ele><time>2026-05-05T15:58:54Z</time></trkpt><trkpt lat="-16.034815" lon="-57.749097"><ele>121.721</ele><time>2026-05-05T15:58:55Z</time></trkpt><trkpt lat="-16.034963" lon="-57.749185"><ele>122.250</ele><time>2026-05-05T15:58:56Z</time></trkpt><trkpt lat="-16.035145" lon="-57.749265"><ele>121.571</ele><time>2026-05-05T15:58:57Z</time></trkpt><trkpt lat="-16.035275" lon="-57.749363"><ele>120.529</ele><time>2026-05-05T15:58:58Z</time></trkpt><trkpt lat="-16.03541" lon="-57.74946"><ele>120.626</ele><time>2026-05-05T15:58:59Z</time></trkpt><trkpt lat="-16.03555" lon="-57.749563"><ele>121.093</ele><time>2026-05-05T15:59:00Z</time></trkpt><trkpt lat="-16.035683" lon="-57.749665"><ele>121.593</ele><time>2026-05-05T15:59:01Z</time></trkpt><trkpt lat="-16.03581" lon="-57.749775"><ele>122.172</ele><time>2026-05-05T15:59:02Z</time></trkpt><trkpt lat="-16.035943" lon="-57.749892"><ele>122.715</ele><time>2026-05-05T15:59:03Z</time></trkpt><trkpt lat="-16.036068" lon="-57.750019"><ele>123.323</ele><time>2026-05-05T15:59:04Z</time></trkpt><trkpt lat="-16.036151" lon="-57.750147"><ele>124.064</ele><time>2026-05-05T15:59:05Z</time></trkpt><trkpt lat="-16.036271" lon="-57.750277"><ele>124.448</ele><time>2026-05-05T15:59:06Z</time></trkpt><trkpt lat="-16.036386" lon="-57.750397"><ele>124.699</ele><time>2026-05-05T15:59:07Z</time></trkpt><trkpt lat="-16.036501" lon="-57.750515"><ele>125.052</ele><time>2026-05-05T15:59:08Z</time></trkpt><trkpt lat="-16.036618" lon="-57.750635"><ele>125.458</ele><time>2026-05-05T15:59:09Z</time></trkpt><trkpt lat="-16.03673" lon="-57.750753"><ele>125.804</ele><time>2026-05-05T15:59:10Z</time></trkpt><trkpt lat="-16.036848" lon="-57.750863"><ele>125.992</ele><time>2026-05-05T15:59:11Z</time></trkpt><trkpt lat="-16.036973" lon="-57.751001"><ele>124.227</ele><time>2026-05-05T15:59:12Z</time></trkpt><trkpt lat="-16.037103" lon="-57.751141"><ele>120.117</ele><time>2026-05-05T15:59:13Z</time></trkpt><trkpt lat="-16.037213" lon="-57.751279"><ele>116.371</ele><time>2026-05-05T15:59:14Z</time></trkpt><trkpt lat="-16.03732" lon="-57.751419"><ele>113.970</ele><time>2026-05-05T15:59:15Z</time></trkpt><trkpt lat="-16.037425" lon="-57.751556"><ele>112.746</ele><time>2026-05-05T15:59:16Z</time></trkpt><trkpt lat="-16.037532" lon="-57.751694"><ele>112.935</ele><time>2026-05-05T15:59:17Z</time></trkpt><trkpt lat="-16.037639" lon="-57.751836"><ele>111.924</ele><time>2026-05-05T15:59:18Z</time></trkpt><trkpt lat="-16.037744" lon="-57.751979"><ele>110.934</ele><time>2026-05-05T15:59:19Z</time></trkpt><trkpt lat="-16.037847" lon="-57.752122"><ele>111.227</ele><time>2026-05-05T15:59:20Z</time></trkpt><trkpt lat="-16.037944" lon="-57.752269"><ele>111.594</ele><time>2026-05-05T15:59:21Z</time></trkpt><trkpt lat="-16.038034" lon="-57.752417"><ele>111.735</ele><time>2026-05-05T15:59:22Z</time></trkpt><trkpt lat="-16.038127" lon="-57.752564"><ele>111.990</ele><time>2026-05-05T15:59:23Z</time></trkpt><trkpt lat="-16.038225" lon="-57.752709"><ele>112.277</ele><time>2026-05-05T15:59:24Z</time></trkpt><trkpt lat="-16.038315" lon="-57.752856"><ele>112.580</ele><time>2026-05-05T15:59:25Z</time></trkpt><trkpt lat="-16.038405" lon="-57.752994"><ele>112.604</ele><time>2026-05-05T15:59:26Z</time></trkpt><trkpt lat="-16.038495" lon="-57.753141"><ele>112.507</ele><time>2026-05-05T15:59:27Z</time></trkpt><trkpt lat="-16.038587" lon="-57.753291"><ele>112.587</ele><time>2026-05-05T15:59:28Z</time></trkpt><trkpt lat="-16.038675" lon="-57.753441"><ele>112.570</ele><time>2026-05-05T15:59:29Z</time></trkpt><trkpt lat="-16.03876" lon="-57.753588"><ele>112.482</ele><time>2026-05-05T15:59:30Z</time></trkpt><trkpt lat="-16.03885" lon="-57.753731"><ele>112.265</ele><time>2026-05-05T15:59:31Z</time></trkpt><trkpt lat="-16.038937" lon="-57.753878"><ele>112.168</ele><time>2026-05-05T15:59:32Z</time></trkpt><trkpt lat="-16.039022" lon="-57.754021"><ele>112.079</ele><time>2026-05-05T15:59:33Z</time></trkpt><trkpt lat="-16.03911" lon="-57.754158"><ele>112.006</ele><time>2026-05-05T15:59:34Z</time></trkpt><trkpt lat="-16.039198" lon="-57.754293"><ele>112.067</ele><time>2026-05-05T15:59:35Z</time></trkpt><trkpt lat="-16.03928" lon="-57.754403"><ele>112.003</ele><time>2026-05-05T15:59:36Z</time></trkpt><trkpt lat="-16.039343" lon="-57.754515"><ele>112.730</ele><time>2026-05-05T15:59:37Z</time></trkpt><trkpt lat="-16.039415" lon="-57.754618"><ele>113.251</ele><time>2026-05-05T15:59:38Z</time></trkpt><trkpt lat="-16.039477" lon="-57.75471"><ele>113.229</ele><time>2026-05-05T15:59:39Z</time></trkpt><trkpt lat="-16.039532" lon="-57.754803"><ele>112.865</ele><time>2026-05-05T15:59:40Z</time></trkpt><trkpt lat="-16.039584" lon="-57.754881"><ele>112.824</ele><time>2026-05-05T15:59:41Z</time></trkpt><trkpt lat="-16.039617" lon="-57.754953"><ele>112.376</ele><time>2026-05-05T15:59:42Z</time></trkpt><trkpt lat="-16.039654" lon="-57.755005"><ele>111.722</ele><time>2026-05-05T15:59:43Z</time></trkpt><trkpt lat="-16.039697" lon="-57.75505"><ele>111.522</ele><time>2026-05-05T15:59:44Z</time></trkpt><trkpt lat="-16.039749" lon="-57.755093"><ele>111.236</ele><time>2026-05-05T15:59:46Z</time></trkpt><trkpt lat="-16.039792" lon="-57.755073"><ele>108.741</ele><time>2026-05-05T15:59:50Z</time></trkpt><trkpt lat="-16.039852" lon="-57.75502"><ele>109.084</ele><time>2026-05-05T15:59:55Z</time></trkpt><trkpt lat="-16.039904" lon="-57.754987"><ele>109.705</ele><time>2026-05-05T15:59:58Z</time></trkpt><trkpt lat="-16.039956" lon="-57.75495"><ele>109.800</ele><time>2026-05-05T16:00:00Z</time></trkpt><trkpt lat="-16.039988" lon="-57.754893"><ele>109.794</ele><time>2026-05-05T16:00:02Z</time></trkpt><trkpt lat="-16.039985" lon="-57.75484"><ele>109.680</ele><time>2026-05-05T16:00:04Z</time></trkpt><trkpt lat="-16.039943" lon="-57.754813"><ele>108.812</ele><time>2026-05-05T16:00:07Z</time></trkpt><trkpt lat="-16.039901" lon="-57.754905"><ele>108.156</ele><time>2026-05-05T16:00:29Z</time></trkpt><trkpt lat="-16.039894" lon="-57.754952"><ele>111.252</ele><time>2026-05-05T16:00:36Z</time></trkpt><trkpt lat="-16.039847" lon="-57.754972"><ele>113.036</ele><time>2026-05-05T16:00:50Z</time></trkpt><trkpt lat="-16.039799" lon="-57.75497"><ele>112.092</ele><time>2026-05-05T16:00:52Z</time></trkpt><trkpt lat="-16.039756" lon="-57.754988"><ele>109.563</ele><time>2026-05-05T16:00:55Z</time></trkpt><trkpt lat="-16.039698" lon="-57.755006"><ele>109.430</ele><time>2026-05-05T16:00:59Z</time></trkpt><trkpt lat="-16.039651" lon="-57.755016"><ele>109.131</ele><time>2026-05-05T16:01:02Z</time></trkpt><trkpt lat="-16.039599" lon="-57.754976"><ele>108.617</ele><time>2026-05-05T16:01:06Z</time></trkpt><trkpt lat="-16.039561" lon="-57.754948"><ele>108.366</ele><time>2026-05-05T16:01:08Z</time></trkpt><trkpt lat="-16.039536" lon="-57.754891"><ele>108.037</ele><time>2026-05-05T16:01:10Z</time></trkpt><trkpt lat="-16.039491" lon="-57.754819"><ele>107.919</ele><time>2026-05-05T16:01:12Z</time></trkpt><trkpt lat="-16.039464" lon="-57.754779"><ele>107.822</ele><time>2026-05-05T16:01:13Z</time></trkpt><trkpt lat="-16.039436" lon="-57.754737"><ele>107.969</ele><time>2026-05-05T16:01:14Z</time></trkpt><trkpt lat="-16.039404" lon="-57.754687"><ele>108.321</ele><time>2026-05-05T16:01:15Z</time></trkpt><trkpt lat="-16.039367" lon="-57.754629"><ele>108.390</ele><time>2026-05-05T16:01:16Z</time></trkpt><trkpt lat="-16.039327" lon="-57.754557"><ele>108.457</ele><time>2026-05-05T16:01:17Z</time></trkpt><trkpt lat="-16.039285" lon="-57.754487"><ele>108.605</ele><time>2026-05-05T16:01:18Z</time></trkpt><trkpt lat="-16.03924" lon="-57.754412"><ele>108.720</ele><time>2026-05-05T16:01:19Z</time></trkpt><trkpt lat="-16.03919" lon="-57.75433"><ele>108.803</ele><time>2026-05-05T16:01:20Z</time></trkpt><trkpt lat="-16.039138" lon="-57.75426"><ele>108.778</ele><time>2026-05-05T16:01:21Z</time></trkpt><trkpt lat="-16.039076" lon="-57.75417"><ele>108.752</ele><time>2026-05-05T16:01:22Z</time></trkpt><trkpt lat="-16.039014" lon="-57.754072"><ele>108.664</ele><time>2026-05-05T16:01:23Z</time></trkpt><trkpt lat="-16.038954" lon="-57.753974"><ele>108.993</ele><time>2026-05-05T16:01:24Z</time></trkpt><trkpt lat="-16.038892" lon="-57.753872"><ele>109.095</ele><time>2026-05-05T16:01:25Z</time></trkpt><trkpt lat="-16.038825" lon="-57.753769"><ele>109.004</ele><time>2026-05-05T16:01:26Z</time></trkpt><trkpt lat="-16.03876" lon="-57.753661"><ele>109.098</ele><time>2026-05-05T16:01:27Z</time></trkpt><trkpt lat="-16.03869" lon="-57.753551"><ele>109.006</ele><time>2026-05-05T16:01:28Z</time></trkpt><trkpt lat="-16.038622" lon="-57.753434"><ele>109.268</ele><time>2026-05-05T16:01:29Z</time></trkpt><trkpt lat="-16.038547" lon="-57.753316"><ele>109.635</ele><time>2026-05-05T16:01:30Z</time></trkpt><trkpt lat="-16.038469" lon="-57.753196"><ele>109.893</ele><time>2026-05-05T16:01:31Z</time></trkpt><trkpt lat="-16.038389" lon="-57.753071"><ele>110.214</ele><time>2026-05-05T16:01:32Z</time></trkpt><trkpt lat="-16.038304" lon="-57.752934"><ele>110.832</ele><time>2026-05-05T16:01:33Z</time></trkpt><trkpt lat="-16.038221" lon="-57.752802"><ele>111.685</ele><time>2026-05-05T16:01:34Z</time></trkpt><trkpt lat="-16.038138" lon="-57.752672"><ele>112.054</ele><time>2026-05-05T16:01:35Z</time></trkpt><trkpt lat="-16.03805" lon="-57.752537"><ele>112.287</ele><time>2026-05-05T16:01:36Z</time></trkpt><trkpt lat="-16.03797" lon="-57.752404"><ele>112.364</ele><time>2026-05-05T16:01:37Z</time></trkpt><trkpt lat="-16.037887" lon="-57.752262"><ele>112.432</ele><time>2026-05-05T16:01:38Z</time></trkpt><trkpt lat="-16.0378" lon="-57.752112"><ele>112.574</ele><time>2026-05-05T16:01:39Z</time></trkpt><trkpt lat="-16.037717" lon="-57.751974"><ele>112.889</ele><time>2026-05-05T16:01:40Z</time></trkpt><trkpt lat="-16.037639" lon="-57.751856"><ele>113.099</ele><time>2026-05-05T16:01:41Z</time></trkpt><trkpt lat="-16.037562" lon="-57.751738"><ele>113.032</ele><time>2026-05-05T16:01:42Z</time></trkpt><trkpt lat="-16.037497" lon="-57.751638"><ele>113.137</ele><time>2026-05-05T16:01:43Z</time></trkpt><trkpt lat="-16.03743" lon="-57.751551"><ele>113.091</ele><time>2026-05-05T16:01:44Z</time></trkpt><trkpt lat="-16.037367" lon="-57.751454"><ele>113.068</ele><time>2026-05-05T16:01:45Z</time></trkpt><trkpt lat="-16.03731" lon="-57.751367"><ele>112.971</ele><time>2026-05-05T16:01:46Z</time></trkpt><trkpt lat="-16.037262" lon="-57.751292"><ele>112.662</ele><time>2026-05-05T16:01:47Z</time></trkpt><trkpt lat="-16.037224" lon="-57.751239"><ele>112.380</ele><time>2026-05-05T16:01:48Z</time></trkpt><trkpt lat="-16.037196" lon="-57.751196"><ele>112.372</ele><time>2026-05-05T16:01:49Z</time></trkpt><trkpt lat="-16.037174" lon="-57.751129"><ele>112.328</ele><time>2026-05-05T16:01:51Z</time></trkpt><trkpt lat="-16.037194" lon="-57.751064"><ele>111.947</ele><time>2026-05-05T16:01:55Z</time></trkpt><trkpt lat="-16.037217" lon="-57.751012"><ele>112.621</ele><time>2026-05-05T16:02:02Z</time></trkpt><trkpt lat="-16.037212" lon="-57.750962"><ele>112.892</ele><time>2026-05-05T16:02:07Z</time></trkpt><trkpt lat="-16.037142" lon="-57.750927"><ele>111.548</ele><time>2026-05-05T16:02:10Z</time></trkpt><trkpt lat="-16.037099" lon="-57.750887"><ele>111.117</ele><time>2026-05-05T16:02:12Z</time></trkpt><trkpt lat="-16.037064" lon="-57.750834"><ele>111.028</ele><time>2026-05-05T16:02:14Z</time></trkpt><trkpt lat="-16.037036" lon="-57.750796"><ele>111.159</ele><time>2026-05-05T16:02:16Z</time></trkpt><trkpt lat="-16.036993" lon="-57.750771"><ele>111.158</ele><time>2026-05-05T16:02:18Z</time></trkpt><trkpt lat="-16.036941" lon="-57.750733"><ele>111.173</ele><time>2026-05-05T16:02:20Z</time></trkpt><trkpt lat="-16.036889" lon="-57.750685"><ele>111.154</ele><time>2026-05-05T16:02:22Z</time></trkpt><trkpt lat="-16.036849" lon="-57.750652"><ele>110.944</ele><time>2026-05-05T16:02:24Z</time></trkpt><trkpt lat="-16.036816" lon="-57.750602"><ele>110.976</ele><time>2026-05-05T16:02:26Z</time></trkpt><trkpt lat="-16.036764" lon="-57.75055"><ele>111.178</ele><time>2026-05-05T16:02:29Z</time></trkpt><trkpt lat="-16.036724" lon="-57.750493"><ele>111.590</ele><time>2026-05-05T16:02:31Z</time></trkpt><trkpt lat="-16.036667" lon="-57.750428"><ele>111.728</ele><time>2026-05-05T16:02:33Z</time></trkpt><trkpt lat="-16.03661" lon="-57.750395"><ele>111.796</ele><time>2026-05-05T16:02:34Z</time></trkpt><trkpt lat="-16.036572" lon="-57.750355"><ele>111.715</ele><time>2026-05-05T16:02:35Z</time></trkpt><trkpt lat="-16.036547" lon="-57.750312"><ele>110.656</ele><time>2026-05-05T16:02:36Z</time></trkpt><trkpt lat="-16.036512" lon="-57.75027"><ele>110.603</ele><time>2026-05-05T16:02:37Z</time></trkpt><trkpt lat="-16.036475" lon="-57.750228"><ele>110.641</ele><time>2026-05-05T16:02:38Z</time></trkpt><trkpt lat="-16.036443" lon="-57.750186"><ele>110.668</ele><time>2026-05-05T16:02:39Z</time></trkpt><trkpt lat="-16.03641" lon="-57.750153"><ele>110.742</ele><time>2026-05-05T16:02:40Z</time></trkpt><trkpt lat="-16.036347" lon="-57.750086"><ele>110.985</ele><time>2026-05-05T16:02:42Z</time></trkpt><trkpt lat="-16.036297" lon="-57.750043"><ele>111.271</ele><time>2026-05-05T16:02:44Z</time></trkpt><trkpt lat="-16.036239" lon="-57.750013"><ele>112.581</ele><time>2026-05-05T16:02:46Z</time></trkpt><trkpt lat="-16.036222" lon="-57.74995"><ele>112.842</ele><time>2026-05-05T16:02:48Z</time></trkpt><trkpt lat="-16.036164" lon="-57.749908"><ele>113.188</ele><time>2026-05-05T16:02:50Z</time></trkpt><trkpt lat="-16.036122" lon="-57.749881"><ele>113.053</ele><time>2026-05-05T16:02:51Z</time></trkpt><trkpt lat="-16.036097" lon="-57.749839"><ele>112.911</ele><time>2026-05-05T16:02:52Z</time></trkpt><trkpt lat="-16.036035" lon="-57.749796"><ele>112.910</ele><time>2026-05-05T16:02:54Z</time></trkpt><trkpt lat="-16.035975" lon="-57.749743"><ele>112.689</ele><time>2026-05-05T16:02:56Z</time></trkpt><trkpt lat="-16.035932" lon="-57.74971"><ele>112.412</ele><time>2026-05-05T16:02:57Z</time></trkpt><trkpt lat="-16.03585" lon="-57.749652"><ele>111.492</ele><time>2026-05-05T16:02:59Z</time></trkpt><trkpt lat="-16.035813" lon="-57.749624"><ele>110.778</ele><time>2026-05-05T16:03:00Z</time></trkpt><trkpt lat="-16.03577" lon="-57.749576"><ele>110.573</ele><time>2026-05-05T16:03:02Z</time></trkpt><trkpt lat="-16.035757" lon="-57.749519"><ele>110.574</ele><time>2026-05-05T16:03:04Z</time></trkpt><trkpt lat="-16.035807" lon="-57.749466"><ele>110.430</ele><time>2026-05-05T16:03:06Z</time></trkpt><trkpt lat="-16.035862" lon="-57.749423"><ele>110.131</ele><time>2026-05-05T16:03:08Z</time></trkpt><trkpt lat="-16.035899" lon="-57.749373"><ele>109.313</ele><time>2026-05-05T16:03:10Z</time></trkpt><trkpt lat="-16.035896" lon="-57.749311"><ele>108.706</ele><time>2026-05-05T16:03:13Z</time></trkpt><trkpt lat="-16.035876" lon="-57.749268"><ele>107.887</ele><time>2026-05-05T16:03:15Z</time></trkpt><trkpt lat="-16.035853" lon="-57.74922"><ele>107.882</ele><time>2026-05-05T16:03:17Z</time></trkpt><trkpt lat="-16.035778" lon="-57.74917"><ele>107.834</ele><time>2026-05-05T16:03:19Z</time></trkpt><trkpt lat="-16.035751" lon="-57.74911"><ele>107.196</ele><time>2026-05-05T16:03:21Z</time></trkpt><trkpt lat="-16.035724" lon="-57.749057"><ele>106.456</ele><time>2026-05-05T16:03:23Z</time></trkpt><trkpt lat="-16.035704" lon="-57.748975"><ele>105.935</ele><time>2026-05-05T16:03:25Z</time></trkpt><trkpt lat="-16.035666" lon="-57.748905"><ele>105.207</ele><time>2026-05-05T16:03:27Z</time></trkpt><trkpt lat="-16.035631" lon="-57.748833"><ele>104.578</ele><time>2026-05-05T16:03:29Z</time></trkpt><trkpt lat="-16.035594" lon="-57.748755"><ele>104.697</ele><time>2026-05-05T16:03:31Z</time></trkpt><trkpt lat="-16.035567" lon="-57.748693"><ele>105.163</ele><time>2026-05-05T16:03:33Z</time></trkpt><trkpt lat="-16.035525" lon="-57.748626"><ele>105.496</ele><time>2026-05-05T16:03:35Z</time></trkpt><trkpt lat="-16.035473" lon="-57.748571"><ele>105.716</ele><time>2026-05-05T16:03:37Z</time></trkpt><trkpt lat="-16.035421" lon="-57.748503"><ele>106.133</ele><time>2026-05-05T16:03:39Z</time></trkpt><trkpt lat="-16.035393" lon="-57.748466"><ele>106.169</ele><time>2026-05-05T16:03:40Z</time></trkpt><trkpt lat="-16.03534" lon="-57.748416"><ele>106.277</ele><time>2026-05-05T16:03:42Z</time></trkpt><trkpt lat="-16.035303" lon="-57.748361"><ele>106.237</ele><time>2026-05-05T16:03:44Z</time></trkpt><trkpt lat="-16.03527" lon="-57.748304"><ele>106.295</ele><time>2026-05-05T16:03:47Z</time></trkpt><trkpt lat="-16.035265" lon="-57.748252"><ele>106.272</ele><time>2026-05-05T16:03:49Z</time></trkpt><trkpt lat="-16.035218" lon="-57.7482"><ele>106.388</ele><time>2026-05-05T16:03:52Z</time></trkpt><trkpt lat="-16.035168" lon="-57.748152"><ele>107.714</ele><time>2026-05-05T16:03:55Z</time></trkpt><trkpt lat="-16.03513" lon="-57.748102"><ele>107.816</ele><time>2026-05-05T16:03:57Z</time></trkpt><trkpt lat="-16.035087" lon="-57.748085"><ele>107.715</ele><time>2026-05-05T16:03:59Z</time></trkpt><trkpt lat="-16.035045" lon="-57.748055"><ele>108.592</ele><time>2026-05-05T16:04:19Z</time></trkpt><trkpt lat="-16.03503" lon="-57.747985"><ele>112.861</ele><time>2026-05-05T16:04:22Z</time></trkpt><trkpt lat="-16.035015" lon="-57.747933"><ele>113.551</ele><time>2026-05-05T16:04:24Z</time></trkpt><trkpt lat="-16.034997" lon="-57.747883"><ele>113.544</ele><time>2026-05-05T16:04:26Z</time></trkpt><trkpt lat="-16.034967" lon="-57.747836"><ele>114.391</ele><time>2026-05-05T16:04:28Z</time></trkpt><trkpt lat="-16.034924" lon="-57.747784"><ele>114.300</ele><time>2026-05-05T16:04:30Z</time></trkpt><trkpt lat="-16.034879" lon="-57.747731"><ele>113.723</ele><time>2026-05-05T16:04:32Z</time></trkpt><trkpt lat="-16.034854" lon="-57.747689"><ele>113.407</ele><time>2026-05-05T16:04:33Z</time></trkpt><trkpt lat="-16.034829" lon="-57.747639"><ele>112.799</ele><time>2026-05-05T16:04:35Z</time></trkpt><trkpt lat="-16.034801" lon="-57.747594"><ele>112.223</ele><time>2026-05-05T16:04:37Z</time></trkpt><trkpt lat="-16.034776" lon="-57.747541"><ele>112.205</ele><time>2026-05-05T16:04:39Z</time></trkpt><trkpt lat="-16.034743" lon="-57.747493"><ele>112.443</ele><time>2026-05-05T16:04:41Z</time></trkpt><trkpt lat="-16.034696" lon="-57.747441"><ele>112.701</ele><time>2026-05-05T16:04:43Z</time></trkpt><trkpt lat="-16.034666" lon="-57.747384"><ele>112.865</ele><time>2026-05-05T16:04:45Z</time></trkpt><trkpt lat="-16.034628" lon="-57.747339"><ele>113.232</ele><time>2026-05-05T16:04:48Z</time></trkpt><trkpt lat="-16.034593" lon="-57.747302"><ele>113.549</ele><time>2026-05-05T16:04:50Z</time></trkpt><trkpt lat="-16.034563" lon="-57.747267"><ele>114.118</ele><time>2026-05-05T16:04:53Z</time></trkpt><trkpt lat="-16.034541" lon="-57.74722"><ele>115.034</ele><time>2026-05-05T16:04:55Z</time></trkpt><trkpt lat="-16.034489" lon="-57.747165"><ele>115.210</ele><time>2026-05-05T16:04:58Z</time></trkpt><trkpt lat="-16.034467" lon="-57.747092"><ele>114.604</ele><time>2026-05-05T16:05:01Z</time></trkpt><trkpt lat="-16.034442" lon="-57.74703"><ele>113.327</ele><time>2026-05-05T16:05:03Z</time></trkpt><trkpt lat="-16.034394" lon="-57.746982"><ele>113.191</ele><time>2026-05-05T16:05:05Z</time></trkpt><trkpt lat="-16.034347" lon="-57.746905"><ele>111.740</ele><time>2026-05-05T16:05:07Z</time></trkpt><trkpt lat="-16.034324" lon="-57.746865"><ele>111.558</ele><time>2026-05-05T16:05:08Z</time></trkpt><trkpt lat="-16.034289" lon="-57.746803"><ele>111.589</ele><time>2026-05-05T16:05:10Z</time></trkpt><trkpt lat="-16.034249" lon="-57.746753"><ele>111.906</ele><time>2026-05-05T16:05:12Z</time></trkpt><trkpt lat="-16.034207" lon="-57.746673"><ele>112.293</ele><time>2026-05-05T16:05:14Z</time></trkpt><trkpt lat="-16.034162" lon="-57.746591"><ele>112.701</ele><time>2026-05-05T16:05:16Z</time></trkpt><trkpt lat="-16.034115" lon="-57.746539"><ele>113.595</ele><time>2026-05-05T16:05:18Z</time></trkpt><trkpt lat="-16.034075" lon="-57.746486"><ele>113.380</ele><time>2026-05-05T16:05:20Z</time></trkpt><trkpt lat="-16.034045" lon="-57.746441"><ele>113.223</ele><time>2026-05-05T16:05:22Z</time></trkpt><trkpt lat="-16.034008" lon="-57.746396"><ele>113.292</ele><time>2026-05-05T16:05:24Z</time></trkpt><trkpt lat="-16.03397" lon="-57.746339"><ele>113.156</ele><time>2026-05-05T16:05:26Z</time></trkpt><trkpt lat="-16.033937" lon="-57.746281"><ele>112.565</ele><time>2026-05-05T16:05:28Z</time></trkpt><trkpt lat="-16.033895" lon="-57.746221"><ele>111.164</ele><time>2026-05-05T16:05:30Z</time></trkpt><trkpt lat="-16.033853" lon="-57.746176"><ele>110.897</ele><time>2026-05-05T16:05:32Z</time></trkpt><trkpt lat="-16.033823" lon="-57.746121"><ele>111.028</ele><time>2026-05-05T16:05:34Z</time></trkpt><trkpt lat="-16.03379" lon="-57.746071"><ele>111.672</ele><time>2026-05-05T16:05:36Z</time></trkpt><trkpt lat="-16.033763" lon="-57.746019"><ele>112.441</ele><time>2026-05-05T16:05:38Z</time></trkpt><trkpt lat="-16.033736" lon="-57.745964"><ele>112.635</ele><time>2026-05-05T16:05:40Z</time></trkpt><trkpt lat="-16.033706" lon="-57.745906"><ele>112.951</ele><time>2026-05-05T16:05:42Z</time></trkpt><trkpt lat="-16.033673" lon="-57.745841"><ele>113.510</ele><time>2026-05-05T16:05:44Z</time></trkpt><trkpt lat="-16.033641" lon="-57.745776"><ele>113.741</ele><time>2026-05-05T16:05:46Z</time></trkpt><trkpt lat="-16.033589" lon="-57.745723"><ele>113.832</ele><time>2026-05-05T16:05:47Z</time></trkpt><trkpt lat="-16.033546" lon="-57.74569"><ele>110.677</ele><time>2026-05-05T16:05:55Z</time></trkpt><trkpt lat="-16.033531" lon="-57.745642"><ele>110.377</ele><time>2026-05-05T16:05:57Z</time></trkpt><trkpt lat="-16.033524" lon="-57.745584"><ele>110.273</ele><time>2026-05-05T16:05:59Z</time></trkpt><trkpt lat="-16.033491" lon="-57.745546"><ele>110.537</ele><time>2026-05-05T16:06:02Z</time></trkpt><trkpt lat="-16.033479" lon="-57.745486"><ele>111.629</ele><time>2026-05-05T16:06:05Z</time></trkpt><trkpt lat="-16.033427" lon="-57.745454"><ele>113.708</ele><time>2026-05-05T16:06:25Z</time></trkpt><trkpt lat="-16.033384" lon="-57.745416"><ele>114.971</ele><time>2026-05-05T16:06:27Z</time></trkpt><trkpt lat="-16.033357" lon="-57.745348"><ele>116.115</ele><time>2026-05-05T16:06:30Z</time></trkpt><trkpt lat="-16.033329" lon="-57.745303"><ele>116.613</ele><time>2026-05-05T16:06:32Z</time></trkpt><trkpt lat="-16.033301" lon="-57.745246"><ele>117.276</ele><time>2026-05-05T16:06:34Z</time></trkpt><trkpt lat="-16.033266" lon="-57.745208"><ele>117.529</ele><time>2026-05-05T16:06:36Z</time></trkpt><trkpt lat="-16.033238" lon="-57.745158"><ele>117.521</ele><time>2026-05-05T16:06:38Z</time></trkpt><trkpt lat="-16.033215" lon="-57.745093"><ele>117.638</ele><time>2026-05-05T16:06:40Z</time></trkpt><trkpt lat="-16.033173" lon="-57.745048"><ele>117.655</ele><time>2026-05-05T16:06:42Z</time></trkpt><trkpt lat="-16.033128" lon="-57.744995"><ele>117.700</ele><time>2026-05-05T16:06:44Z</time></trkpt><trkpt lat="-16.033085" lon="-57.744938"><ele>117.113</ele><time>2026-05-05T16:06:46Z</time></trkpt><trkpt lat="-16.033082" lon="-57.744875"><ele>116.809</ele><time>2026-05-05T16:06:48Z</time></trkpt><trkpt lat="-16.033069" lon="-57.744813"><ele>116.934</ele><time>2026-05-05T16:06:50Z</time></trkpt><trkpt lat="-16.033002" lon="-57.744771"><ele>116.991</ele><time>2026-05-05T16:06:52Z</time></trkpt><trkpt lat="-16.03296" lon="-57.744731"><ele>116.896</ele><time>2026-05-05T16:06:54Z</time></trkpt><trkpt lat="-16.032927" lon="-57.744689"><ele>116.874</ele><time>2026-05-05T16:06:56Z</time></trkpt><trkpt lat="-16.032869" lon="-57.744682"><ele>116.891</ele><time>2026-05-05T16:06:58Z</time></trkpt><trkpt lat="-16.032827" lon="-57.74464"><ele>116.778</ele><time>2026-05-05T16:07:00Z</time></trkpt><trkpt lat="-16.032779" lon="-57.744563"><ele>116.838</ele><time>2026-05-05T16:07:02Z</time></trkpt><trkpt lat="-16.032741" lon="-57.74449"><ele>116.790</ele><time>2026-05-05T16:07:04Z</time></trkpt><trkpt lat="-16.032699" lon="-57.744418"><ele>116.640</ele><time>2026-05-05T16:07:06Z</time></trkpt><trkpt lat="-16.032671" lon="-57.74435"><ele>116.651</ele><time>2026-05-05T16:07:08Z</time></trkpt><trkpt lat="-16.032634" lon="-57.744287"><ele>116.719</ele><time>2026-05-05T16:07:10Z</time></trkpt><trkpt lat="-16.032601" lon="-57.744237"><ele>116.801</ele><time>2026-05-05T16:07:12Z</time></trkpt><trkpt lat="-16.032559" lon="-57.744187"><ele>117.038</ele><time>2026-05-05T16:07:14Z</time></trkpt><trkpt lat="-16.032526" lon="-57.74415"><ele>117.124</ele><time>2026-05-05T16:07:16Z</time></trkpt><trkpt lat="-16.032504" lon="-57.744102"><ele>117.187</ele><time>2026-05-05T16:07:19Z</time></trkpt><trkpt lat="-16.032476" lon="-57.744039"><ele>117.150</ele><time>2026-05-05T16:07:22Z</time></trkpt><trkpt lat="-16.032448" lon="-57.744001"><ele>116.938</ele><time>2026-05-05T16:07:24Z</time></trkpt><trkpt lat="-16.032418" lon="-57.743953"><ele>116.999</ele><time>2026-05-05T16:07:27Z</time></trkpt><trkpt lat="-16.032388" lon="-57.743905"><ele>116.849</ele><time>2026-05-05T16:07:30Z</time></trkpt><trkpt lat="-16.032358" lon="-57.743862"><ele>116.799</ele><time>2026-05-05T16:07:32Z</time></trkpt><trkpt lat="-16.032328" lon="-57.74382"><ele>115.758</ele><time>2026-05-05T16:07:34Z</time></trkpt><trkpt lat="-16.03234" lon="-57.743755"><ele>114.760</ele><time>2026-05-05T16:08:01Z</time></trkpt><trkpt lat="-16.032338" lon="-57.743697"><ele>116.287</ele><time>2026-05-05T16:08:10Z</time></trkpt><trkpt lat="-16.03229" lon="-57.74369"><ele>116.256</ele><time>2026-05-05T16:08:14Z</time></trkpt><trkpt lat="-16.032248" lon="-57.743708"><ele>113.985</ele><time>2026-05-05T16:08:17Z</time></trkpt><trkpt lat="-16.03221" lon="-57.743675"><ele>114.037</ele><time>2026-05-05T16:08:19Z</time></trkpt><trkpt lat="-16.032173" lon="-57.743592"><ele>113.939</ele><time>2026-05-05T16:08:21Z</time></trkpt><trkpt lat="-16.032138" lon="-57.743504"><ele>114.131</ele><time>2026-05-05T16:08:23Z</time></trkpt><trkpt lat="-16.032118" lon="-57.743454"><ele>114.184</ele><time>2026-05-05T16:08:24Z</time></trkpt><trkpt lat="-16.032075" lon="-57.743381"><ele>114.608</ele><time>2026-05-05T16:08:26Z</time></trkpt><trkpt lat="-16.032055" lon="-57.743323"><ele>114.991</ele><time>2026-05-05T16:08:28Z</time></trkpt><trkpt lat="-16.032018" lon="-57.74328"><ele>115.258</ele><time>2026-05-05T16:08:54Z</time></trkpt><trkpt lat="-16.031976" lon="-57.743238"><ele>115.496</ele><time>2026-05-05T16:08:56Z</time></trkpt><trkpt lat="-16.031933" lon="-57.74319"><ele>115.509</ele><time>2026-05-05T16:08:58Z</time></trkpt><trkpt lat="-16.0319" lon="-57.743145"><ele>115.355</ele><time>2026-05-05T16:09:00Z</time></trkpt><trkpt lat="-16.031867" lon="-57.743093"><ele>115.282</ele><time>2026-05-05T16:09:02Z</time></trkpt><trkpt lat="-16.031837" lon="-57.74304"><ele>115.181</ele><time>2026-05-05T16:09:04Z</time></trkpt><trkpt lat="-16.031807" lon="-57.74299"><ele>115.199</ele><time>2026-05-05T16:09:06Z</time></trkpt><trkpt lat="-16.031787" lon="-57.742942"><ele>115.199</ele><time>2026-05-05T16:09:08Z</time></trkpt><trkpt lat="-16.03178" lon="-57.742892"><ele>115.632</ele><time>2026-05-05T16:09:09Z</time></trkpt><trkpt lat="-16.031773" lon="-57.742839"><ele>116.486</ele><time>2026-05-05T16:09:11Z</time></trkpt><trkpt lat="-16.031766" lon="-57.742786"><ele>117.746</ele><time>2026-05-05T16:09:13Z</time></trkpt><trkpt lat="-16.031734" lon="-57.742753"><ele>117.899</ele><time>2026-05-05T16:09:16Z</time></trkpt><trkpt lat="-16.031696" lon="-57.742723"><ele>116.282</ele><time>2026-05-05T16:09:24Z</time></trkpt><trkpt lat="-16.031659" lon="-57.742753"><ele>116.744</ele><time>2026-05-05T16:09:31Z</time></trkpt><trkpt lat="-16.031596" lon="-57.742726"><ele>118.094</ele><time>2026-05-05T16:09:40Z</time></trkpt><trkpt lat="-16.031596" lon="-57.742653"><ele>118.478</ele><time>2026-05-05T16:09:42Z</time></trkpt><trkpt lat="-16.031556" lon="-57.742621"><ele>118.156</ele><time>2026-05-05T16:09:45Z</time></trkpt><trkpt lat="-16.031544" lon="-57.742564"><ele>117.322</ele><time>2026-05-05T16:09:47Z</time></trkpt><trkpt lat="-16.031514" lon="-57.742511"><ele>117.255</ele><time>2026-05-05T16:09:49Z</time></trkpt><trkpt lat="-16.031472" lon="-57.742469"><ele>117.220</ele><time>2026-05-05T16:09:51Z</time></trkpt><trkpt lat="-16.031417" lon="-57.742437"><ele>117.233</ele><time>2026-05-05T16:09:53Z</time></trkpt><trkpt lat="-16.031387" lon="-57.742394"><ele>116.821</ele><time>2026-05-05T16:09:55Z</time></trkpt><trkpt lat="-16.031357" lon="-57.742339"><ele>116.661</ele><time>2026-05-05T16:09:57Z</time></trkpt><trkpt lat="-16.031337" lon="-57.742274"><ele>116.321</ele><time>2026-05-05T16:09:59Z</time></trkpt><trkpt lat="-16.031314" lon="-57.742227"><ele>115.734</ele><time>2026-05-05T16:10:01Z</time></trkpt><trkpt lat="-16.031289" lon="-57.742179"><ele>115.636</ele><time>2026-05-05T16:10:03Z</time></trkpt><trkpt lat="-16.031262" lon="-57.742122"><ele>115.192</ele><time>2026-05-05T16:10:05Z</time></trkpt><trkpt lat="-16.03123" lon="-57.742049"><ele>114.623</ele><time>2026-05-05T16:10:07Z</time></trkpt><trkpt lat="-16.031177" lon="-57.741979"><ele>114.673</ele><time>2026-05-05T16:10:09Z</time></trkpt><trkpt lat="-16.031144" lon="-57.741932"><ele>114.628</ele><time>2026-05-05T16:10:10Z</time></trkpt><trkpt lat="-16.031109" lon="-57.741875"><ele>114.617</ele><time>2026-05-05T16:10:11Z</time></trkpt><trkpt lat="-16.031077" lon="-57.74182"><ele>114.680</ele><time>2026-05-05T16:10:12Z</time></trkpt><trkpt lat="-16.031037" lon="-57.74176"><ele>114.610</ele><time>2026-05-05T16:10:13Z</time></trkpt><trkpt lat="-16.030994" lon="-57.74171"><ele>114.626</ele><time>2026-05-05T16:10:14Z</time></trkpt><trkpt lat="-16.030956" lon="-57.74166"><ele>114.643</ele><time>2026-05-05T16:10:15Z</time></trkpt><trkpt lat="-16.030894" lon="-57.74162"><ele>114.805</ele><time>2026-05-05T16:10:16Z</time></trkpt><trkpt lat="-16.030842" lon="-57.74155"><ele>114.983</ele><time>2026-05-05T16:10:17Z</time></trkpt><trkpt lat="-16.030792" lon="-57.741468"><ele>115.048</ele><time>2026-05-05T16:10:18Z</time></trkpt><trkpt lat="-16.03074" lon="-57.741391"><ele>114.901</ele><time>2026-05-05T16:10:19Z</time></trkpt><trkpt lat="-16.030692" lon="-57.741326"><ele>114.927</ele><time>2026-05-05T16:10:20Z</time></trkpt><trkpt lat="-16.03064" lon="-57.741261"><ele>114.983</ele><time>2026-05-05T16:10:21Z</time></trkpt><trkpt lat="-16.030573" lon="-57.741171"><ele>114.917</ele><time>2026-05-05T16:10:22Z</time></trkpt><trkpt lat="-16.030531" lon="-57.741079"><ele>114.801</ele><time>2026-05-05T16:10:23Z</time></trkpt><trkpt lat="-16.030479" lon="-57.740994"><ele>114.520</ele><time>2026-05-05T16:10:24Z</time></trkpt><trkpt lat="-16.030436" lon="-57.740912"><ele>114.526</ele><time>2026-05-05T16:10:25Z</time></trkpt><trkpt lat="-16.030396" lon="-57.740837"><ele>114.303</ele><time>2026-05-05T16:10:26Z</time></trkpt><trkpt lat="-16.030351" lon="-57.740759"><ele>114.087</ele><time>2026-05-05T16:10:27Z</time></trkpt><trkpt lat="-16.030309" lon="-57.740684"><ele>113.782</ele><time>2026-05-05T16:10:28Z</time></trkpt><trkpt lat="-16.030269" lon="-57.740622"><ele>113.751</ele><time>2026-05-05T16:10:29Z</time></trkpt><trkpt lat="-16.030236" lon="-57.74056"><ele>113.731</ele><time>2026-05-05T16:10:30Z</time></trkpt><trkpt lat="-16.030194" lon="-57.740505"><ele>113.820</ele><time>2026-05-05T16:10:31Z</time></trkpt><trkpt lat="-16.030164" lon="-57.740458"><ele>114.087</ele><time>2026-05-05T16:10:32Z</time></trkpt><trkpt lat="-16.030122" lon="-57.740425"><ele>113.903</ele><time>2026-05-05T16:10:33Z</time></trkpt><trkpt lat="-16.030084" lon="-57.740372"><ele>114.076</ele><time>2026-05-05T16:10:35Z</time></trkpt><trkpt lat="-16.030059" lon="-57.740329"><ele>113.966</ele><time>2026-05-05T16:10:37Z</time></trkpt><trkpt lat="-16.030036" lon="-57.740267"><ele>113.857</ele><time>2026-05-05T16:10:39Z</time></trkpt><trkpt lat="-16.030021" lon="-57.740204"><ele>113.846</ele><time>2026-05-05T16:10:41Z</time></trkpt><trkpt lat="-16.030008" lon="-57.740147"><ele>112.827</ele><time>2026-05-05T16:10:43Z</time></trkpt><trkpt lat="-16.029976" lon="-57.740089"><ele>112.208</ele><time>2026-05-05T16:10:45Z</time></trkpt><trkpt lat="-16.029948" lon="-57.740009"><ele>111.782</ele><time>2026-05-05T16:10:47Z</time></trkpt><trkpt lat="-16.029926" lon="-57.739949"><ele>110.988</ele><time>2026-05-05T16:10:49Z</time></trkpt><trkpt lat="-16.029901" lon="-57.739896"><ele>110.835</ele><time>2026-05-05T16:10:51Z</time></trkpt><trkpt lat="-16.029876" lon="-57.739844"><ele>110.979</ele><time>2026-05-05T16:10:53Z</time></trkpt><trkpt lat="-16.029844" lon="-57.739801"><ele>110.840</ele><time>2026-05-05T16:10:55Z</time></trkpt><trkpt lat="-16.029804" lon="-57.739738"><ele>110.830</ele><time>2026-05-05T16:10:57Z</time></trkpt><trkpt lat="-16.029762" lon="-57.739676"><ele>110.956</ele><time>2026-05-05T16:10:59Z</time></trkpt><trkpt lat="-16.029729" lon="-57.739613"><ele>111.441</ele><time>2026-05-05T16:11:01Z</time></trkpt><trkpt lat="-16.029696" lon="-57.739576"><ele>112.254</ele><time>2026-05-05T16:11:03Z</time></trkpt><trkpt lat="-16.029638" lon="-57.739531"><ele>112.946</ele><time>2026-05-05T16:11:26Z</time></trkpt><trkpt lat="-16.029598" lon="-57.739471"><ele>112.991</ele><time>2026-05-05T16:11:28Z</time></trkpt><trkpt lat="-16.02958" lon="-57.739428"><ele>112.989</ele><time>2026-05-05T16:11:29Z</time></trkpt><trkpt lat="-16.029533" lon="-57.73934"><ele>112.975</ele><time>2026-05-05T16:11:31Z</time></trkpt><trkpt lat="-16.029495" lon="-57.739288"><ele>112.993</ele><time>2026-05-05T16:11:32Z</time></trkpt><trkpt lat="-16.029457" lon="-57.739245"><ele>112.908</ele><time>2026-05-05T16:11:33Z</time></trkpt><trkpt lat="-16.029424" lon="-57.739188"><ele>112.904</ele><time>2026-05-05T16:11:34Z</time></trkpt><trkpt lat="-16.029387" lon="-57.739121"><ele>112.529</ele><time>2026-05-05T16:11:35Z</time></trkpt><trkpt lat="-16.029349" lon="-57.739058"><ele>112.621</ele><time>2026-05-05T16:11:36Z</time></trkpt><trkpt lat="-16.029302" lon="-57.73901"><ele>112.672</ele><time>2026-05-05T16:11:37Z</time></trkpt><trkpt lat="-16.029264" lon="-57.738965"><ele>112.755</ele><time>2026-05-05T16:11:38Z</time></trkpt><trkpt lat="-16.029229" lon="-57.738912"><ele>112.627</ele><time>2026-05-05T16:11:39Z</time></trkpt><trkpt lat="-16.029196" lon="-57.738857"><ele>112.880</ele><time>2026-05-05T16:11:40Z</time></trkpt><trkpt lat="-16.029159" lon="-57.73881"><ele>112.647</ele><time>2026-05-05T16:11:41Z</time></trkpt><trkpt lat="-16.029131" lon="-57.738755"><ele>112.679</ele><time>2026-05-05T16:11:42Z</time></trkpt><trkpt lat="-16.029103" lon="-57.738703"><ele>112.636</ele><time>2026-05-05T16:11:43Z</time></trkpt><trkpt lat="-16.029073" lon="-57.738661"><ele>112.320</ele><time>2026-05-05T16:11:44Z</time></trkpt><trkpt lat="-16.029043" lon="-57.738608"><ele>111.237</ele><time>2026-05-05T16:11:45Z</time></trkpt><trkpt lat="-16.029018" lon="-57.73856"><ele>110.446</ele><time>2026-05-05T16:11:46Z</time></trkpt><trkpt lat="-16.028993" lon="-57.738515"><ele>110.418</ele><time>2026-05-05T16:11:47Z</time></trkpt><trkpt lat="-16.028971" lon="-57.73847"><ele>110.484</ele><time>2026-05-05T16:11:48Z</time></trkpt><trkpt lat="-16.028953" lon="-57.738423"><ele>110.377</ele><time>2026-05-05T16:11:49Z</time></trkpt><trkpt lat="-16.028918" lon="-57.738341"><ele>109.955</ele><time>2026-05-05T16:11:51Z</time></trkpt><trkpt lat="-16.028891" lon="-57.738284"><ele>109.934</ele><time>2026-05-05T16:11:53Z</time></trkpt><trkpt lat="-16.028859" lon="-57.738244"><ele>109.939</ele><time>2026-05-05T16:11:55Z</time></trkpt><trkpt lat="-16.028824" lon="-57.738206"><ele>110.082</ele><time>2026-05-05T16:11:57Z</time></trkpt><trkpt lat="-16.028792" lon="-57.738158"><ele>110.090</ele><time>2026-05-05T16:11:59Z</time></trkpt><trkpt lat="-16.028757" lon="-57.738098"><ele>110.111</ele><time>2026-05-05T16:12:01Z</time></trkpt><trkpt lat="-16.028722" lon="-57.738038"><ele>110.440</ele><time>2026-05-05T16:12:03Z</time></trkpt><trkpt lat="-16.02868" lon="-57.73798"><ele>110.534</ele><time>2026-05-05T16:12:05Z</time></trkpt><trkpt lat="-16.028648" lon="-57.737912"><ele>110.654</ele><time>2026-05-05T16:12:07Z</time></trkpt><trkpt lat="-16.028626" lon="-57.73785"><ele>110.643</ele><time>2026-05-05T16:12:09Z</time></trkpt><trkpt lat="-16.028599" lon="-57.737798"><ele>110.079</ele><time>2026-05-05T16:12:11Z</time></trkpt><trkpt lat="-16.028572" lon="-57.737745"><ele>109.650</ele><time>2026-05-05T16:12:13Z</time></trkpt><trkpt lat="-16.028544" lon="-57.737688"><ele>109.687</ele><time>2026-05-05T16:12:15Z</time></trkpt><trkpt lat="-16.028511" lon="-57.737638"><ele>109.755</ele><time>2026-05-05T16:12:17Z</time></trkpt><trkpt lat="-16.028478" lon="-57.73759"><ele>109.828</ele><time>2026-05-05T16:12:19Z</time></trkpt><trkpt lat="-16.028456" lon="-57.737547"><ele>110.369</ele><time>2026-05-05T16:12:21Z</time></trkpt><trkpt lat="-16.028426" lon="-57.737492"><ele>110.468</ele><time>2026-05-05T16:12:24Z</time></trkpt><trkpt lat="-16.028408" lon="-57.737439"><ele>110.638</ele><time>2026-05-05T16:12:49Z</time></trkpt><trkpt lat="-16.028383" lon="-57.737376"><ele>110.706</ele><time>2026-05-05T16:12:51Z</time></trkpt><trkpt lat="-16.028348" lon="-57.737294"><ele>110.763</ele><time>2026-05-05T16:12:53Z</time></trkpt><trkpt lat="-16.028331" lon="-57.737244"><ele>110.686</ele><time>2026-05-05T16:12:54Z</time></trkpt><trkpt lat="-16.028311" lon="-57.737187"><ele>110.645</ele><time>2026-05-05T16:12:55Z</time></trkpt><trkpt lat="-16.028291" lon="-57.737132"><ele>110.665</ele><time>2026-05-05T16:12:56Z</time></trkpt><trkpt lat="-16.028269" lon="-57.737079"><ele>110.600</ele><time>2026-05-05T16:12:57Z</time></trkpt><trkpt lat="-16.028251" lon="-57.737029"><ele>110.639</ele><time>2026-05-05T16:12:58Z</time></trkpt><trkpt lat="-16.028228" lon="-57.736954"><ele>110.610</ele><time>2026-05-05T16:13:00Z</time></trkpt><trkpt lat="-16.028205" lon="-57.736899"><ele>110.817</ele><time>2026-05-05T16:13:02Z</time></trkpt><trkpt lat="-16.028178" lon="-57.736856"><ele>110.944</ele><time>2026-05-05T16:13:04Z</time></trkpt><trkpt lat="-16.028141" lon="-57.736803"><ele>111.551</ele><time>2026-05-05T16:13:07Z</time></trkpt><trkpt lat="-16.028089" lon="-57.73675"><ele>112.298</ele><time>2026-05-05T16:13:44Z</time></trkpt><trkpt lat="-16.028064" lon="-57.736708"><ele>115.076</ele><time>2026-05-05T16:13:47Z</time></trkpt><trkpt lat="-16.028052" lon="-57.736651"><ele>115.238</ele><time>2026-05-05T16:13:49Z</time></trkpt><trkpt lat="-16.028037" lon="-57.736601"><ele>115.773</ele><time>2026-05-05T16:13:51Z</time></trkpt><trkpt lat="-16.028002" lon="-57.736563"><ele>116.025</ele><time>2026-05-05T16:13:53Z</time></trkpt><trkpt lat="-16.027989" lon="-57.73651"><ele>116.175</ele><time>2026-05-05T16:13:55Z</time></trkpt><trkpt lat="-16.027982" lon="-57.736445"><ele>116.237</ele><time>2026-05-05T16:13:57Z</time></trkpt><trkpt lat="-16.027964" lon="-57.73638"><ele>116.302</ele><time>2026-05-05T16:13:59Z</time></trkpt><trkpt lat="-16.027926" lon="-57.736315"><ele>116.432</ele><time>2026-05-05T16:14:01Z</time></trkpt><trkpt lat="-16.027884" lon="-57.736262"><ele>116.442</ele><time>2026-05-05T16:14:03Z</time></trkpt><trkpt lat="-16.027857" lon="-57.736217"><ele>115.521</ele><time>2026-05-05T16:14:05Z</time></trkpt><trkpt lat="-16.027835" lon="-57.736172"><ele>114.682</ele><time>2026-05-05T16:14:07Z</time></trkpt><trkpt lat="-16.027805" lon="-57.736109"><ele>114.479</ele><time>2026-05-05T16:14:09Z</time></trkpt><trkpt lat="-16.027772" lon="-57.736031"><ele>114.361</ele><time>2026-05-05T16:14:11Z</time></trkpt><trkpt lat="-16.027757" lon="-57.735986"><ele>114.030</ele><time>2026-05-05T16:14:12Z</time></trkpt><trkpt lat="-16.027742" lon="-57.735941"><ele>114.055</ele><time>2026-05-05T16:14:13Z</time></trkpt><trkpt lat="-16.027729" lon="-57.735889"><ele>113.911</ele><time>2026-05-05T16:14:14Z</time></trkpt><trkpt lat="-16.027714" lon="-57.735831"><ele>113.974</ele><time>2026-05-05T16:14:15Z</time></trkpt><trkpt lat="-16.027694" lon="-57.735769"><ele>113.999</ele><time>2026-05-05T16:14:16Z</time></trkpt><trkpt lat="-16.027671" lon="-57.735702"><ele>113.960</ele><time>2026-05-05T16:14:17Z</time></trkpt><trkpt lat="-16.027639" lon="-57.735637"><ele>113.936</ele><time>2026-05-05T16:14:18Z</time></trkpt><trkpt lat="-16.027609" lon="-57.735567"><ele>113.978</ele><time>2026-05-05T16:14:19Z</time></trkpt><trkpt lat="-16.027579" lon="-57.735497"><ele>113.890</ele><time>2026-05-05T16:14:20Z</time></trkpt><trkpt lat="-16.027549" lon="-57.735427"><ele>113.844</ele><time>2026-05-05T16:14:21Z</time></trkpt><trkpt lat="-16.027516" lon="-57.73536"><ele>113.751</ele><time>2026-05-05T16:14:22Z</time></trkpt><trkpt lat="-16.027486" lon="-57.735295"><ele>113.480</ele><time>2026-05-05T16:14:23Z</time></trkpt><trkpt lat="-16.027451" lon="-57.735227"><ele>112.960</ele><time>2026-05-05T16:14:24Z</time></trkpt><trkpt lat="-16.027418" lon="-57.735157"><ele>112.965</ele><time>2026-05-05T16:14:25Z</time></trkpt><trkpt lat="-16.027386" lon="-57.735082"><ele>112.993</ele><time>2026-05-05T16:14:26Z</time></trkpt><trkpt lat="-16.027349" lon="-57.735002"><ele>113.330</ele><time>2026-05-05T16:14:27Z</time></trkpt><trkpt lat="-16.027317" lon="-57.734917"><ele>113.562</ele><time>2026-05-05T16:14:28Z</time></trkpt><trkpt lat="-16.027285" lon="-57.734835"><ele>113.776</ele><time>2026-05-05T16:14:29Z</time></trkpt><trkpt lat="-16.027253" lon="-57.734755"><ele>113.851</ele><time>2026-05-05T16:14:30Z</time></trkpt><trkpt lat="-16.027221" lon="-57.734677"><ele>113.810</ele><time>2026-05-05T16:14:31Z</time></trkpt><trkpt lat="-16.027188" lon="-57.7346"><ele>113.729</ele><time>2026-05-05T16:14:32Z</time></trkpt><trkpt lat="-16.027158" lon="-57.734522"><ele>113.605</ele><time>2026-05-05T16:14:33Z</time></trkpt><trkpt lat="-16.027128" lon="-57.734442"><ele>113.554</ele><time>2026-05-05T16:14:34Z</time></trkpt><trkpt lat="-16.0271" lon="-57.734357"><ele>113.436</ele><time>2026-05-05T16:14:35Z</time></trkpt><trkpt lat="-16.027068" lon="-57.73427"><ele>113.427</ele><time>2026-05-05T16:14:36Z</time></trkpt><trkpt lat="-16.027033" lon="-57.734187"><ele>113.446</ele><time>2026-05-05T16:14:37Z</time></trkpt><trkpt lat="-16.026996" lon="-57.734105"><ele>113.577</ele><time>2026-05-05T16:14:38Z</time></trkpt><trkpt lat="-16.026963" lon="-57.734023"><ele>113.579</ele><time>2026-05-05T16:14:39Z</time></trkpt><trkpt lat="-16.026928" lon="-57.733941"><ele>113.427</ele><time>2026-05-05T16:14:40Z</time></trkpt><trkpt lat="-16.026895" lon="-57.733861"><ele>113.426</ele><time>2026-05-05T16:14:41Z</time></trkpt><trkpt lat="-16.026868" lon="-57.733781"><ele>113.467</ele><time>2026-05-05T16:14:42Z</time></trkpt><trkpt lat="-16.02684" lon="-57.733704"><ele>113.493</ele><time>2026-05-05T16:14:43Z</time></trkpt><trkpt lat="-16.026803" lon="-57.733646"><ele>113.467</ele><time>2026-05-05T16:14:44Z</time></trkpt><trkpt lat="-16.026771" lon="-57.733578"><ele>113.397</ele><time>2026-05-05T16:14:45Z</time></trkpt><trkpt lat="-16.026746" lon="-57.733511"><ele>113.239</ele><time>2026-05-05T16:14:46Z</time></trkpt><trkpt lat="-16.026724" lon="-57.733451"><ele>113.113</ele><time>2026-05-05T16:14:47Z</time></trkpt><trkpt lat="-16.026716" lon="-57.733401"><ele>112.910</ele><time>2026-05-05T16:14:48Z</time></trkpt><trkpt lat="-16.026703" lon="-57.733354"><ele>112.801</ele><time>2026-05-05T16:14:49Z</time></trkpt><trkpt lat="-16.026675" lon="-57.733269"><ele>112.290</ele><time>2026-05-05T16:14:51Z</time></trkpt><trkpt lat="-16.026628" lon="-57.733192"><ele>112.080</ele><time>2026-05-05T16:14:53Z</time></trkpt><trkpt lat="-16.026593" lon="-57.73312"><ele>111.224</ele><time>2026-05-05T16:14:55Z</time></trkpt><trkpt lat="-16.026558" lon="-57.733057"><ele>110.820</ele><time>2026-05-05T16:14:57Z</time></trkpt><trkpt lat="-16.026536" lon="-57.733"><ele>110.590</ele><time>2026-05-05T16:14:59Z</time></trkpt><trkpt lat="-16.026519" lon="-57.732952"><ele>110.300</ele><time>2026-05-05T16:15:01Z</time></trkpt><trkpt lat="-16.026494" lon="-57.732909"><ele>110.081</ele><time>2026-05-05T16:15:03Z</time></trkpt><trkpt lat="-16.026474" lon="-57.732861"><ele>110.003</ele><time>2026-05-05T16:15:05Z</time></trkpt><trkpt lat="-16.026447" lon="-57.732818"><ele>110.025</ele><time>2026-05-05T16:15:07Z</time></trkpt><trkpt lat="-16.026437" lon="-57.732771"><ele>110.442</ele><time>2026-05-05T16:15:09Z</time></trkpt><trkpt lat="-16.026417" lon="-57.732724"><ele>110.738</ele><time>2026-05-05T16:15:11Z</time></trkpt><trkpt lat="-16.026394" lon="-57.732659"><ele>111.280</ele><time>2026-05-05T16:15:13Z</time></trkpt><trkpt lat="-16.026352" lon="-57.732586"><ele>111.578</ele><time>2026-05-05T16:15:15Z</time></trkpt><trkpt lat="-16.026315" lon="-57.732503"><ele>112.002</ele><time>2026-05-05T16:15:17Z</time></trkpt><trkpt lat="-16.026297" lon="-57.73246"><ele>112.200</ele><time>2026-05-05T16:15:18Z</time></trkpt><trkpt lat="-16.026282" lon="-57.732407"><ele>112.091</ele><time>2026-05-05T16:15:19Z</time></trkpt><trkpt lat="-16.026267" lon="-57.732357"><ele>112.098</ele><time>2026-05-05T16:15:20Z</time></trkpt><trkpt lat="-16.02625" lon="-57.732302"><ele>112.161</ele><time>2026-05-05T16:15:21Z</time></trkpt><trkpt lat="-16.026232" lon="-57.732244"><ele>112.201</ele><time>2026-05-05T16:15:22Z</time></trkpt><trkpt lat="-16.02621" lon="-57.732189"><ele>112.316</ele><time>2026-05-05T16:15:23Z</time></trkpt><trkpt lat="-16.026188" lon="-57.732136"><ele>112.680</ele><time>2026-05-05T16:15:24Z</time></trkpt><trkpt lat="-16.026166" lon="-57.732084"><ele>112.859</ele><time>2026-05-05T16:15:25Z</time></trkpt><trkpt lat="-16.026144" lon="-57.732029"><ele>113.081</ele><time>2026-05-05T16:15:26Z</time></trkpt><trkpt lat="-16.026116" lon="-57.731976"><ele>113.413</ele><time>2026-05-05T16:15:27Z</time></trkpt><trkpt lat="-16.026091" lon="-57.731923"><ele>113.513</ele><time>2026-05-05T16:15:28Z</time></trkpt><trkpt lat="-16.026064" lon="-57.731868"><ele>113.623</ele><time>2026-05-05T16:15:29Z</time></trkpt><trkpt lat="-16.026039" lon="-57.731811"><ele>113.656</ele><time>2026-05-05T16:15:30Z</time></trkpt><trkpt lat="-16.026012" lon="-57.731754"><ele>113.633</ele><time>2026-05-05T16:15:31Z</time></trkpt><trkpt lat="-16.025987" lon="-57.731697"><ele>113.890</ele><time>2026-05-05T16:15:32Z</time></trkpt><trkpt lat="-16.025962" lon="-57.731639"><ele>113.840</ele><time>2026-05-05T16:15:33Z</time></trkpt><trkpt lat="-16.025937" lon="-57.731589"><ele>113.817</ele><time>2026-05-05T16:15:34Z</time></trkpt><trkpt lat="-16.025915" lon="-57.731537"><ele>113.638</ele><time>2026-05-05T16:15:35Z</time></trkpt><trkpt lat="-16.025895" lon="-57.731489"><ele>113.592</ele><time>2026-05-05T16:15:36Z</time></trkpt><trkpt lat="-16.025872" lon="-57.731442"><ele>113.570</ele><time>2026-05-05T16:15:37Z</time></trkpt><trkpt lat="-16.025845" lon="-57.731397"><ele>113.507</ele><time>2026-05-05T16:15:38Z</time></trkpt><trkpt lat="-16.02582" lon="-57.731345"><ele>113.704</ele><time>2026-05-05T16:15:39Z</time></trkpt><trkpt lat="-16.025798" lon="-57.731292"><ele>114.254</ele><time>2026-05-05T16:15:40Z</time></trkpt><trkpt lat="-16.025781" lon="-57.731242"><ele>114.861</ele><time>2026-05-05T16:15:41Z</time></trkpt><trkpt lat="-16.025766" lon="-57.73119"><ele>115.121</ele><time>2026-05-05T16:15:42Z</time></trkpt><trkpt lat="-16.025759" lon="-57.73113"><ele>115.476</ele><time>2026-05-05T16:15:43Z</time></trkpt><trkpt lat="-16.025756" lon="-57.73107"><ele>116.119</ele><time>2026-05-05T16:15:44Z</time></trkpt><trkpt lat="-16.025764" lon="-57.731005"><ele>116.678</ele><time>2026-05-05T16:15:45Z</time></trkpt><trkpt lat="-16.025774" lon="-57.730947"><ele>117.037</ele><time>2026-05-05T16:15:46Z</time></trkpt><trkpt lat="-16.025784" lon="-57.730894"><ele>117.464</ele><time>2026-05-05T16:15:47Z</time></trkpt><trkpt lat="-16.025814" lon="-57.730846"><ele>117.923</ele><time>2026-05-05T16:15:48Z</time></trkpt><trkpt lat="-16.025882" lon="-57.730791"><ele>119.077</ele><time>2026-05-05T16:15:50Z</time></trkpt><trkpt lat="-16.025929" lon="-57.730771"><ele>119.290</ele><time>2026-05-05T16:15:51Z</time></trkpt><trkpt lat="-16.026009" lon="-57.730738"><ele>119.320</ele><time>2026-05-05T16:15:53Z</time></trkpt><trkpt lat="-16.026082" lon="-57.730718"><ele>119.736</ele><time>2026-05-05T16:15:55Z</time></trkpt><trkpt lat="-16.026154" lon="-57.730708"><ele>119.775</ele><time>2026-05-05T16:15:57Z</time></trkpt><trkpt lat="-16.026202" lon="-57.730695"><ele>119.442</ele><time>2026-05-05T16:15:58Z</time></trkpt><trkpt lat="-16.026249" lon="-57.730685"><ele>119.326</ele><time>2026-05-05T16:15:59Z</time></trkpt><trkpt lat="-16.026304" lon="-57.730668"><ele>119.130</ele><time>2026-05-05T16:16:00Z</time></trkpt><trkpt lat="-16.026359" lon="-57.730655"><ele>119.178</ele><time>2026-05-05T16:16:01Z</time></trkpt><trkpt lat="-16.026416" lon="-57.730643"><ele>119.107</ele><time>2026-05-05T16:16:02Z</time></trkpt><trkpt lat="-16.026476" lon="-57.730616"><ele>119.139</ele><time>2026-05-05T16:16:03Z</time></trkpt><trkpt lat="-16.026538" lon="-57.730584"><ele>119.267</ele><time>2026-05-05T16:16:04Z</time></trkpt><trkpt lat="-16.02659" lon="-57.730544"><ele>119.238</ele><time>2026-05-05T16:16:05Z</time></trkpt><trkpt lat="-16.026642" lon="-57.730504"><ele>119.278</ele><time>2026-05-05T16:16:06Z</time></trkpt><trkpt lat="-16.026695" lon="-57.730461"><ele>118.935</ele><time>2026-05-05T16:16:07Z</time></trkpt><trkpt lat="-16.026748" lon="-57.730418"><ele>118.569</ele><time>2026-05-05T16:16:08Z</time></trkpt><trkpt lat="-16.0268" lon="-57.730378"><ele>118.047</ele><time>2026-05-05T16:16:09Z</time></trkpt><trkpt lat="-16.02685" lon="-57.730343"><ele>117.662</ele><time>2026-05-05T16:16:10Z</time></trkpt><trkpt lat="-16.026902" lon="-57.730305"><ele>117.455</ele><time>2026-05-05T16:16:11Z</time></trkpt><trkpt lat="-16.026954" lon="-57.730275"><ele>117.190</ele><time>2026-05-05T16:16:12Z</time></trkpt><trkpt lat="-16.027002" lon="-57.730245"><ele>116.641</ele><time>2026-05-05T16:16:13Z</time></trkpt><trkpt lat="-16.027045" lon="-57.730217"><ele>116.575</ele><time>2026-05-05T16:16:14Z</time></trkpt><trkpt lat="-16.027092" lon="-57.73019"><ele>116.350</ele><time>2026-05-05T16:16:15Z</time></trkpt><trkpt lat="-16.027144" lon="-57.730153"><ele>115.915</ele><time>2026-05-05T16:16:16Z</time></trkpt><trkpt lat="-16.027192" lon="-57.730123"><ele>115.696</ele><time>2026-05-05T16:16:17Z</time></trkpt><trkpt lat="-16.027234" lon="-57.730101"><ele>115.371</ele><time>2026-05-05T16:16:18Z</time></trkpt><trkpt lat="-16.027314" lon="-57.730079"><ele>114.853</ele><time>2026-05-05T16:16:20Z</time></trkpt><trkpt lat="-16.027369" lon="-57.730096"><ele>114.474</ele><time>2026-05-05T16:16:22Z</time></trkpt><trkpt lat="-16.027421" lon="-57.730131"><ele>114.006</ele><time>2026-05-05T16:16:25Z</time></trkpt><trkpt lat="-16.027478" lon="-57.730136"><ele>113.995</ele><time>2026-05-05T16:17:00Z</time></trkpt><trkpt lat="-16.02751" lon="-57.730079"><ele>113.721</ele><time>2026-05-05T16:17:03Z</time></trkpt><trkpt lat="-16.027542" lon="-57.730019"><ele>113.157</ele><time>2026-05-05T16:17:05Z</time></trkpt><trkpt lat="-16.027569" lon="-57.729949"><ele>112.578</ele><time>2026-05-05T16:17:07Z</time></trkpt><trkpt lat="-16.027607" lon="-57.729866"><ele>111.839</ele><time>2026-05-05T16:17:09Z</time></trkpt><trkpt lat="-16.027625" lon="-57.729821"><ele>111.595</ele><time>2026-05-05T16:17:10Z</time></trkpt><trkpt lat="-16.02767" lon="-57.729738"><ele>111.340</ele><time>2026-05-05T16:17:12Z</time></trkpt><trkpt lat="-16.027712" lon="-57.729658"><ele>111.366</ele><time>2026-05-05T16:17:14Z</time></trkpt><trkpt lat="-16.02775" lon="-57.729593"><ele>111.379</ele><time>2026-05-05T16:17:16Z</time></trkpt><trkpt lat="-16.027777" lon="-57.729543"><ele>111.358</ele><time>2026-05-05T16:17:18Z</time></trkpt><trkpt lat="-16.027807" lon="-57.729505"><ele>111.366</ele><time>2026-05-05T16:17:20Z</time></trkpt><trkpt lat="-16.027885" lon="-57.729432"><ele>111.445</ele><time>2026-05-05T16:17:44Z</time></trkpt><trkpt lat="-16.027932" lon="-57.729387"><ele>111.585</ele><time>2026-05-05T16:17:46Z</time></trkpt><trkpt lat="-16.027965" lon="-57.729354"><ele>111.573</ele><time>2026-05-05T16:17:47Z</time></trkpt><trkpt lat="-16.028003" lon="-57.729316"><ele>111.457</ele><time>2026-05-05T16:17:48Z</time></trkpt><trkpt lat="-16.028043" lon="-57.729284"><ele>111.367</ele><time>2026-05-05T16:17:49Z</time></trkpt><trkpt lat="-16.028088" lon="-57.729251"><ele>111.300</ele><time>2026-05-05T16:17:50Z</time></trkpt><trkpt lat="-16.028138" lon="-57.729216"><ele>111.355</ele><time>2026-05-05T16:17:51Z</time></trkpt><trkpt lat="-16.028198" lon="-57.729171"><ele>111.356</ele><time>2026-05-05T16:17:52Z</time></trkpt><trkpt lat="-16.028258" lon="-57.729129"><ele>111.371</ele><time>2026-05-05T16:17:53Z</time></trkpt><trkpt lat="-16.028321" lon="-57.729084"><ele>111.520</ele><time>2026-05-05T16:17:54Z</time></trkpt><trkpt lat="-16.028386" lon="-57.729041"><ele>111.981</ele><time>2026-05-05T16:17:55Z</time></trkpt><trkpt lat="-16.028456" lon="-57.728996"><ele>111.965</ele><time>2026-05-05T16:17:56Z</time></trkpt><trkpt lat="-16.028526" lon="-57.728946"><ele>111.952</ele><time>2026-05-05T16:17:57Z</time></trkpt><trkpt lat="-16.028596" lon="-57.728894"><ele>111.965</ele><time>2026-05-05T16:17:58Z</time></trkpt><trkpt lat="-16.028664" lon="-57.728847"><ele>111.979</ele><time>2026-05-05T16:17:59Z</time></trkpt><trkpt lat="-16.028731" lon="-57.7288"><ele>111.928</ele><time>2026-05-05T16:18:00Z</time></trkpt><trkpt lat="-16.028798" lon="-57.728755"><ele>111.907</ele><time>2026-05-05T16:18:01Z</time></trkpt><trkpt lat="-16.028865" lon="-57.728708"><ele>112.035</ele><time>2026-05-05T16:18:02Z</time></trkpt><trkpt lat="-16.028933" lon="-57.728661"><ele>112.120</ele><time>2026-05-05T16:18:03Z</time></trkpt><trkpt lat="-16.028998" lon="-57.728618"><ele>112.283</ele><time>2026-05-05T16:18:04Z</time></trkpt><trkpt lat="-16.029058" lon="-57.728583"><ele>112.349</ele><time>2026-05-05T16:18:05Z</time></trkpt><trkpt lat="-16.029116" lon="-57.728543"><ele>112.323</ele><time>2026-05-05T16:18:06Z</time></trkpt><trkpt lat="-16.029171" lon="-57.728508"><ele>112.345</ele><time>2026-05-05T16:18:07Z</time></trkpt><trkpt lat="-16.029223" lon="-57.72847"><ele>112.274</ele><time>2026-05-05T16:18:08Z</time></trkpt><trkpt lat="-16.029271" lon="-57.728435"><ele>112.273</ele><time>2026-05-05T16:18:09Z</time></trkpt><trkpt lat="-16.029314" lon="-57.728403"><ele>111.791</ele><time>2026-05-05T16:18:10Z</time></trkpt><trkpt lat="-16.029387" lon="-57.728355"><ele>110.801</ele><time>2026-05-05T16:18:12Z</time></trkpt><trkpt lat="-16.029462" lon="-57.728312"><ele>110.806</ele><time>2026-05-05T16:18:14Z</time></trkpt><trkpt lat="-16.0295" lon="-57.728285"><ele>110.893</ele><time>2026-05-05T16:18:15Z</time></trkpt><trkpt lat="-16.029538" lon="-57.72826"><ele>110.843</ele><time>2026-05-05T16:18:16Z</time></trkpt><trkpt lat="-16.029576" lon="-57.728235"><ele>110.870</ele><time>2026-05-05T16:18:17Z</time></trkpt><trkpt lat="-16.029639" lon="-57.728193"><ele>110.937</ele><time>2026-05-05T16:18:19Z</time></trkpt><trkpt lat="-16.029687" lon="-57.728168"><ele>111.106</ele><time>2026-05-05T16:18:21Z</time></trkpt><trkpt lat="-16.029759" lon="-57.728118"><ele>111.259</ele><time>2026-05-05T16:18:23Z</time></trkpt><trkpt lat="-16.029817" lon="-57.728071"><ele>111.382</ele><time>2026-05-05T16:18:24Z</time></trkpt><trkpt lat="-16.029895" lon="-57.728024"><ele>111.489</ele><time>2026-05-05T16:18:25Z</time></trkpt><trkpt lat="-16.029967" lon="-57.727984"><ele>111.510</ele><time>2026-05-05T16:18:26Z</time></trkpt><trkpt lat="-16.03004" lon="-57.727952"><ele>111.443</ele><time>2026-05-05T16:18:27Z</time></trkpt><trkpt lat="-16.030115" lon="-57.727909"><ele>111.325</ele><time>2026-05-05T16:18:28Z</time></trkpt><trkpt lat="-16.030187" lon="-57.727864"><ele>111.391</ele><time>2026-05-05T16:18:29Z</time></trkpt><trkpt lat="-16.030264" lon="-57.727811"><ele>111.590</ele><time>2026-05-05T16:18:30Z</time></trkpt><trkpt lat="-16.030344" lon="-57.727763"><ele>111.851</ele><time>2026-05-05T16:18:31Z</time></trkpt><trkpt lat="-16.030444" lon="-57.7277"><ele>112.140</ele><time>2026-05-05T16:18:32Z</time></trkpt><trkpt lat="-16.030537" lon="-57.727637"><ele>112.588</ele><time>2026-05-05T16:18:33Z</time></trkpt><trkpt lat="-16.030632" lon="-57.727579"><ele>112.893</ele><time>2026-05-05T16:18:34Z</time></trkpt><trkpt lat="-16.03072" lon="-57.727522"><ele>113.133</ele><time>2026-05-05T16:18:35Z</time></trkpt><trkpt lat="-16.030802" lon="-57.72746"><ele>113.836</ele><time>2026-05-05T16:18:36Z</time></trkpt><trkpt lat="-16.030892" lon="-57.727397"><ele>114.606</ele><time>2026-05-05T16:18:37Z</time></trkpt><trkpt lat="-16.030997" lon="-57.72732"><ele>115.404</ele><time>2026-05-05T16:18:38Z</time></trkpt><trkpt lat="-16.031104" lon="-57.727247"><ele>116.508</ele><time>2026-05-05T16:18:39Z</time></trkpt><trkpt lat="-16.031201" lon="-57.727182"><ele>116.501</ele><time>2026-05-05T16:18:40Z</time></trkpt><trkpt lat="-16.031308" lon="-57.727114"><ele>116.348</ele><time>2026-05-05T16:18:41Z</time></trkpt><trkpt lat="-16.031418" lon="-57.727044"><ele>116.344</ele><time>2026-05-05T16:18:42Z</time></trkpt><trkpt lat="-16.031526" lon="-57.726972"><ele>115.857</ele><time>2026-05-05T16:18:43Z</time></trkpt><trkpt lat="-16.031634" lon="-57.7269"><ele>115.689</ele><time>2026-05-05T16:18:44Z</time></trkpt><trkpt lat="-16.031741" lon="-57.72683"><ele>115.472</ele><time>2026-05-05T16:18:45Z</time></trkpt><trkpt lat="-16.031851" lon="-57.726755"><ele>115.330</ele><time>2026-05-05T16:18:46Z</time></trkpt><trkpt lat="-16.031963" lon="-57.726683"><ele>114.889</ele><time>2026-05-05T16:18:47Z</time></trkpt><trkpt lat="-16.032086" lon="-57.726606"><ele>114.393</ele><time>2026-05-05T16:18:48Z</time></trkpt><trkpt lat="-16.032214" lon="-57.726518"><ele>113.843</ele><time>2026-05-05T16:18:49Z</time></trkpt><trkpt lat="-16.032337" lon="-57.726431"><ele>113.401</ele><time>2026-05-05T16:18:50Z</time></trkpt><trkpt lat="-16.03246" lon="-57.726346"><ele>113.031</ele><time>2026-05-05T16:18:51Z</time></trkpt><trkpt lat="-16.03258" lon="-57.726268"><ele>112.635</ele><time>2026-05-05T16:18:52Z</time></trkpt><trkpt lat="-16.032698" lon="-57.726196"><ele>112.100</ele><time>2026-05-05T16:18:53Z</time></trkpt><trkpt lat="-16.032813" lon="-57.726128"><ele>111.487</ele><time>2026-05-05T16:18:54Z</time></trkpt><trkpt lat="-16.032926" lon="-57.726055"><ele>111.286</ele><time>2026-05-05T16:18:55Z</time></trkpt><trkpt lat="-16.033043" lon="-57.725978"><ele>111.215</ele><time>2026-05-05T16:18:56Z</time></trkpt><trkpt lat="-16.033156" lon="-57.725903"><ele>111.761</ele><time>2026-05-05T16:18:57Z</time></trkpt><trkpt lat="-16.033268" lon="-57.725831"><ele>111.986</ele><time>2026-05-05T16:18:58Z</time></trkpt><trkpt lat="-16.033386" lon="-57.725751"><ele>112.006</ele><time>2026-05-05T16:18:59Z</time></trkpt><trkpt lat="-16.033509" lon="-57.725664"><ele>112.256</ele><time>2026-05-05T16:19:00Z</time></trkpt><trkpt lat="-16.033631" lon="-57.725586"><ele>112.353</ele><time>2026-05-05T16:19:01Z</time></trkpt><trkpt lat="-16.033769" lon="-57.725496"><ele>112.690</ele><time>2026-05-05T16:19:02Z</time></trkpt><trkpt lat="-16.033907" lon="-57.725406"><ele>112.863</ele><time>2026-05-05T16:19:03Z</time></trkpt><trkpt lat="-16.03404" lon="-57.725314"><ele>113.018</ele><time>2026-05-05T16:19:04Z</time></trkpt><trkpt lat="-16.034173" lon="-57.725217"><ele>113.343</ele><time>2026-05-05T16:19:05Z</time></trkpt><trkpt lat="-16.034303" lon="-57.725129"><ele>113.657</ele><time>2026-05-05T16:19:06Z</time></trkpt><trkpt lat="-16.034416" lon="-57.725059"><ele>113.898</ele><time>2026-05-05T16:19:07Z</time></trkpt><trkpt lat="-16.034531" lon="-57.724982"><ele>113.843</ele><time>2026-05-05T16:19:08Z</time></trkpt><trkpt lat="-16.034653" lon="-57.724899"><ele>113.706</ele><time>2026-05-05T16:19:09Z</time></trkpt><trkpt lat="-16.034791" lon="-57.724811"><ele>113.694</ele><time>2026-05-05T16:19:10Z</time></trkpt><trkpt lat="-16.034924" lon="-57.724729"><ele>113.980</ele><time>2026-05-05T16:19:11Z</time></trkpt><trkpt lat="-16.035061" lon="-57.724637"><ele>114.227</ele><time>2026-05-05T16:19:12Z</time></trkpt><trkpt lat="-16.035199" lon="-57.724547"><ele>114.331</ele><time>2026-05-05T16:19:13Z</time></trkpt><trkpt lat="-16.035346" lon="-57.724459"><ele>114.563</ele><time>2026-05-05T16:19:14Z</time></trkpt><trkpt lat="-16.035524" lon="-57.724324"><ele>115.154</ele><time>2026-05-05T16:19:15Z</time></trkpt><trkpt lat="-16.035667" lon="-57.724222"><ele>115.641</ele><time>2026-05-05T16:19:16Z</time></trkpt><trkpt lat="-16.03582" lon="-57.724107"><ele>116.256</ele><time>2026-05-05T16:19:17Z</time></trkpt><trkpt lat="-16.035972" lon="-57.724004"><ele>117.109</ele><time>2026-05-05T16:19:18Z</time></trkpt><trkpt lat="-16.03612" lon="-57.723902"><ele>117.283</ele><time>2026-05-05T16:19:19Z</time></trkpt><trkpt lat="-16.036263" lon="-57.723802"><ele>117.083</ele><time>2026-05-05T16:19:20Z</time></trkpt><trkpt lat="-16.036408" lon="-57.723704"><ele>116.818</ele><time>2026-05-05T16:19:21Z</time></trkpt><trkpt lat="-16.036551" lon="-57.723611"><ele>116.734</ele><time>2026-05-05T16:19:22Z</time></trkpt><trkpt lat="-16.036693" lon="-57.723519"><ele>116.854</ele><time>2026-05-05T16:19:23Z</time></trkpt><trkpt lat="-16.036836" lon="-57.723426"><ele>116.917</ele><time>2026-05-05T16:19:24Z</time></trkpt><trkpt lat="-16.036976" lon="-57.723336"><ele>117.149</ele><time>2026-05-05T16:19:25Z</time></trkpt><trkpt lat="-16.037124" lon="-57.723236"><ele>117.459</ele><time>2026-05-05T16:19:26Z</time></trkpt><trkpt lat="-16.037274" lon="-57.723133"><ele>117.640</ele><time>2026-05-05T16:19:27Z</time></trkpt><trkpt lat="-16.037417" lon="-57.723036"><ele>117.775</ele><time>2026-05-05T16:19:28Z</time></trkpt><trkpt lat="-16.03756" lon="-57.722941"><ele>117.876</ele><time>2026-05-05T16:19:29Z</time></trkpt><trkpt lat="-16.037703" lon="-57.722846"><ele>117.884</ele><time>2026-05-05T16:19:30Z</time></trkpt><trkpt lat="-16.037848" lon="-57.722748"><ele>117.942</ele><time>2026-05-05T16:19:31Z</time></trkpt><trkpt lat="-16.037993" lon="-57.722656"><ele>117.942</ele><time>2026-05-05T16:19:32Z</time></trkpt><trkpt lat="-16.038135" lon="-57.722566"><ele>117.688</ele><time>2026-05-05T16:19:33Z</time></trkpt><trkpt lat="-16.03828" lon="-57.722471"><ele>117.269</ele><time>2026-05-05T16:19:34Z</time></trkpt><trkpt lat="-16.038427" lon="-57.722376"><ele>116.928</ele><time>2026-05-05T16:19:35Z</time></trkpt><trkpt lat="-16.038567" lon="-57.722289"><ele>116.601</ele><time>2026-05-05T16:19:36Z</time></trkpt><trkpt lat="-16.038709" lon="-57.722197"><ele>116.359</ele><time>2026-05-05T16:19:37Z</time></trkpt><trkpt lat="-16.038856" lon="-57.722099"><ele>116.271</ele><time>2026-05-05T16:19:38Z</time></trkpt><trkpt lat="-16.039003" lon="-57.722002"><ele>116.137</ele><time>2026-05-05T16:19:39Z</time></trkpt><trkpt lat="-16.039151" lon="-57.7219"><ele>115.609</ele><time>2026-05-05T16:19:40Z</time></trkpt><trkpt lat="-16.039294" lon="-57.721802"><ele>115.041</ele><time>2026-05-05T16:19:41Z</time></trkpt><trkpt lat="-16.039436" lon="-57.721707"><ele>114.601</ele><time>2026-05-05T16:19:42Z</time></trkpt><trkpt lat="-16.039578" lon="-57.721612"><ele>114.386</ele><time>2026-05-05T16:19:43Z</time></trkpt><trkpt lat="-16.03972" lon="-57.721519"><ele>114.082</ele><time>2026-05-05T16:19:44Z</time></trkpt><trkpt lat="-16.039858" lon="-57.721431"><ele>113.503</ele><time>2026-05-05T16:19:45Z</time></trkpt><trkpt lat="-16.040001" lon="-57.721338"><ele>112.937</ele><time>2026-05-05T16:19:46Z</time></trkpt><trkpt lat="-16.040146" lon="-57.72124"><ele>112.506</ele><time>2026-05-05T16:19:47Z</time></trkpt><trkpt lat="-16.040283" lon="-57.721153"><ele>112.241</ele><time>2026-05-05T16:19:48Z</time></trkpt><trkpt lat="-16.040425" lon="-57.72106"><ele>111.869</ele><time>2026-05-05T16:19:49Z</time></trkpt><trkpt lat="-16.04057" lon="-57.720962"><ele>111.218</ele><time>2026-05-05T16:19:50Z</time></trkpt><trkpt lat="-16.040708" lon="-57.72087"><ele>110.744</ele><time>2026-05-05T16:19:51Z</time></trkpt><trkpt lat="-16.040846" lon="-57.72078"><ele>110.560</ele><time>2026-05-05T16:19:52Z</time></trkpt><trkpt lat="-16.040989" lon="-57.720685"><ele>110.243</ele><time>2026-05-05T16:19:53Z</time></trkpt><trkpt lat="-16.041129" lon="-57.720595"><ele>109.987</ele><time>2026-05-05T16:19:54Z</time></trkpt><trkpt lat="-16.041272" lon="-57.720503"><ele>109.801</ele><time>2026-05-05T16:19:55Z</time></trkpt><trkpt lat="-16.041419" lon="-57.72041"><ele>109.696</ele><time>2026-05-05T16:19:56Z</time></trkpt><trkpt lat="-16.041562" lon="-57.72032"><ele>109.428</ele><time>2026-05-05T16:19:57Z</time></trkpt><trkpt lat="-16.041712" lon="-57.720228"><ele>109.342</ele><time>2026-05-05T16:19:58Z</time></trkpt><trkpt lat="-16.041864" lon="-57.720138"><ele>109.430</ele><time>2026-05-05T16:19:59Z</time></trkpt><trkpt lat="-16.042012" lon="-57.720053"><ele>109.423</ele><time>2026-05-05T16:20:00Z</time></trkpt><trkpt lat="-16.042164" lon="-57.719973"><ele>109.374</ele><time>2026-05-05T16:20:01Z</time></trkpt><trkpt lat="-16.042314" lon="-57.719905"><ele>109.312</ele><time>2026-05-05T16:20:02Z</time></trkpt><trkpt lat="-16.042469" lon="-57.719842"><ele>109.379</ele><time>2026-05-05T16:20:03Z</time></trkpt><trkpt lat="-16.042627" lon="-57.719782"><ele>109.333</ele><time>2026-05-05T16:20:04Z</time></trkpt><trkpt lat="-16.042787" lon="-57.719722"><ele>109.354</ele><time>2026-05-05T16:20:05Z</time></trkpt><trkpt lat="-16.042954" lon="-57.71966"><ele>109.185</ele><time>2026-05-05T16:20:06Z</time></trkpt><trkpt lat="-16.043116" lon="-57.719608"><ele>109.070</ele><time>2026-05-05T16:20:07Z</time></trkpt><trkpt lat="-16.043278" lon="-57.719563"><ele>109.189</ele><time>2026-05-05T16:20:08Z</time></trkpt><trkpt lat="-16.043436" lon="-57.719531"><ele>109.298</ele><time>2026-05-05T16:20:09Z</time></trkpt><trkpt lat="-16.043598" lon="-57.719499"><ele>109.696</ele><time>2026-05-05T16:20:10Z</time></trkpt><trkpt lat="-16.043763" lon="-57.719471"><ele>109.981</ele><time>2026-05-05T16:20:11Z</time></trkpt><trkpt lat="-16.043928" lon="-57.719439"><ele>110.046</ele><time>2026-05-05T16:20:12Z</time></trkpt><trkpt lat="-16.044088" lon="-57.719416"><ele>110.118</ele><time>2026-05-05T16:20:13Z</time></trkpt><trkpt lat="-16.044248" lon="-57.719388"><ele>110.381</ele><time>2026-05-05T16:20:14Z</time></trkpt><trkpt lat="-16.044413" lon="-57.719355"><ele>110.638</ele><time>2026-05-05T16:20:15Z</time></trkpt><trkpt lat="-16.04458" lon="-57.719322"><ele>111.023</ele><time>2026-05-05T16:20:16Z</time></trkpt><trkpt lat="-16.044747" lon="-57.719287"><ele>111.545</ele><time>2026-05-05T16:20:17Z</time></trkpt><trkpt lat="-16.04491" lon="-57.719252"><ele>112.191</ele><time>2026-05-05T16:20:18Z</time></trkpt><trkpt lat="-16.045073" lon="-57.719222"><ele>112.528</ele><time>2026-05-05T16:20:19Z</time></trkpt><trkpt lat="-16.04524" lon="-57.719189"><ele>112.836</ele><time>2026-05-05T16:20:20Z</time></trkpt><trkpt lat="-16.045403" lon="-57.719157"><ele>113.237</ele><time>2026-05-05T16:20:21Z</time></trkpt><trkpt lat="-16.045566" lon="-57.719129"><ele>113.662</ele><time>2026-05-05T16:20:22Z</time></trkpt><trkpt lat="-16.045731" lon="-57.719101"><ele>113.984</ele><time>2026-05-05T16:20:23Z</time></trkpt><trkpt lat="-16.045896" lon="-57.719066"><ele>114.087</ele><time>2026-05-05T16:20:24Z</time></trkpt><trkpt lat="-16.046059" lon="-57.719036"><ele>114.190</ele><time>2026-05-05T16:20:25Z</time></trkpt><trkpt lat="-16.046226" lon="-57.718999"><ele>114.189</ele><time>2026-05-05T16:20:26Z</time></trkpt><trkpt lat="-16.046393" lon="-57.718962"><ele>114.140</ele><time>2026-05-05T16:20:27Z</time></trkpt><trkpt lat="-16.04656" lon="-57.718929"><ele>114.364</ele><time>2026-05-05T16:20:28Z</time></trkpt><trkpt lat="-16.046723" lon="-57.718896"><ele>114.567</ele><time>2026-05-05T16:20:29Z</time></trkpt><trkpt lat="-16.046893" lon="-57.718859"><ele>114.880</ele><time>2026-05-05T16:20:30Z</time></trkpt><trkpt lat="-16.04706" lon="-57.718824"><ele>115.149</ele><time>2026-05-05T16:20:31Z</time></trkpt><trkpt lat="-16.047228" lon="-57.718787"><ele>115.229</ele><time>2026-05-05T16:20:32Z</time></trkpt><trkpt lat="-16.047396" lon="-57.71875"><ele>115.220</ele><time>2026-05-05T16:20:33Z</time></trkpt><trkpt lat="-16.047568" lon="-57.718713"><ele>115.125</ele><time>2026-05-05T16:20:34Z</time></trkpt><trkpt lat="-16.047735" lon="-57.718683"><ele>114.971</ele><time>2026-05-05T16:20:35Z</time></trkpt><trkpt lat="-16.047897" lon="-57.718656"><ele>114.854</ele><time>2026-05-05T16:20:36Z</time></trkpt><trkpt lat="-16.048059" lon="-57.718628"><ele>114.827</ele><time>2026-05-05T16:20:37Z</time></trkpt><trkpt lat="-16.048224" lon="-57.718596"><ele>114.781</ele><time>2026-05-05T16:20:38Z</time></trkpt><trkpt lat="-16.048394" lon="-57.718563"><ele>114.589</ele><time>2026-05-05T16:20:39Z</time></trkpt><trkpt lat="-16.048559" lon="-57.718531"><ele>114.329</ele><time>2026-05-05T16:20:40Z</time></trkpt><trkpt lat="-16.048727" lon="-57.718491"><ele>114.350</ele><time>2026-05-05T16:20:41Z</time></trkpt><trkpt lat="-16.04889" lon="-57.718453"><ele>114.428</ele><time>2026-05-05T16:20:42Z</time></trkpt><trkpt lat="-16.049052" lon="-57.718421"><ele>114.458</ele><time>2026-05-05T16:20:43Z</time></trkpt><trkpt lat="-16.049212" lon="-57.718386"><ele>114.502</ele><time>2026-05-05T16:20:44Z</time></trkpt><trkpt lat="-16.049372" lon="-57.718358"><ele>114.623</ele><time>2026-05-05T16:20:45Z</time></trkpt><trkpt lat="-16.04953" lon="-57.718326"><ele>114.686</ele><time>2026-05-05T16:20:46Z</time></trkpt><trkpt lat="-16.049693" lon="-57.718294"><ele>114.560</ele><time>2026-05-05T16:20:47Z</time></trkpt><trkpt lat="-16.049855" lon="-57.718264"><ele>114.377</ele><time>2026-05-05T16:20:48Z</time></trkpt><trkpt lat="-16.050018" lon="-57.718234"><ele>114.248</ele><time>2026-05-05T16:20:49Z</time></trkpt><trkpt lat="-16.050181" lon="-57.718201"><ele>114.272</ele><time>2026-05-05T16:20:50Z</time></trkpt><trkpt lat="-16.050344" lon="-57.718164"><ele>114.269</ele><time>2026-05-05T16:20:51Z</time></trkpt><trkpt lat="-16.050501" lon="-57.718139"><ele>114.240</ele><time>2026-05-05T16:20:52Z</time></trkpt><trkpt lat="-16.050659" lon="-57.718112"><ele>114.306</ele><time>2026-05-05T16:20:53Z</time></trkpt><trkpt lat="-16.050824" lon="-57.718084"><ele>114.283</ele><time>2026-05-05T16:20:54Z</time></trkpt><trkpt lat="-16.050996" lon="-57.718046"><ele>114.151</ele><time>2026-05-05T16:20:55Z</time></trkpt><trkpt lat="-16.051168" lon="-57.718006"><ele>114.233</ele><time>2026-05-05T16:20:56Z</time></trkpt><trkpt lat="-16.051333" lon="-57.717973"><ele>114.424</ele><time>2026-05-05T16:20:57Z</time></trkpt><trkpt lat="-16.051496" lon="-57.717938"><ele>114.576</ele><time>2026-05-05T16:20:58Z</time></trkpt><trkpt lat="-16.051661" lon="-57.717905"><ele>114.366</ele><time>2026-05-05T16:20:59Z</time></trkpt><trkpt lat="-16.051824" lon="-57.717875"><ele>113.885</ele><time>2026-05-05T16:21:00Z</time></trkpt><trkpt lat="-16.051986" lon="-57.717843"><ele>113.612</ele><time>2026-05-05T16:21:01Z</time></trkpt><trkpt lat="-16.052143" lon="-57.717813"><ele>113.789</ele><time>2026-05-05T16:21:02Z</time></trkpt><trkpt lat="-16.052301" lon="-57.717783"><ele>113.999</ele><time>2026-05-05T16:21:03Z</time></trkpt><trkpt lat="-16.052461" lon="-57.71775"><ele>113.980</ele><time>2026-05-05T16:21:04Z</time></trkpt><trkpt lat="-16.052619" lon="-57.717717"><ele>113.853</ele><time>2026-05-05T16:21:05Z</time></trkpt><trkpt lat="-16.052777" lon="-57.717685"><ele>113.864</ele><time>2026-05-05T16:21:06Z</time></trkpt><trkpt lat="-16.052937" lon="-57.717653"><ele>113.729</ele><time>2026-05-05T16:21:07Z</time></trkpt><trkpt lat="-16.053097" lon="-57.717625"><ele>113.529</ele><time>2026-05-05T16:21:08Z</time></trkpt><trkpt lat="-16.053262" lon="-57.71759"><ele>113.425</ele><time>2026-05-05T16:21:09Z</time></trkpt><trkpt lat="-16.053427" lon="-57.71756"><ele>113.482</ele><time>2026-05-05T16:21:10Z</time></trkpt><trkpt lat="-16.053592" lon="-57.71753"><ele>113.317</ele><time>2026-05-05T16:21:11Z</time></trkpt><trkpt lat="-16.053759" lon="-57.7175"><ele>113.277</ele><time>2026-05-05T16:21:12Z</time></trkpt><trkpt lat="-16.053926" lon="-57.717463"><ele>113.235</ele><time>2026-05-05T16:21:13Z</time></trkpt><trkpt lat="-16.054089" lon="-57.71743"><ele>113.231</ele><time>2026-05-05T16:21:14Z</time></trkpt><trkpt lat="-16.054252" lon="-57.7174"><ele>113.398</ele><time>2026-05-05T16:21:15Z</time></trkpt><trkpt lat="-16.054417" lon="-57.717367"><ele>113.572</ele><time>2026-05-05T16:21:16Z</time></trkpt><trkpt lat="-16.054579" lon="-57.717337"><ele>113.794</ele><time>2026-05-05T16:21:17Z</time></trkpt><trkpt lat="-16.054742" lon="-57.717307"><ele>113.996</ele><time>2026-05-05T16:21:18Z</time></trkpt><trkpt lat="-16.054905" lon="-57.717279"><ele>113.948</ele><time>2026-05-05T16:21:19Z</time></trkpt><trkpt lat="-16.055068" lon="-57.717251"><ele>113.928</ele><time>2026-05-05T16:21:20Z</time></trkpt><trkpt lat="-16.055231" lon="-57.717218"><ele>114.248</ele><time>2026-05-05T16:21:21Z</time></trkpt><trkpt lat="-16.055396" lon="-57.717185"><ele>114.649</ele><time>2026-05-05T16:21:22Z</time></trkpt><trkpt lat="-16.055563" lon="-57.717153"><ele>114.972</ele><time>2026-05-05T16:21:23Z</time></trkpt><trkpt lat="-16.055728" lon="-57.717123"><ele>115.276</ele><time>2026-05-05T16:21:24Z</time></trkpt><trkpt lat="-16.055895" lon="-57.717091"><ele>115.545</ele><time>2026-05-05T16:21:25Z</time></trkpt><trkpt lat="-16.056062" lon="-57.717058"><ele>115.855</ele><time>2026-05-05T16:21:26Z</time></trkpt><trkpt lat="-16.056229" lon="-57.717025"><ele>116.037</ele><time>2026-05-05T16:21:27Z</time></trkpt><trkpt lat="-16.056404" lon="-57.716988"><ele>116.313</ele><time>2026-05-05T16:21:28Z</time></trkpt><trkpt lat="-16.056579" lon="-57.716948"><ele>116.628</ele><time>2026-05-05T16:21:29Z</time></trkpt><trkpt lat="-16.056752" lon="-57.716906"><ele>116.955</ele><time>2026-05-05T16:21:30Z</time></trkpt><trkpt lat="-16.05692" lon="-57.716873"><ele>117.207</ele><time>2026-05-05T16:21:31Z</time></trkpt><trkpt lat="-16.05709" lon="-57.716833"><ele>117.499</ele><time>2026-05-05T16:21:32Z</time></trkpt><trkpt lat="-16.057262" lon="-57.716785"><ele>117.324</ele><time>2026-05-05T16:21:33Z</time></trkpt><trkpt lat="-16.057429" lon="-57.716743"><ele>117.398</ele><time>2026-05-05T16:21:34Z</time></trkpt><trkpt lat="-16.057587" lon="-57.716695"><ele>117.238</ele><time>2026-05-05T16:21:35Z</time></trkpt><trkpt lat="-16.057747" lon="-57.716637"><ele>116.550</ele><time>2026-05-05T16:21:36Z</time></trkpt><trkpt lat="-16.057904" lon="-57.716572"><ele>115.789</ele><time>2026-05-05T16:21:37Z</time></trkpt><trkpt lat="-16.058059" lon="-57.716499"><ele>115.420</ele><time>2026-05-05T16:21:38Z</time></trkpt><trkpt lat="-16.058214" lon="-57.716416"><ele>115.363</ele><time>2026-05-05T16:21:39Z</time></trkpt><trkpt lat="-16.058362" lon="-57.716336"><ele>114.982</ele><time>2026-05-05T16:21:40Z</time></trkpt><trkpt lat="-16.05851" lon="-57.716249"><ele>114.626</ele><time>2026-05-05T16:21:41Z</time></trkpt><trkpt lat="-16.058652" lon="-57.716156"><ele>114.542</ele><time>2026-05-05T16:21:42Z</time></trkpt><trkpt lat="-16.058795" lon="-57.716058"><ele>114.562</ele><time>2026-05-05T16:21:43Z</time></trkpt><trkpt lat="-16.058938" lon="-57.715953"><ele>114.374</ele><time>2026-05-05T16:21:44Z</time></trkpt><trkpt lat="-16.059075" lon="-57.715848"><ele>114.167</ele><time>2026-05-05T16:21:45Z</time></trkpt><trkpt lat="-16.059207" lon="-57.715736"><ele>114.484</ele><time>2026-05-05T16:21:46Z</time></trkpt><trkpt lat="-16.059335" lon="-57.715624"><ele>114.790</ele><time>2026-05-05T16:21:47Z</time></trkpt><trkpt lat="-16.059462" lon="-57.715511"><ele>114.890</ele><time>2026-05-05T16:21:48Z</time></trkpt><trkpt lat="-16.05959" lon="-57.715398"><ele>115.109</ele><time>2026-05-05T16:21:49Z</time></trkpt><trkpt lat="-16.059715" lon="-57.715286"><ele>115.568</ele><time>2026-05-05T16:21:50Z</time></trkpt><trkpt lat="-16.059842" lon="-57.715176"><ele>115.874</ele><time>2026-05-05T16:21:51Z</time></trkpt><trkpt lat="-16.059972" lon="-57.715064"><ele>116.025</ele><time>2026-05-05T16:21:52Z</time></trkpt><trkpt lat="-16.0601" lon="-57.714952"><ele>116.373</ele><time>2026-05-05T16:21:53Z</time></trkpt><trkpt lat="-16.060228" lon="-57.714839"><ele>116.706</ele><time>2026-05-05T16:21:54Z</time></trkpt><trkpt lat="-16.060358" lon="-57.714726"><ele>117.022</ele><time>2026-05-05T16:21:55Z</time></trkpt><trkpt lat="-16.060485" lon="-57.714614"><ele>117.175</ele><time>2026-05-05T16:21:56Z</time></trkpt><trkpt lat="-16.060612" lon="-57.714502"><ele>117.270</ele><time>2026-05-05T16:21:57Z</time></trkpt><trkpt lat="-16.060742" lon="-57.714385"><ele>117.569</ele><time>2026-05-05T16:21:58Z</time></trkpt><trkpt lat="-16.06087" lon="-57.714267"><ele>117.727</ele><time>2026-05-05T16:21:59Z</time></trkpt><trkpt lat="-16.060998" lon="-57.714154"><ele>117.775</ele><time>2026-05-05T16:22:00Z</time></trkpt><trkpt lat="-16.06113" lon="-57.714037"><ele>117.846</ele><time>2026-05-05T16:22:01Z</time></trkpt><trkpt lat="-16.06126" lon="-57.713922"><ele>118.039</ele><time>2026-05-05T16:22:02Z</time></trkpt><trkpt lat="-16.061388" lon="-57.713807"><ele>118.172</ele><time>2026-05-05T16:22:03Z</time></trkpt><trkpt lat="-16.061515" lon="-57.713697"><ele>118.189</ele><time>2026-05-05T16:22:04Z</time></trkpt><trkpt lat="-16.061645" lon="-57.713582"><ele>118.123</ele><time>2026-05-05T16:22:05Z</time></trkpt><trkpt lat="-16.061775" lon="-57.71347"><ele>117.841</ele><time>2026-05-05T16:22:06Z</time></trkpt><trkpt lat="-16.061905" lon="-57.71336"><ele>117.512</ele><time>2026-05-05T16:22:07Z</time></trkpt><trkpt lat="-16.062035" lon="-57.71325"><ele>117.331</ele><time>2026-05-05T16:22:08Z</time></trkpt><trkpt lat="-16.062165" lon="-57.713138"><ele>117.089</ele><time>2026-05-05T16:22:09Z</time></trkpt><trkpt lat="-16.062297" lon="-57.713025"><ele>116.454</ele><time>2026-05-05T16:22:10Z</time></trkpt><trkpt lat="-16.062427" lon="-57.712908"><ele>115.945</ele><time>2026-05-05T16:22:11Z</time></trkpt><trkpt lat="-16.062559" lon="-57.712796"><ele>115.517</ele><time>2026-05-05T16:22:12Z</time></trkpt><trkpt lat="-16.062684" lon="-57.712689"><ele>115.336</ele><time>2026-05-05T16:22:13Z</time></trkpt><trkpt lat="-16.062811" lon="-57.712579"><ele>115.375</ele><time>2026-05-05T16:22:14Z</time></trkpt><trkpt lat="-16.062941" lon="-57.712469"><ele>115.224</ele><time>2026-05-05T16:22:15Z</time></trkpt><trkpt lat="-16.063069" lon="-57.712357"><ele>115.159</ele><time>2026-05-05T16:22:16Z</time></trkpt><trkpt lat="-16.063192" lon="-57.712247"><ele>115.264</ele><time>2026-05-05T16:22:17Z</time></trkpt><trkpt lat="-16.063319" lon="-57.712137"><ele>115.483</ele><time>2026-05-05T16:22:18Z</time></trkpt><trkpt lat="-16.063446" lon="-57.71203"><ele>115.477</ele><time>2026-05-05T16:22:19Z</time></trkpt><trkpt lat="-16.063574" lon="-57.711922"><ele>115.271</ele><time>2026-05-05T16:22:20Z</time></trkpt><trkpt lat="-16.063701" lon="-57.711812"><ele>115.236</ele><time>2026-05-05T16:22:21Z</time></trkpt><trkpt lat="-16.063831" lon="-57.711699"><ele>115.249</ele><time>2026-05-05T16:22:22Z</time></trkpt><trkpt lat="-16.063961" lon="-57.711587"><ele>115.290</ele><time>2026-05-05T16:22:23Z</time></trkpt><trkpt lat="-16.064089" lon="-57.711477"><ele>115.216</ele><time>2026-05-05T16:22:24Z</time></trkpt><trkpt lat="-16.064216" lon="-57.711372"><ele>115.232</ele><time>2026-05-05T16:22:25Z</time></trkpt><trkpt lat="-16.064348" lon="-57.71126"><ele>115.395</ele><time>2026-05-05T16:22:26Z</time></trkpt><trkpt lat="-16.064478" lon="-57.711147"><ele>115.394</ele><time>2026-05-05T16:22:27Z</time></trkpt><trkpt lat="-16.064611" lon="-57.711032"><ele>115.367</ele><time>2026-05-05T16:22:28Z</time></trkpt><trkpt lat="-16.064746" lon="-57.710915"><ele>115.400</ele><time>2026-05-05T16:22:29Z</time></trkpt><trkpt lat="-16.064879" lon="-57.710802"><ele>115.413</ele><time>2026-05-05T16:22:30Z</time></trkpt><trkpt lat="-16.065007" lon="-57.710692"><ele>115.435</ele><time>2026-05-05T16:22:31Z</time></trkpt><trkpt lat="-16.065139" lon="-57.710579"><ele>115.412</ele><time>2026-05-05T16:22:32Z</time></trkpt><trkpt lat="-16.065272" lon="-57.710462"><ele>115.103</ele><time>2026-05-05T16:22:33Z</time></trkpt><trkpt lat="-16.065404" lon="-57.710347"><ele>114.652</ele><time>2026-05-05T16:22:34Z</time></trkpt><trkpt lat="-16.065534" lon="-57.710235"><ele>114.309</ele><time>2026-05-05T16:22:35Z</time></trkpt><trkpt lat="-16.065662" lon="-57.710123"><ele>114.329</ele><time>2026-05-05T16:22:36Z</time></trkpt><trkpt lat="-16.06579" lon="-57.710015"><ele>114.341</ele><time>2026-05-05T16:22:37Z</time></trkpt><trkpt lat="-16.065922" lon="-57.709903"><ele>114.320</ele><time>2026-05-05T16:22:38Z</time></trkpt><trkpt lat="-16.066054" lon="-57.709788"><ele>114.463</ele><time>2026-05-05T16:22:39Z</time></trkpt><trkpt lat="-16.066184" lon="-57.709673"><ele>114.559</ele><time>2026-05-05T16:22:40Z</time></trkpt><trkpt lat="-16.066314" lon="-57.709563"><ele>114.587</ele><time>2026-05-05T16:22:41Z</time></trkpt><trkpt lat="-16.066444" lon="-57.709453"><ele>114.462</ele><time>2026-05-05T16:22:42Z</time></trkpt><trkpt lat="-16.066572" lon="-57.70934"><ele>114.300</ele><time>2026-05-05T16:22:43Z</time></trkpt><trkpt lat="-16.066702" lon="-57.709227"><ele>114.174</ele><time>2026-05-05T16:22:44Z</time></trkpt><trkpt lat="-16.066832" lon="-57.709112"><ele>113.921</ele><time>2026-05-05T16:22:45Z</time></trkpt><trkpt lat="-16.066962" lon="-57.708997"><ele>113.759</ele><time>2026-05-05T16:22:46Z</time></trkpt><trkpt lat="-16.067092" lon="-57.708887"><ele>113.659</ele><time>2026-05-05T16:22:47Z</time></trkpt><trkpt lat="-16.067219" lon="-57.708777"><ele>113.584</ele><time>2026-05-05T16:22:48Z</time></trkpt><trkpt lat="-16.067347" lon="-57.708669"><ele>113.434</ele><time>2026-05-05T16:22:49Z</time></trkpt><trkpt lat="-16.067474" lon="-57.708559"><ele>113.274</ele><time>2026-05-05T16:22:50Z</time></trkpt><trkpt lat="-16.067601" lon="-57.708451"><ele>113.020</ele><time>2026-05-05T16:22:51Z</time></trkpt><trkpt lat="-16.067726" lon="-57.708343"><ele>112.834</ele><time>2026-05-05T16:22:52Z</time></trkpt><trkpt lat="-16.067853" lon="-57.708231"><ele>112.665</ele><time>2026-05-05T16:22:53Z</time></trkpt><trkpt lat="-16.06798" lon="-57.708123"><ele>112.599</ele><time>2026-05-05T16:22:54Z</time></trkpt><trkpt lat="-16.068107" lon="-57.708015"><ele>112.452</ele><time>2026-05-05T16:22:55Z</time></trkpt><trkpt lat="-16.068235" lon="-57.707902"><ele>111.920</ele><time>2026-05-05T16:22:56Z</time></trkpt><trkpt lat="-16.068363" lon="-57.707794"><ele>111.436</ele><time>2026-05-05T16:22:57Z</time></trkpt><trkpt lat="-16.068486" lon="-57.707689"><ele>111.395</ele><time>2026-05-05T16:22:58Z</time></trkpt><trkpt lat="-16.068609" lon="-57.707581"><ele>111.337</ele><time>2026-05-05T16:22:59Z</time></trkpt><trkpt lat="-16.068736" lon="-57.707473"><ele>111.250</ele><time>2026-05-05T16:23:00Z</time></trkpt><trkpt lat="-16.068864" lon="-57.707363"><ele>111.145</ele><time>2026-05-05T16:23:01Z</time></trkpt><trkpt lat="-16.068992" lon="-57.707253"><ele>111.008</ele><time>2026-05-05T16:23:02Z</time></trkpt><trkpt lat="-16.06912" lon="-57.70714"><ele>110.998</ele><time>2026-05-05T16:23:03Z</time></trkpt><trkpt lat="-16.069252" lon="-57.707025"><ele>110.927</ele><time>2026-05-05T16:23:04Z</time></trkpt><trkpt lat="-16.069385" lon="-57.706912"><ele>111.070</ele><time>2026-05-05T16:23:05Z</time></trkpt><trkpt lat="-16.069515" lon="-57.7068"><ele>111.217</ele><time>2026-05-05T16:23:06Z</time></trkpt><trkpt lat="-16.069647" lon="-57.706687"><ele>111.377</ele><time>2026-05-05T16:23:07Z</time></trkpt><trkpt lat="-16.069779" lon="-57.706579"><ele>111.413</ele><time>2026-05-05T16:23:08Z</time></trkpt><trkpt lat="-16.069904" lon="-57.706472"><ele>111.637</ele><time>2026-05-05T16:23:09Z</time></trkpt><trkpt lat="-16.070037" lon="-57.706359"><ele>111.782</ele><time>2026-05-05T16:23:10Z</time></trkpt><trkpt lat="-16.070174" lon="-57.706239"><ele>111.849</ele><time>2026-05-05T16:23:11Z</time></trkpt><trkpt lat="-16.070307" lon="-57.706121"><ele>111.915</ele><time>2026-05-05T16:23:12Z</time></trkpt><trkpt lat="-16.070437" lon="-57.706006"><ele>111.981</ele><time>2026-05-05T16:23:13Z</time></trkpt><trkpt lat="-16.070565" lon="-57.705896"><ele>111.860</ele><time>2026-05-05T16:23:14Z</time></trkpt><trkpt lat="-16.070695" lon="-57.705786"><ele>111.728</ele><time>2026-05-05T16:23:15Z</time></trkpt><trkpt lat="-16.070823" lon="-57.705681"><ele>111.645</ele><time>2026-05-05T16:23:16Z</time></trkpt><trkpt lat="-16.070955" lon="-57.705571"><ele>111.645</ele><time>2026-05-05T16:23:17Z</time></trkpt><trkpt lat="-16.071085" lon="-57.705464"><ele>111.928</ele><time>2026-05-05T16:23:18Z</time></trkpt><trkpt lat="-16.071215" lon="-57.705359"><ele>112.063</ele><time>2026-05-05T16:23:19Z</time></trkpt><trkpt lat="-16.071348" lon="-57.705256"><ele>111.722</ele><time>2026-05-05T16:23:20Z</time></trkpt><trkpt lat="-16.071481" lon="-57.705159"><ele>111.403</ele><time>2026-05-05T16:23:21Z</time></trkpt><trkpt lat="-16.071614" lon="-57.705061"><ele>111.199</ele><time>2026-05-05T16:23:22Z</time></trkpt><trkpt lat="-16.071752" lon="-57.704963"><ele>110.982</ele><time>2026-05-05T16:23:23Z</time></trkpt><trkpt lat="-16.07189" lon="-57.704866"><ele>110.825</ele><time>2026-05-05T16:23:24Z</time></trkpt><trkpt lat="-16.07203" lon="-57.704768"><ele>110.790</ele><time>2026-05-05T16:23:25Z</time></trkpt><trkpt lat="-16.07217" lon="-57.704673"><ele>110.742</ele><time>2026-05-05T16:23:26Z</time></trkpt><trkpt lat="-16.072313" lon="-57.704575"><ele>111.044</ele><time>2026-05-05T16:23:27Z</time></trkpt><trkpt lat="-16.072455" lon="-57.704485"><ele>111.573</ele><time>2026-05-05T16:23:28Z</time></trkpt><trkpt lat="-16.072597" lon="-57.704393"><ele>111.997</ele><time>2026-05-05T16:23:29Z</time></trkpt><trkpt lat="-16.07274" lon="-57.704303"><ele>112.327</ele><time>2026-05-05T16:23:30Z</time></trkpt><trkpt lat="-16.072883" lon="-57.704216"><ele>112.750</ele><time>2026-05-05T16:23:31Z</time></trkpt><trkpt lat="-16.07303" lon="-57.704133"><ele>113.041</ele><time>2026-05-05T16:23:32Z</time></trkpt><trkpt lat="-16.073188" lon="-57.704031"><ele>113.695</ele><time>2026-05-05T16:23:33Z</time></trkpt><trkpt lat="-16.073335" lon="-57.703944"><ele>114.324</ele><time>2026-05-05T16:23:34Z</time></trkpt><trkpt lat="-16.073478" lon="-57.703864"><ele>114.852</ele><time>2026-05-05T16:23:35Z</time></trkpt><trkpt lat="-16.073618" lon="-57.703782"><ele>115.409</ele><time>2026-05-05T16:23:36Z</time></trkpt><trkpt lat="-16.073755" lon="-57.703702"><ele>116.083</ele><time>2026-05-05T16:23:37Z</time></trkpt><trkpt lat="-16.0739" lon="-57.703615"><ele>116.603</ele><time>2026-05-05T16:23:38Z</time></trkpt><trkpt lat="-16.074033" lon="-57.70354"><ele>117.224</ele><time>2026-05-05T16:23:39Z</time></trkpt><trkpt lat="-16.074161" lon="-57.703467"><ele>118.091</ele><time>2026-05-05T16:23:40Z</time></trkpt><trkpt lat="-16.074288" lon="-57.7034"><ele>118.872</ele><time>2026-05-05T16:23:41Z</time></trkpt><trkpt lat="-16.074415" lon="-57.703327"><ele>119.595</ele><time>2026-05-05T16:23:42Z</time></trkpt><trkpt lat="-16.074542" lon="-57.703257"><ele>120.264</ele><time>2026-05-05T16:23:43Z</time></trkpt><trkpt lat="-16.074665" lon="-57.703187"><ele>120.983</ele><time>2026-05-05T16:23:44Z</time></trkpt><trkpt lat="-16.074788" lon="-57.703114"><ele>121.467</ele><time>2026-05-05T16:23:45Z</time></trkpt><trkpt lat="-16.074906" lon="-57.703049"><ele>121.951</ele><time>2026-05-05T16:23:46Z</time></trkpt><trkpt lat="-16.075029" lon="-57.702979"><ele>122.260</ele><time>2026-05-05T16:23:47Z</time></trkpt><trkpt lat="-16.075151" lon="-57.702909"><ele>122.130</ele><time>2026-05-05T16:23:48Z</time></trkpt><trkpt lat="-16.075274" lon="-57.702836"><ele>122.098</ele><time>2026-05-05T16:23:49Z</time></trkpt><trkpt lat="-16.075401" lon="-57.702758"><ele>121.853</ele><time>2026-05-05T16:23:50Z</time></trkpt><trkpt lat="-16.075524" lon="-57.702683"><ele>121.493</ele><time>2026-05-05T16:23:51Z</time></trkpt><trkpt lat="-16.075644" lon="-57.702615"><ele>121.037</ele><time>2026-05-05T16:23:52Z</time></trkpt><trkpt lat="-16.075762" lon="-57.702547"><ele>120.897</ele><time>2026-05-05T16:23:53Z</time></trkpt><trkpt lat="-16.075882" lon="-57.702482"><ele>120.635</ele><time>2026-05-05T16:23:54Z</time></trkpt><trkpt lat="-16.076005" lon="-57.70241"><ele>120.097</ele><time>2026-05-05T16:23:55Z</time></trkpt><trkpt lat="-16.076125" lon="-57.702343"><ele>119.358</ele><time>2026-05-05T16:23:56Z</time></trkpt><trkpt lat="-16.07624" lon="-57.702275"><ele>119.080</ele><time>2026-05-05T16:23:57Z</time></trkpt><trkpt lat="-16.076352" lon="-57.70221"><ele>118.970</ele><time>2026-05-05T16:23:58Z</time></trkpt><trkpt lat="-16.076464" lon="-57.702147"><ele>118.298</ele><time>2026-05-05T16:23:59Z</time></trkpt><trkpt lat="-16.076574" lon="-57.702084"><ele>118.055</ele><time>2026-05-05T16:24:00Z</time></trkpt><trkpt lat="-16.076681" lon="-57.702024"><ele>117.843</ele><time>2026-05-05T16:24:01Z</time></trkpt><trkpt lat="-16.076786" lon="-57.701964"><ele>117.678</ele><time>2026-05-05T16:24:02Z</time></trkpt><trkpt lat="-16.076896" lon="-57.701889"><ele>117.550</ele><time>2026-05-05T16:24:03Z</time></trkpt><trkpt lat="-16.076993" lon="-57.701832"><ele>117.376</ele><time>2026-05-05T16:24:04Z</time></trkpt><trkpt lat="-16.077078" lon="-57.701782"><ele>117.263</ele><time>2026-05-05T16:24:05Z</time></trkpt><trkpt lat="-16.077161" lon="-57.70173"><ele>117.063</ele><time>2026-05-05T16:24:06Z</time></trkpt><trkpt lat="-16.077239" lon="-57.701685"><ele>116.873</ele><time>2026-05-05T16:24:07Z</time></trkpt><trkpt lat="-16.077309" lon="-57.701645"><ele>116.621</ele><time>2026-05-05T16:24:08Z</time></trkpt><trkpt lat="-16.077369" lon="-57.70161"><ele>116.562</ele><time>2026-05-05T16:24:09Z</time></trkpt><trkpt lat="-16.077422" lon="-57.701582"><ele>116.381</ele><time>2026-05-05T16:24:10Z</time></trkpt><trkpt lat="-16.077464" lon="-57.701559"><ele>116.355</ele><time>2026-05-05T16:24:11Z</time></trkpt><trkpt lat="-16.077521" lon="-57.701534"><ele>116.409</ele><time>2026-05-05T16:24:13Z</time></trkpt><trkpt lat="-16.077596" lon="-57.701526"><ele>116.614</ele><time>2026-05-05T16:24:15Z</time></trkpt><trkpt lat="-16.077673" lon="-57.701533"><ele>116.892</ele><time>2026-05-05T16:24:17Z</time></trkpt><trkpt lat="-16.077758" lon="-57.701543"><ele>117.118</ele><time>2026-05-05T16:24:19Z</time></trkpt><trkpt lat="-16.077808" lon="-57.701538"><ele>117.241</ele><time>2026-05-05T16:24:20Z</time></trkpt><trkpt lat="-16.077856" lon="-57.701526"><ele>117.347</ele><time>2026-05-05T16:24:21Z</time></trkpt><trkpt lat="-16.077904" lon="-57.701508"><ele>117.348</ele><time>2026-05-05T16:24:22Z</time></trkpt><trkpt lat="-16.077946" lon="-57.701485"><ele>117.381</ele><time>2026-05-05T16:24:23Z</time></trkpt><trkpt lat="-16.078014" lon="-57.70144"><ele>117.316</ele><time>2026-05-05T16:24:25Z</time></trkpt><trkpt lat="-16.078071" lon="-57.701402"><ele>116.990</ele><time>2026-05-05T16:24:27Z</time></trkpt><trkpt lat="-16.078136" lon="-57.701367"><ele>116.898</ele><time>2026-05-05T16:24:29Z</time></trkpt><trkpt lat="-16.078179" lon="-57.701349"><ele>116.823</ele><time>2026-05-05T16:24:30Z</time></trkpt><trkpt lat="-16.078227" lon="-57.701324"><ele>116.879</ele><time>2026-05-05T16:24:31Z</time></trkpt><trkpt lat="-16.078282" lon="-57.701296"><ele>116.807</ele><time>2026-05-05T16:24:32Z</time></trkpt><trkpt lat="-16.078344" lon="-57.701261"><ele>116.885</ele><time>2026-05-05T16:24:33Z</time></trkpt><trkpt lat="-16.078404" lon="-57.701224"><ele>116.877</ele><time>2026-05-05T16:24:34Z</time></trkpt><trkpt lat="-16.078466" lon="-57.701189"><ele>116.714</ele><time>2026-05-05T16:24:35Z</time></trkpt><trkpt lat="-16.078529" lon="-57.701152"><ele>116.503</ele><time>2026-05-05T16:24:36Z</time></trkpt><trkpt lat="-16.078602" lon="-57.701107"><ele>116.563</ele><time>2026-05-05T16:24:37Z</time></trkpt><trkpt lat="-16.07868" lon="-57.701055"><ele>116.582</ele><time>2026-05-05T16:24:38Z</time></trkpt><trkpt lat="-16.078767" lon="-57.701"><ele>116.643</ele><time>2026-05-05T16:24:39Z</time></trkpt><trkpt lat="-16.078859" lon="-57.700945"><ele>116.851</ele><time>2026-05-05T16:24:40Z</time></trkpt><trkpt lat="-16.078952" lon="-57.70089"><ele>117.122</ele><time>2026-05-05T16:24:41Z</time></trkpt><trkpt lat="-16.079047" lon="-57.700837"><ele>117.248</ele><time>2026-05-05T16:24:42Z</time></trkpt><trkpt lat="-16.079142" lon="-57.700785"><ele>117.395</ele><time>2026-05-05T16:24:43Z</time></trkpt><trkpt lat="-16.079239" lon="-57.700728"><ele>117.232</ele><time>2026-05-05T16:24:44Z</time></trkpt><trkpt lat="-16.079339" lon="-57.700671"><ele>117.367</ele><time>2026-05-05T16:24:45Z</time></trkpt><trkpt lat="-16.079442" lon="-57.700613"><ele>117.441</ele><time>2026-05-05T16:24:46Z</time></trkpt><trkpt lat="-16.079544" lon="-57.70055"><ele>117.443</ele><time>2026-05-05T16:24:47Z</time></trkpt><trkpt lat="-16.079646" lon="-57.700485"><ele>117.344</ele><time>2026-05-05T16:24:48Z</time></trkpt><trkpt lat="-16.079748" lon="-57.700422"><ele>117.084</ele><time>2026-05-05T16:24:49Z</time></trkpt><trkpt lat="-16.079848" lon="-57.700364"><ele>116.942</ele><time>2026-05-05T16:24:50Z</time></trkpt><trkpt lat="-16.07995" lon="-57.700306"><ele>116.952</ele><time>2026-05-05T16:24:51Z</time></trkpt><trkpt lat="-16.080052" lon="-57.700248"><ele>117.039</ele><time>2026-05-05T16:24:52Z</time></trkpt><trkpt lat="-16.080152" lon="-57.700193"><ele>117.035</ele><time>2026-05-05T16:24:53Z</time></trkpt><trkpt lat="-16.080254" lon="-57.700133"><ele>117.001</ele><time>2026-05-05T16:24:54Z</time></trkpt><trkpt lat="-16.080356" lon="-57.700071"><ele>117.099</ele><time>2026-05-05T16:24:55Z</time></trkpt><trkpt lat="-16.080458" lon="-57.700016"><ele>117.059</ele><time>2026-05-05T16:24:56Z</time></trkpt><trkpt lat="-16.080556" lon="-57.699959"><ele>116.962</ele><time>2026-05-05T16:24:57Z</time></trkpt><trkpt lat="-16.080656" lon="-57.699899"><ele>116.806</ele><time>2026-05-05T16:24:58Z</time></trkpt><trkpt lat="-16.080756" lon="-57.699839"><ele>116.853</ele><time>2026-05-05T16:24:59Z</time></trkpt><trkpt lat="-16.080853" lon="-57.699782"><ele>116.806</ele><time>2026-05-05T16:25:00Z</time></trkpt><trkpt lat="-16.080948" lon="-57.699729"><ele>116.816</ele><time>2026-05-05T16:25:01Z</time></trkpt><trkpt lat="-16.081043" lon="-57.699669"><ele>116.638</ele><time>2026-05-05T16:25:02Z</time></trkpt><trkpt lat="-16.081141" lon="-57.699611"><ele>116.406</ele><time>2026-05-05T16:25:03Z</time></trkpt><trkpt lat="-16.081234" lon="-57.699558"><ele>116.233</ele><time>2026-05-05T16:25:04Z</time></trkpt><trkpt lat="-16.081326" lon="-57.699508"><ele>115.770</ele><time>2026-05-05T16:25:05Z</time></trkpt><trkpt lat="-16.081413" lon="-57.699458"><ele>115.775</ele><time>2026-05-05T16:25:06Z</time></trkpt><trkpt lat="-16.081495" lon="-57.69941"><ele>115.721</ele><time>2026-05-05T16:25:07Z</time></trkpt><trkpt lat="-16.081572" lon="-57.699368"><ele>115.683</ele><time>2026-05-05T16:25:08Z</time></trkpt><trkpt lat="-16.081644" lon="-57.699325"><ele>115.630</ele><time>2026-05-05T16:25:09Z</time></trkpt><trkpt lat="-16.081707" lon="-57.699288"><ele>115.660</ele><time>2026-05-05T16:25:10Z</time></trkpt><trkpt lat="-16.081752" lon="-57.69926"><ele>115.697</ele><time>2026-05-05T16:25:11Z</time></trkpt><trkpt lat="-16.081795" lon="-57.699238"><ele>115.416</ele><time>2026-05-05T16:25:13Z</time></trkpt><trkpt lat="-16.081843" lon="-57.699196"><ele>114.848</ele><time>2026-05-05T16:25:15Z</time></trkpt><trkpt lat="-16.081898" lon="-57.699161"><ele>114.685</ele><time>2026-05-05T16:25:17Z</time></trkpt><trkpt lat="-16.081966" lon="-57.699144"><ele>114.190</ele><time>2026-05-05T16:25:19Z</time></trkpt><trkpt lat="-16.082026" lon="-57.699177"><ele>114.092</ele><time>2026-05-05T16:25:21Z</time></trkpt><trkpt lat="-16.082051" lon="-57.69924"><ele>113.938</ele><time>2026-05-05T16:25:23Z</time></trkpt><trkpt lat="-16.082068" lon="-57.699302"><ele>113.765</ele><time>2026-05-05T16:25:25Z</time></trkpt><trkpt lat="-16.082088" lon="-57.699385"><ele>113.492</ele><time>2026-05-05T16:25:27Z</time></trkpt><trkpt lat="-16.082103" lon="-57.699438"><ele>113.200</ele><time>2026-05-05T16:25:28Z</time></trkpt><trkpt lat="-16.082128" lon="-57.699493"><ele>112.904</ele><time>2026-05-05T16:25:29Z</time></trkpt><trkpt lat="-16.082153" lon="-57.69955"><ele>112.404</ele><time>2026-05-05T16:25:30Z</time></trkpt><trkpt lat="-16.082176" lon="-57.69961"><ele>112.220</ele><time>2026-05-05T16:25:31Z</time></trkpt><trkpt lat="-16.082191" lon="-57.699668"><ele>111.759</ele><time>2026-05-05T16:25:32Z</time></trkpt><trkpt lat="-16.082194" lon="-57.699721"><ele>111.470</ele><time>2026-05-05T16:25:33Z</time></trkpt><trkpt lat="-16.082179" lon="-57.699783"><ele>111.364</ele><time>2026-05-05T16:25:34Z</time></trkpt><trkpt lat="-16.082156" lon="-57.69983"><ele>111.021</ele><time>2026-05-05T16:25:35Z</time></trkpt><trkpt lat="-16.082116" lon="-57.699875"><ele>110.778</ele><time>2026-05-05T16:25:36Z</time></trkpt><trkpt lat="-16.082071" lon="-57.699905"><ele>110.626</ele><time>2026-05-05T16:25:37Z</time></trkpt><trkpt lat="-16.082006" lon="-57.69994"><ele>110.460</ele><time>2026-05-05T16:25:38Z</time></trkpt><trkpt lat="-16.081934" lon="-57.699973"><ele>110.447</ele><time>2026-05-05T16:25:39Z</time></trkpt><trkpt lat="-16.081872" lon="-57.700005"><ele>110.138</ele><time>2026-05-05T16:25:40Z</time></trkpt><trkpt lat="-16.081805" lon="-57.70004"><ele>110.129</ele><time>2026-05-05T16:25:41Z</time></trkpt><trkpt lat="-16.08174" lon="-57.700077"><ele>110.146</ele><time>2026-05-05T16:25:42Z</time></trkpt><trkpt lat="-16.081668" lon="-57.700115"><ele>110.166</ele><time>2026-05-05T16:25:43Z</time></trkpt><trkpt lat="-16.081605" lon="-57.700148"><ele>110.092</ele><time>2026-05-05T16:25:44Z</time></trkpt><trkpt lat="-16.081547" lon="-57.700175"><ele>109.874</ele><time>2026-05-05T16:25:45Z</time></trkpt><trkpt lat="-16.081499" lon="-57.700202"><ele>109.738</ele><time>2026-05-05T16:25:46Z</time></trkpt><trkpt lat="-16.081461" lon="-57.700234"><ele>109.715</ele><time>2026-05-05T16:25:47Z</time></trkpt><trkpt lat="-16.081429" lon="-57.700276"><ele>109.711</ele><time>2026-05-05T16:25:48Z</time></trkpt><trkpt lat="-16.081404" lon="-57.700324"><ele>109.717</ele><time>2026-05-05T16:25:49Z</time></trkpt><trkpt lat="-16.081392" lon="-57.700374"><ele>109.748</ele><time>2026-05-05T16:25:50Z</time></trkpt><trkpt lat="-16.08138" lon="-57.700429"><ele>109.767</ele><time>2026-05-05T16:25:51Z</time></trkpt><trkpt lat="-16.081375" lon="-57.700484"><ele>109.822</ele><time>2026-05-05T16:25:52Z</time></trkpt><trkpt lat="-16.081368" lon="-57.700539"><ele>109.811</ele><time>2026-05-05T16:25:53Z</time></trkpt><trkpt lat="-16.08136" lon="-57.700604"><ele>109.949</ele><time>2026-05-05T16:25:54Z</time></trkpt><trkpt lat="-16.081348" lon="-57.700684"><ele>110.825</ele><time>2026-05-05T16:25:55Z</time></trkpt><trkpt lat="-16.081333" lon="-57.700766"><ele>111.389</ele><time>2026-05-05T16:25:56Z</time></trkpt><trkpt lat="-16.081326" lon="-57.700846"><ele>111.751</ele><time>2026-05-05T16:25:57Z</time></trkpt><trkpt lat="-16.081318" lon="-57.700928"><ele>112.195</ele><time>2026-05-05T16:25:58Z</time></trkpt><trkpt lat="-16.081306" lon="-57.701006"><ele>112.623</ele><time>2026-05-05T16:25:59Z</time></trkpt><trkpt lat="-16.081294" lon="-57.701091"><ele>112.878</ele><time>2026-05-05T16:26:00Z</time></trkpt><trkpt lat="-16.081281" lon="-57.701169"><ele>112.817</ele><time>2026-05-05T16:26:01Z</time></trkpt><trkpt lat="-16.081271" lon="-57.701242"><ele>112.706</ele><time>2026-05-05T16:26:02Z</time></trkpt><trkpt lat="-16.081263" lon="-57.70131"><ele>112.589</ele><time>2026-05-05T16:26:03Z</time></trkpt><trkpt lat="-16.081256" lon="-57.701375"><ele>112.561</ele><time>2026-05-05T16:26:04Z</time></trkpt><trkpt lat="-16.081251" lon="-57.701437"><ele>112.547</ele><time>2026-05-05T16:26:05Z</time></trkpt><trkpt lat="-16.081243" lon="-57.701495"><ele>112.598</ele><time>2026-05-05T16:26:06Z</time></trkpt><trkpt lat="-16.081236" lon="-57.701545"><ele>113.146</ele><time>2026-05-05T16:26:07Z</time></trkpt><trkpt lat="-16.081224" lon="-57.701617"><ele>113.265</ele><time>2026-05-05T16:26:09Z</time></trkpt><trkpt lat="-16.081204" lon="-57.701665"><ele>113.716</ele><time>2026-05-05T16:26:12Z</time></trkpt><trkpt lat="-16.081171" lon="-57.701615"><ele>103.010</ele><time>2026-05-05T16:27:11Z</time></trkpt><trkpt lat="-16.081184" lon="-57.701678"><ele>103.003</ele><time>2026-05-05T16:27:13Z</time></trkpt><trkpt lat="-16.081187" lon="-57.701748"><ele>103.050</ele><time>2026-05-05T16:27:15Z</time></trkpt><trkpt lat="-16.081172" lon="-57.701815"><ele>103.191</ele><time>2026-05-05T16:27:17Z</time></trkpt><trkpt lat="-16.081155" lon="-57.70187"><ele>103.188</ele><time>2026-05-05T16:27:19Z</time></trkpt><trkpt lat="-16.081157" lon="-57.701922"><ele>101.770</ele><time>2026-05-05T16:27:21Z</time></trkpt><trkpt lat="-16.081172" lon="-57.701972"><ele>101.803</ele><time>2026-05-05T16:27:23Z</time></trkpt><trkpt lat="-16.081162" lon="-57.702024"><ele>101.968</ele><time>2026-05-05T16:27:25Z</time></trkpt><trkpt lat="-16.081164" lon="-57.702091"><ele>103.207</ele><time>2026-05-05T16:27:28Z</time></trkpt><trkpt lat="-16.081167" lon="-57.702144"><ele>104.356</ele><time>2026-05-05T16:27:30Z</time></trkpt><trkpt lat="-16.081204" lon="-57.702201"><ele>106.040</ele><time>2026-05-05T16:27:33Z</time></trkpt><trkpt lat="-16.081257" lon="-57.702229"><ele>107.362</ele><time>2026-05-05T16:27:36Z</time></trkpt><trkpt lat="-16.081312" lon="-57.702231"><ele>108.858</ele><time>2026-05-05T16:27:38Z</time></trkpt><trkpt lat="-16.081389" lon="-57.702234"><ele>110.547</ele><time>2026-05-05T16:27:40Z</time></trkpt><trkpt lat="-16.081461" lon="-57.702241"><ele>111.810</ele><time>2026-05-05T16:27:42Z</time></trkpt><trkpt lat="-16.081541" lon="-57.702243"><ele>112.705</ele><time>2026-05-05T16:27:44Z</time></trkpt><trkpt lat="-16.081614" lon="-57.702246"><ele>113.747</ele><time>2026-05-05T16:27:46Z</time></trkpt><trkpt lat="-16.081692" lon="-57.702269"><ele>114.976</ele><time>2026-05-05T16:27:48Z</time></trkpt><trkpt lat="-16.081737" lon="-57.702272"><ele>115.312</ele><time>2026-05-05T16:27:49Z</time></trkpt><trkpt lat="-16.081817" lon="-57.70228"><ele>115.455</ele><time>2026-05-05T16:27:51Z</time></trkpt><trkpt lat="-16.081892" lon="-57.702292"><ele>115.440</ele><time>2026-05-05T16:27:53Z</time></trkpt><trkpt lat="-16.08196" lon="-57.702309"><ele>114.773</ele><time>2026-05-05T16:27:55Z</time></trkpt><trkpt lat="-16.082028" lon="-57.702322"><ele>114.335</ele><time>2026-05-05T16:27:57Z</time></trkpt><trkpt lat="-16.082083" lon="-57.702319"><ele>113.854</ele><time>2026-05-05T16:27:59Z</time></trkpt><trkpt lat="-16.08213" lon="-57.702274"><ele>112.639</ele><time>2026-05-05T16:28:02Z</time></trkpt><trkpt lat="-16.082143" lon="-57.702217"><ele>112.035</ele><time>2026-05-05T16:28:04Z</time></trkpt><trkpt lat="-16.082156" lon="-57.702149"><ele>111.670</ele><time>2026-05-05T16:28:06Z</time></trkpt><trkpt lat="-16.082178" lon="-57.702079"><ele>110.784</ele><time>2026-05-05T16:28:08Z</time></trkpt><trkpt lat="-16.08219" lon="-57.702006"><ele>109.709</ele><time>2026-05-05T16:28:10Z</time></trkpt><trkpt lat="-16.08219" lon="-57.701931"><ele>108.550</ele><time>2026-05-05T16:28:12Z</time></trkpt><trkpt lat="-16.08219" lon="-57.701881"><ele>108.055</ele><time>2026-05-05T16:28:14Z</time></trkpt><trkpt lat="-16.08219" lon="-57.701833"><ele>107.852</ele><time>2026-05-05T16:28:16Z</time></trkpt><trkpt lat="-16.0822" lon="-57.701761"><ele>107.505</ele><time>2026-05-05T16:28:18Z</time></trkpt><trkpt lat="-16.082207" lon="-57.701686"><ele>107.174</ele><time>2026-05-05T16:28:20Z</time></trkpt><trkpt lat="-16.082212" lon="-57.701598"><ele>107.101</ele><time>2026-05-05T16:28:22Z</time></trkpt><trkpt lat="-16.082222" lon="-57.701518"><ele>107.425</ele><time>2026-05-05T16:28:24Z</time></trkpt><trkpt lat="-16.08223" lon="-57.701431"><ele>107.618</ele><time>2026-05-05T16:28:26Z</time></trkpt><trkpt lat="-16.082247" lon="-57.701361"><ele>108.126</ele><time>2026-05-05T16:28:28Z</time></trkpt><trkpt lat="-16.082265" lon="-57.701271"><ele>108.358</ele><time>2026-05-05T16:28:30Z</time></trkpt><trkpt lat="-16.08229" lon="-57.701166"><ele>108.365</ele><time>2026-05-05T16:28:32Z</time></trkpt><trkpt lat="-16.082313" lon="-57.701086"><ele>108.090</ele><time>2026-05-05T16:28:34Z</time></trkpt><trkpt lat="-16.082321" lon="-57.700988"><ele>107.772</ele><time>2026-05-05T16:28:36Z</time></trkpt><trkpt lat="-16.082324" lon="-57.700936"><ele>107.782</ele><time>2026-05-05T16:28:37Z</time></trkpt><trkpt lat="-16.082336" lon="-57.700851"><ele>107.844</ele><time>2026-05-05T16:28:39Z</time></trkpt><trkpt lat="-16.082363" lon="-57.700786"><ele>108.135</ele><time>2026-05-05T16:28:41Z</time></trkpt><trkpt lat="-16.082406" lon="-57.700733"><ele>108.085</ele><time>2026-05-05T16:28:43Z</time></trkpt><trkpt lat="-16.082423" lon="-57.700668"><ele>107.787</ele><time>2026-05-05T16:28:45Z</time></trkpt><trkpt lat="-16.08243" lon="-57.70059"><ele>107.531</ele><time>2026-05-05T16:28:47Z</time></trkpt><trkpt lat="-16.082428" lon="-57.700525"><ele>107.203</ele><time>2026-05-05T16:28:50Z</time></trkpt><trkpt lat="-16.08242" lon="-57.700465"><ele>106.483</ele><time>2026-05-05T16:28:52Z</time></trkpt><trkpt lat="-16.082425" lon="-57.700378"><ele>106.589</ele><time>2026-05-05T16:28:54Z</time></trkpt><trkpt lat="-16.082433" lon="-57.700281"><ele>106.572</ele><time>2026-05-05T16:28:56Z</time></trkpt><trkpt lat="-16.082443" lon="-57.700218"><ele>106.517</ele><time>2026-05-05T16:28:57Z</time></trkpt><trkpt lat="-16.082451" lon="-57.700155"><ele>106.637</ele><time>2026-05-05T16:28:58Z</time></trkpt><trkpt lat="-16.082464" lon="-57.700085"><ele>106.673</ele><time>2026-05-05T16:28:59Z</time></trkpt><trkpt lat="-16.082476" lon="-57.70001"><ele>106.748</ele><time>2026-05-05T16:29:00Z</time></trkpt><trkpt lat="-16.082481" lon="-57.699942"><ele>106.772</ele><time>2026-05-05T16:29:01Z</time></trkpt><trkpt lat="-16.082478" lon="-57.69988"><ele>106.734</ele><time>2026-05-05T16:29:02Z</time></trkpt><trkpt lat="-16.082466" lon="-57.69981"><ele>107.194</ele><time>2026-05-05T16:29:03Z</time></trkpt><trkpt lat="-16.082453" lon="-57.699752"><ele>107.836</ele><time>2026-05-05T16:29:04Z</time></trkpt><trkpt lat="-16.082435" lon="-57.699695"><ele>108.656</ele><time>2026-05-05T16:29:05Z</time></trkpt><trkpt lat="-16.08242" lon="-57.699648"><ele>109.194</ele><time>2026-05-05T16:29:06Z</time></trkpt><trkpt lat="-16.082377" lon="-57.699568"><ele>109.964</ele><time>2026-05-05T16:29:08Z</time></trkpt><trkpt lat="-16.082342" lon="-57.699536"><ele>110.169</ele><time>2026-05-05T16:29:09Z</time></trkpt><trkpt lat="-16.082302" lon="-57.699508"><ele>110.368</ele><time>2026-05-05T16:29:10Z</time></trkpt><trkpt lat="-16.082252" lon="-57.699486"><ele>110.722</ele><time>2026-05-05T16:29:11Z</time></trkpt><trkpt lat="-16.082199" lon="-57.699461"><ele>110.976</ele><time>2026-05-05T16:29:12Z</time></trkpt><trkpt lat="-16.082146" lon="-57.699439"><ele>111.167</ele><time>2026-05-05T16:29:13Z</time></trkpt><trkpt lat="-16.082093" lon="-57.699411"><ele>111.385</ele><time>2026-05-05T16:29:14Z</time></trkpt><trkpt lat="-16.082036" lon="-57.699383"><ele>111.747</ele><time>2026-05-05T16:29:15Z</time></trkpt><trkpt lat="-16.081963" lon="-57.699336"><ele>112.497</ele><time>2026-05-05T16:29:17Z</time></trkpt><trkpt lat="-16.081913" lon="-57.699289"><ele>113.193</ele><time>2026-05-05T16:29:19Z</time></trkpt><trkpt lat="-16.081905" lon="-57.699227"><ele>113.426</ele><time>2026-05-05T16:29:21Z</time></trkpt><trkpt lat="-16.081902" lon="-57.69916"><ele>113.783</ele><time>2026-05-05T16:29:23Z</time></trkpt><trkpt lat="-16.081929" lon="-57.69909"><ele>113.993</ele><time>2026-05-05T16:29:25Z</time></trkpt><trkpt lat="-16.081979" lon="-57.69906"><ele>114.063</ele><time>2026-05-05T16:29:27Z</time></trkpt><trkpt lat="-16.082051" lon="-57.699033"><ele>113.973</ele><time>2026-05-05T16:29:29Z</time></trkpt><trkpt lat="-16.082114" lon="-57.699003"><ele>113.940</ele><time>2026-05-05T16:29:31Z</time></trkpt><trkpt lat="-16.082162" lon="-57.698975"><ele>113.841</ele><time>2026-05-05T16:29:32Z</time></trkpt><trkpt lat="-16.082205" lon="-57.698957"><ele>113.740</ele><time>2026-05-05T16:29:33Z</time></trkpt><trkpt lat="-16.082257" lon="-57.698935"><ele>113.770</ele><time>2026-05-05T16:29:34Z</time></trkpt><trkpt lat="-16.082307" lon="-57.698908"><ele>113.741</ele><time>2026-05-05T16:29:35Z</time></trkpt><trkpt lat="-16.08237" lon="-57.698873"><ele>113.780</ele><time>2026-05-05T16:29:36Z</time></trkpt><trkpt lat="-16.08243" lon="-57.69884"><ele>113.768</ele><time>2026-05-05T16:29:37Z</time></trkpt><trkpt lat="-16.082498" lon="-57.698803"><ele>113.508</ele><time>2026-05-05T16:29:38Z</time></trkpt><trkpt lat="-16.082565" lon="-57.698765"><ele>113.379</ele><time>2026-05-05T16:29:39Z</time></trkpt><trkpt lat="-16.082637" lon="-57.698727"><ele>113.086</ele><time>2026-05-05T16:29:40Z</time></trkpt><trkpt lat="-16.082709" lon="-57.698687"><ele>112.586</ele><time>2026-05-05T16:29:41Z</time></trkpt><trkpt lat="-16.082779" lon="-57.698647"><ele>112.020</ele><time>2026-05-05T16:29:42Z</time></trkpt><trkpt lat="-16.082854" lon="-57.698602"><ele>111.805</ele><time>2026-05-05T16:29:43Z</time></trkpt><trkpt lat="-16.082956" lon="-57.698544"><ele>111.645</ele><time>2026-05-05T16:29:44Z</time></trkpt><trkpt lat="-16.083058" lon="-57.698484"><ele>111.011</ele><time>2026-05-05T16:29:45Z</time></trkpt><trkpt lat="-16.083155" lon="-57.698429"><ele>110.479</ele><time>2026-05-05T16:29:46Z</time></trkpt><trkpt lat="-16.083247" lon="-57.698381"><ele>110.169</ele><time>2026-05-05T16:29:47Z</time></trkpt><trkpt lat="-16.083339" lon="-57.698329"><ele>110.092</ele><time>2026-05-05T16:29:48Z</time></trkpt><trkpt lat="-16.083422" lon="-57.698287"><ele>110.099</ele><time>2026-05-05T16:29:49Z</time></trkpt><trkpt lat="-16.083497" lon="-57.698247"><ele>110.052</ele><time>2026-05-05T16:29:50Z</time></trkpt><trkpt lat="-16.083555" lon="-57.698215"><ele>109.888</ele><time>2026-05-05T16:29:51Z</time></trkpt><trkpt lat="-16.083595" lon="-57.698193"><ele>109.679</ele><time>2026-05-05T16:29:52Z</time></trkpt><trkpt lat="-16.083653" lon="-57.698156"><ele>109.317</ele><time>2026-05-05T16:29:54Z</time></trkpt><trkpt lat="-16.083705" lon="-57.698133"><ele>109.126</ele><time>2026-05-05T16:29:56Z</time></trkpt><trkpt lat="-16.083748" lon="-57.698106"><ele>109.136</ele><time>2026-05-05T16:29:57Z</time></trkpt><trkpt lat="-16.083835" lon="-57.698073"><ele>108.917</ele><time>2026-05-05T16:29:59Z</time></trkpt><trkpt lat="-16.083888" lon="-57.698046"><ele>108.895</ele><time>2026-05-05T16:30:00Z</time></trkpt><trkpt lat="-16.083938" lon="-57.698021"><ele>108.643</ele><time>2026-05-05T16:30:01Z</time></trkpt><trkpt lat="-16.083993" lon="-57.697991"><ele>108.636</ele><time>2026-05-05T16:30:02Z</time></trkpt><trkpt lat="-16.084045" lon="-57.697963"><ele>108.665</ele><time>2026-05-05T16:30:03Z</time></trkpt><trkpt lat="-16.0841" lon="-57.697935"><ele>108.728</ele><time>2026-05-05T16:30:04Z</time></trkpt><trkpt lat="-16.08416" lon="-57.69791"><ele>108.837</ele><time>2026-05-05T16:30:05Z</time></trkpt><trkpt lat="-16.08422" lon="-57.697877"><ele>109.108</ele><time>2026-05-05T16:30:06Z</time></trkpt><trkpt lat="-16.08433" lon="-57.697825"><ele>109.652</ele><time>2026-05-05T16:30:07Z</time></trkpt><trkpt lat="-16.084427" lon="-57.697763"><ele>110.589</ele><time>2026-05-05T16:30:08Z</time></trkpt><trkpt lat="-16.084494" lon="-57.697718"><ele>110.708</ele><time>2026-05-05T16:30:09Z</time></trkpt><trkpt lat="-16.084564" lon="-57.697678"><ele>110.892</ele><time>2026-05-05T16:30:10Z</time></trkpt><trkpt lat="-16.084627" lon="-57.69764"><ele>110.924</ele><time>2026-05-05T16:30:11Z</time></trkpt><trkpt lat="-16.084695" lon="-57.697595"><ele>111.717</ele><time>2026-05-05T16:30:12Z</time></trkpt><trkpt lat="-16.084743" lon="-57.69757"><ele>111.707</ele><time>2026-05-05T16:30:13Z</time></trkpt><trkpt lat="-16.084816" lon="-57.697525"><ele>111.332</ele><time>2026-05-05T16:30:14Z</time></trkpt><trkpt lat="-16.084893" lon="-57.69748"><ele>110.102</ele><time>2026-05-05T16:30:15Z</time></trkpt><trkpt lat="-16.08497" lon="-57.697433"><ele>109.977</ele><time>2026-05-05T16:30:16Z</time></trkpt><trkpt lat="-16.085043" lon="-57.697393"><ele>109.592</ele><time>2026-05-05T16:30:17Z</time></trkpt><trkpt lat="-16.085115" lon="-57.697355"><ele>109.358</ele><time>2026-05-05T16:30:18Z</time></trkpt><trkpt lat="-16.085193" lon="-57.697312"><ele>109.202</ele><time>2026-05-05T16:30:19Z</time></trkpt><trkpt lat="-16.08527" lon="-57.697285"><ele>109.206</ele><time>2026-05-05T16:30:20Z</time></trkpt><trkpt lat="-16.085345" lon="-57.697252"><ele>109.381</ele><time>2026-05-05T16:30:21Z</time></trkpt><trkpt lat="-16.085418" lon="-57.697215"><ele>109.332</ele><time>2026-05-05T16:30:22Z</time></trkpt><trkpt lat="-16.085486" lon="-57.697183"><ele>109.559</ele><time>2026-05-05T16:30:23Z</time></trkpt><trkpt lat="-16.085556" lon="-57.697146"><ele>109.720</ele><time>2026-05-05T16:30:24Z</time></trkpt><trkpt lat="-16.085634" lon="-57.697101"><ele>109.788</ele><time>2026-05-05T16:30:25Z</time></trkpt><trkpt lat="-16.085692" lon="-57.697064"><ele>109.660</ele><time>2026-05-05T16:30:26Z</time></trkpt><trkpt lat="-16.085745" lon="-57.697024"><ele>109.602</ele><time>2026-05-05T16:30:28Z</time></trkpt><trkpt lat="-16.08578" lon="-57.696987"><ele>109.739</ele><time>2026-05-05T16:30:29Z</time></trkpt><trkpt lat="-16.085848" lon="-57.696944"><ele>110.503</ele><time>2026-05-05T16:30:31Z</time></trkpt><trkpt lat="-16.085898" lon="-57.696919"><ele>111.538</ele><time>2026-05-05T16:30:33Z</time></trkpt><trkpt lat="-16.085923" lon="-57.696879"><ele>111.717</ele><time>2026-05-05T16:30:36Z</time></trkpt><trkpt lat="-16.085926" lon="-57.696827"><ele>112.612</ele><time>2026-05-05T16:30:41Z</time></trkpt><trkpt lat="-16.085883" lon="-57.696812"><ele>112.991</ele><time>2026-05-05T16:30:47Z</time></trkpt><trkpt lat="-16.085853" lon="-57.696777"><ele>113.057</ele><time>2026-05-05T16:30:50Z</time></trkpt><trkpt lat="-16.085821" lon="-57.696742"><ele>113.633</ele><time>2026-05-05T16:30:57Z</time></trkpt><trkpt lat="-16.085794" lon="-57.696702"><ele>113.753</ele><time>2026-05-05T16:30:59Z</time></trkpt><trkpt lat="-16.085761" lon="-57.696667"><ele>113.948</ele><time>2026-05-05T16:31:01Z</time></trkpt><trkpt lat="-16.085734" lon="-57.696625"><ele>114.090</ele><time>2026-05-05T16:31:03Z</time></trkpt><trkpt lat="-16.085696" lon="-57.69656"><ele>114.237</ele><time>2026-05-05T16:31:05Z</time></trkpt><trkpt lat="-16.085678" lon="-57.696517"><ele>114.422</ele><time>2026-05-05T16:31:06Z</time></trkpt><trkpt lat="-16.085661" lon="-57.69647"><ele>114.536</ele><time>2026-05-05T16:31:07Z</time></trkpt><trkpt lat="-16.085638" lon="-57.696428"><ele>114.782</ele><time>2026-05-05T16:31:08Z</time></trkpt><trkpt lat="-16.08561" lon="-57.696383"><ele>114.826</ele><time>2026-05-05T16:31:09Z</time></trkpt><trkpt lat="-16.085583" lon="-57.696335"><ele>114.929</ele><time>2026-05-05T16:31:10Z</time></trkpt><trkpt lat="-16.085553" lon="-57.696288"><ele>115.056</ele><time>2026-05-05T16:31:11Z</time></trkpt><trkpt lat="-16.085528" lon="-57.696235"><ele>115.124</ele><time>2026-05-05T16:31:12Z</time></trkpt><trkpt lat="-16.085505" lon="-57.696183"><ele>115.384</ele><time>2026-05-05T16:31:13Z</time></trkpt><trkpt lat="-16.085467" lon="-57.696108"><ele>115.417</ele><time>2026-05-05T16:31:14Z</time></trkpt><trkpt lat="-16.085434" lon="-57.696033"><ele>115.467</ele><time>2026-05-05T16:31:15Z</time></trkpt><trkpt lat="-16.085399" lon="-57.695963"><ele>115.231</ele><time>2026-05-05T16:31:16Z</time></trkpt><trkpt lat="-16.085359" lon="-57.695901"><ele>115.090</ele><time>2026-05-05T16:31:17Z</time></trkpt><trkpt lat="-16.085324" lon="-57.695826"><ele>114.967</ele><time>2026-05-05T16:31:18Z</time></trkpt><trkpt lat="-16.085284" lon="-57.695759"><ele>114.724</ele><time>2026-05-05T16:31:19Z</time></trkpt><trkpt lat="-16.085246" lon="-57.695699"><ele>114.630</ele><time>2026-05-05T16:31:20Z</time></trkpt><trkpt lat="-16.085208" lon="-57.695641"><ele>114.678</ele><time>2026-05-05T16:31:21Z</time></trkpt><trkpt lat="-16.085191" lon="-57.695584"><ele>114.686</ele><time>2026-05-05T16:31:22Z</time></trkpt><trkpt lat="-16.085159" lon="-57.695549"><ele>114.645</ele><time>2026-05-05T16:31:23Z</time></trkpt><trkpt lat="-16.085139" lon="-57.695486"><ele>114.662</ele><time>2026-05-05T16:31:25Z</time></trkpt><trkpt lat="-16.085104" lon="-57.695451"><ele>115.085</ele><time>2026-05-05T16:31:28Z</time></trkpt><trkpt lat="-16.085077" lon="-57.695409"><ele>115.198</ele><time>2026-05-05T16:31:30Z</time></trkpt><trkpt lat="-16.08505" lon="-57.695367"><ele>115.326</ele><time>2026-05-05T16:31:32Z</time></trkpt><trkpt lat="-16.08502" lon="-57.69533"><ele>115.424</ele><time>2026-05-05T16:31:34Z</time></trkpt><trkpt lat="-16.084995" lon="-57.69529"><ele>116.149</ele><time>2026-05-05T16:31:37Z</time></trkpt><trkpt lat="-16.084982" lon="-57.695242"><ele>116.311</ele><time>2026-05-05T16:31:42Z</time></trkpt><trkpt lat="-16.084999" lon="-57.695182"><ele>116.963</ele><time>2026-05-05T16:32:17Z</time></trkpt><trkpt lat="-16.084962" lon="-57.695129"><ele>117.108</ele><time>2026-05-05T16:32:20Z</time></trkpt><trkpt lat="-16.08493" lon="-57.695089"><ele>112.966</ele><time>2026-05-05T16:32:22Z</time></trkpt><trkpt lat="-16.084903" lon="-57.695039"><ele>112.984</ele><time>2026-05-05T16:32:24Z</time></trkpt><trkpt lat="-16.084881" lon="-57.694996"><ele>112.948</ele><time>2026-05-05T16:32:26Z</time></trkpt><trkpt lat="-16.084858" lon="-57.694954"><ele>113.061</ele><time>2026-05-05T16:32:28Z</time></trkpt><trkpt lat="-16.084828" lon="-57.694912"><ele>113.111</ele><time>2026-05-05T16:32:30Z</time></trkpt><trkpt lat="-16.084791" lon="-57.694847"><ele>113.474</ele><time>2026-05-05T16:32:32Z</time></trkpt><trkpt lat="-16.084766" lon="-57.694807"><ele>113.887</ele><time>2026-05-05T16:32:33Z</time></trkpt><trkpt lat="-16.084738" lon="-57.694764"><ele>114.024</ele><time>2026-05-05T16:32:34Z</time></trkpt><trkpt lat="-16.084708" lon="-57.694706"><ele>114.210</ele><time>2026-05-05T16:32:35Z</time></trkpt><trkpt lat="-16.08468" lon="-57.694649"><ele>114.503</ele><time>2026-05-05T16:32:36Z</time></trkpt><trkpt lat="-16.084642" lon="-57.694592"><ele>114.801</ele><time>2026-05-05T16:32:37Z</time></trkpt><trkpt lat="-16.084607" lon="-57.694532"><ele>114.953</ele><time>2026-05-05T16:32:38Z</time></trkpt><trkpt lat="-16.084575" lon="-57.694474"><ele>114.975</ele><time>2026-05-05T16:32:39Z</time></trkpt><trkpt lat="-16.08454" lon="-57.694414"><ele>114.994</ele><time>2026-05-05T16:32:40Z</time></trkpt><trkpt lat="-16.084502" lon="-57.694351"><ele>114.986</ele><time>2026-05-05T16:32:41Z</time></trkpt><trkpt lat="-16.084464" lon="-57.694276"><ele>114.898</ele><time>2026-05-05T16:32:42Z</time></trkpt><trkpt lat="-16.084422" lon="-57.694208"><ele>114.917</ele><time>2026-05-05T16:32:43Z</time></trkpt><trkpt lat="-16.084377" lon="-57.694138"><ele>115.088</ele><time>2026-05-05T16:32:44Z</time></trkpt><trkpt lat="-16.084327" lon="-57.694073"><ele>115.211</ele><time>2026-05-05T16:32:45Z</time></trkpt><trkpt lat="-16.084275" lon="-57.694003"><ele>115.467</ele><time>2026-05-05T16:32:46Z</time></trkpt><trkpt lat="-16.084227" lon="-57.693928"><ele>115.792</ele><time>2026-05-05T16:32:47Z</time></trkpt><trkpt lat="-16.084179" lon="-57.693846"><ele>115.862</ele><time>2026-05-05T16:32:48Z</time></trkpt><trkpt lat="-16.084137" lon="-57.693758"><ele>115.946</ele><time>2026-05-05T16:32:49Z</time></trkpt><trkpt lat="-16.084099" lon="-57.69367"><ele>116.277</ele><time>2026-05-05T16:32:50Z</time></trkpt><trkpt lat="-16.084057" lon="-57.693587"><ele>116.363</ele><time>2026-05-05T16:32:51Z</time></trkpt><trkpt lat="-16.084015" lon="-57.69351"><ele>116.364</ele><time>2026-05-05T16:32:52Z</time></trkpt><trkpt lat="-16.083977" lon="-57.693437"><ele>116.353</ele><time>2026-05-05T16:32:53Z</time></trkpt><trkpt lat="-16.08394" lon="-57.693374"><ele>116.382</ele><time>2026-05-05T16:32:54Z</time></trkpt><trkpt lat="-16.083908" lon="-57.693324"><ele>116.390</ele><time>2026-05-05T16:32:55Z</time></trkpt><trkpt lat="-16.083878" lon="-57.693284"><ele>116.382</ele><time>2026-05-05T16:32:56Z</time></trkpt><trkpt lat="-16.08385" lon="-57.693242"><ele>116.361</ele><time>2026-05-05T16:32:57Z</time></trkpt><trkpt lat="-16.083817" lon="-57.693199"><ele>116.115</ele><time>2026-05-05T16:32:58Z</time></trkpt><trkpt lat="-16.083775" lon="-57.693164"><ele>116.164</ele><time>2026-05-05T16:32:59Z</time></trkpt><trkpt lat="-16.083728" lon="-57.693137"><ele>116.179</ele><time>2026-05-05T16:33:00Z</time></trkpt><trkpt lat="-16.083688" lon="-57.693114"><ele>116.102</ele><time>2026-05-05T16:33:01Z</time></trkpt><trkpt lat="-16.083626" lon="-57.693084"><ele>116.006</ele><time>2026-05-05T16:33:03Z</time></trkpt><trkpt lat="-16.083589" lon="-57.693054"><ele>116.082</ele><time>2026-05-05T16:33:05Z</time></trkpt><trkpt lat="-16.083534" lon="-57.693016"><ele>116.162</ele><time>2026-05-05T16:33:07Z</time></trkpt><trkpt lat="-16.083489" lon="-57.693003"><ele>116.252</ele><time>2026-05-05T16:33:08Z</time></trkpt><trkpt lat="-16.083431" lon="-57.692986"><ele>116.231</ele><time>2026-05-05T16:33:09Z</time></trkpt><trkpt lat="-16.083368" lon="-57.692959"><ele>116.104</ele><time>2026-05-05T16:33:10Z</time></trkpt><trkpt lat="-16.0833" lon="-57.692929"><ele>115.887</ele><time>2026-05-05T16:33:11Z</time></trkpt><trkpt lat="-16.083228" lon="-57.692902"><ele>115.604</ele><time>2026-05-05T16:33:12Z</time></trkpt><trkpt lat="-16.083151" lon="-57.692874"><ele>115.237</ele><time>2026-05-05T16:33:13Z</time></trkpt><trkpt lat="-16.083074" lon="-57.692841"><ele>114.722</ele><time>2026-05-05T16:33:14Z</time></trkpt><trkpt lat="-16.082987" lon="-57.692808"><ele>114.331</ele><time>2026-05-05T16:33:15Z</time></trkpt><trkpt lat="-16.082895" lon="-57.692773"><ele>114.117</ele><time>2026-05-05T16:33:16Z</time></trkpt><trkpt lat="-16.082803" lon="-57.692733"><ele>113.753</ele><time>2026-05-05T16:33:17Z</time></trkpt><trkpt lat="-16.082706" lon="-57.692691"><ele>112.955</ele><time>2026-05-05T16:33:18Z</time></trkpt><trkpt lat="-16.082608" lon="-57.692649"><ele>112.520</ele><time>2026-05-05T16:33:19Z</time></trkpt><trkpt lat="-16.082515" lon="-57.692607"><ele>112.226</ele><time>2026-05-05T16:33:20Z</time></trkpt><trkpt lat="-16.082413" lon="-57.692569"><ele>112.168</ele><time>2026-05-05T16:33:21Z</time></trkpt><trkpt lat="-16.082308" lon="-57.692531"><ele>112.090</ele><time>2026-05-05T16:33:22Z</time></trkpt><trkpt lat="-16.082208" lon="-57.692484"><ele>112.079</ele><time>2026-05-05T16:33:23Z</time></trkpt><trkpt lat="-16.08211" lon="-57.692442"><ele>112.080</ele><time>2026-05-05T16:33:24Z</time></trkpt><trkpt lat="-16.08201" lon="-57.692412"><ele>112.115</ele><time>2026-05-05T16:33:25Z</time></trkpt><trkpt lat="-16.081912" lon="-57.692369"><ele>112.257</ele><time>2026-05-05T16:33:26Z</time></trkpt><trkpt lat="-16.081812" lon="-57.692336"><ele>112.575</ele><time>2026-05-05T16:33:27Z</time></trkpt><trkpt lat="-16.081709" lon="-57.692296"><ele>112.626</ele><time>2026-05-05T16:33:28Z</time></trkpt><trkpt lat="-16.081602" lon="-57.692259"><ele>112.853</ele><time>2026-05-05T16:33:29Z</time></trkpt><trkpt lat="-16.0815" lon="-57.692221"><ele>112.919</ele><time>2026-05-05T16:33:30Z</time></trkpt><trkpt lat="-16.0814" lon="-57.692174"><ele>112.919</ele><time>2026-05-05T16:33:31Z</time></trkpt><trkpt lat="-16.081302" lon="-57.692132"><ele>113.133</ele><time>2026-05-05T16:33:32Z</time></trkpt><trkpt lat="-16.081205" lon="-57.692089"><ele>113.252</ele><time>2026-05-05T16:33:33Z</time></trkpt><trkpt lat="-16.081113" lon="-57.692046"><ele>113.727</ele><time>2026-05-05T16:33:34Z</time></trkpt><trkpt lat="-16.081021" lon="-57.692003"><ele>114.104</ele><time>2026-05-05T16:33:35Z</time></trkpt><trkpt lat="-16.080931" lon="-57.69196"><ele>114.491</ele><time>2026-05-05T16:33:36Z</time></trkpt><trkpt lat="-16.080839" lon="-57.691915"><ele>114.704</ele><time>2026-05-05T16:33:37Z</time></trkpt><trkpt lat="-16.080749" lon="-57.691873"><ele>115.003</ele><time>2026-05-05T16:33:38Z</time></trkpt><trkpt lat="-16.080642" lon="-57.691838"><ele>115.054</ele><time>2026-05-05T16:33:39Z</time></trkpt><trkpt lat="-16.080529" lon="-57.691803"><ele>115.316</ele><time>2026-05-05T16:33:40Z</time></trkpt><trkpt lat="-16.080427" lon="-57.691765"><ele>115.453</ele><time>2026-05-05T16:33:41Z</time></trkpt><trkpt lat="-16.08032" lon="-57.691723"><ele>115.491</ele><time>2026-05-05T16:33:42Z</time></trkpt><trkpt lat="-16.080213" lon="-57.691686"><ele>115.402</ele><time>2026-05-05T16:33:43Z</time></trkpt><trkpt lat="-16.080113" lon="-57.691646"><ele>115.343</ele><time>2026-05-05T16:33:44Z</time></trkpt><trkpt lat="-16.08002" lon="-57.691601"><ele>114.600</ele><time>2026-05-05T16:33:45Z</time></trkpt><trkpt lat="-16.07992" lon="-57.691561"><ele>114.306</ele><time>2026-05-05T16:33:46Z</time></trkpt><trkpt lat="-16.079825" lon="-57.691521"><ele>113.996</ele><time>2026-05-05T16:33:47Z</time></trkpt><trkpt lat="-16.079737" lon="-57.691481"><ele>113.599</ele><time>2026-05-05T16:33:48Z</time></trkpt><trkpt lat="-16.079637" lon="-57.691449"><ele>113.473</ele><time>2026-05-05T16:33:49Z</time></trkpt><trkpt lat="-16.079549" lon="-57.691411"><ele>113.336</ele><time>2026-05-05T16:33:50Z</time></trkpt><trkpt lat="-16.079454" lon="-57.691373"><ele>113.227</ele><time>2026-05-05T16:33:51Z</time></trkpt><trkpt lat="-16.079366" lon="-57.691336"><ele>113.125</ele><time>2026-05-05T16:33:52Z</time></trkpt><trkpt lat="-16.079279" lon="-57.691301"><ele>112.928</ele><time>2026-05-05T16:33:53Z</time></trkpt><trkpt lat="-16.079186" lon="-57.691278"><ele>112.947</ele><time>2026-05-05T16:33:54Z</time></trkpt><trkpt lat="-16.079104" lon="-57.691253"><ele>112.918</ele><time>2026-05-05T16:33:55Z</time></trkpt><trkpt lat="-16.079032" lon="-57.691226"><ele>112.887</ele><time>2026-05-05T16:33:56Z</time></trkpt><trkpt lat="-16.078969" lon="-57.691199"><ele>112.795</ele><time>2026-05-05T16:33:57Z</time></trkpt><trkpt lat="-16.078914" lon="-57.691174"><ele>112.583</ele><time>2026-05-05T16:33:58Z</time></trkpt><trkpt lat="-16.078872" lon="-57.691149"><ele>112.502</ele><time>2026-05-05T16:33:59Z</time></trkpt><trkpt lat="-16.078817" lon="-57.691126"><ele>112.535</ele><time>2026-05-05T16:34:01Z</time></trkpt><trkpt lat="-16.078759" lon="-57.691111"><ele>112.620</ele><time>2026-05-05T16:34:04Z</time></trkpt><trkpt lat="-16.078714" lon="-57.691083"><ele>112.728</ele><time>2026-05-05T16:34:06Z</time></trkpt><trkpt lat="-16.078652" lon="-57.69104"><ele>113.146</ele><time>2026-05-05T16:34:08Z</time></trkpt><trkpt lat="-16.078605" lon="-57.691022"><ele>113.910</ele><time>2026-05-05T16:34:09Z</time></trkpt><trkpt lat="-16.07855" lon="-57.691"><ele>114.200</ele><time>2026-05-05T16:34:10Z</time></trkpt><trkpt lat="-16.078482" lon="-57.690982"><ele>114.650</ele><time>2026-05-05T16:34:11Z</time></trkpt><trkpt lat="-16.078412" lon="-57.69096"><ele>115.402</ele><time>2026-05-05T16:34:12Z</time></trkpt><trkpt lat="-16.078349" lon="-57.690927"><ele>115.853</ele><time>2026-05-05T16:34:13Z</time></trkpt><trkpt lat="-16.078276" lon="-57.690895"><ele>116.464</ele><time>2026-05-05T16:34:14Z</time></trkpt><trkpt lat="-16.078201" lon="-57.690865"><ele>116.505</ele><time>2026-05-05T16:34:15Z</time></trkpt><trkpt lat="-16.078124" lon="-57.690832"><ele>116.522</ele><time>2026-05-05T16:34:16Z</time></trkpt><trkpt lat="-16.078049" lon="-57.690804"><ele>116.538</ele><time>2026-05-05T16:34:17Z</time></trkpt><trkpt lat="-16.077982" lon="-57.690774"><ele>116.579</ele><time>2026-05-05T16:34:18Z</time></trkpt><trkpt lat="-16.077919" lon="-57.690749"><ele>116.501</ele><time>2026-05-05T16:34:19Z</time></trkpt><trkpt lat="-16.077866" lon="-57.690727"><ele>116.610</ele><time>2026-05-05T16:34:20Z</time></trkpt><trkpt lat="-16.077821" lon="-57.690707"><ele>116.820</ele><time>2026-05-05T16:34:21Z</time></trkpt><trkpt lat="-16.077764" lon="-57.690679"><ele>117.049</ele><time>2026-05-05T16:34:23Z</time></trkpt><trkpt lat="-16.077737" lon="-57.690624"><ele>117.885</ele><time>2026-05-05T16:34:43Z</time></trkpt><trkpt lat="-16.077692" lon="-57.690609"><ele>118.083</ele><time>2026-05-05T16:34:45Z</time></trkpt><trkpt lat="-16.077634" lon="-57.690587"><ele>118.360</ele><time>2026-05-05T16:34:47Z</time></trkpt><trkpt lat="-16.077561" lon="-57.69055"><ele>118.406</ele><time>2026-05-05T16:34:49Z</time></trkpt><trkpt lat="-16.077466" lon="-57.690515"><ele>118.911</ele><time>2026-05-05T16:34:51Z</time></trkpt><trkpt lat="-16.077413" lon="-57.690498"><ele>119.049</ele><time>2026-05-05T16:34:52Z</time></trkpt><trkpt lat="-16.077356" lon="-57.69048"><ele>119.284</ele><time>2026-05-05T16:34:53Z</time></trkpt><trkpt lat="-16.077298" lon="-57.690462"><ele>119.252</ele><time>2026-05-05T16:34:54Z</time></trkpt><trkpt lat="-16.077236" lon="-57.690435"><ele>119.363</ele><time>2026-05-05T16:34:55Z</time></trkpt><trkpt lat="-16.077168" lon="-57.690425"><ele>119.395</ele><time>2026-05-05T16:34:56Z</time></trkpt><trkpt lat="-16.077113" lon="-57.690393"><ele>119.274</ele><time>2026-05-05T16:34:57Z</time></trkpt><trkpt lat="-16.077045" lon="-57.690365"><ele>118.916</ele><time>2026-05-05T16:34:58Z</time></trkpt><trkpt lat="-16.076958" lon="-57.690345"><ele>118.877</ele><time>2026-05-05T16:34:59Z</time></trkpt><trkpt lat="-16.076885" lon="-57.690308"><ele>118.681</ele><time>2026-05-05T16:35:00Z</time></trkpt><trkpt lat="-16.076812" lon="-57.690271"><ele>118.478</ele><time>2026-05-05T16:35:01Z</time></trkpt><trkpt lat="-16.076737" lon="-57.690236"><ele>118.428</ele><time>2026-05-05T16:35:02Z</time></trkpt><trkpt lat="-16.076652" lon="-57.690206"><ele>118.382</ele><time>2026-05-05T16:35:03Z</time></trkpt><trkpt lat="-16.076574" lon="-57.690169"><ele>118.216</ele><time>2026-05-05T16:35:04Z</time></trkpt><trkpt lat="-16.076494" lon="-57.690134"><ele>118.029</ele><time>2026-05-05T16:35:05Z</time></trkpt><trkpt lat="-16.076407" lon="-57.690089"><ele>117.959</ele><time>2026-05-05T16:35:06Z</time></trkpt><trkpt lat="-16.076314" lon="-57.690039"><ele>117.918</ele><time>2026-05-05T16:35:07Z</time></trkpt><trkpt lat="-16.076212" lon="-57.690006"><ele>118.010</ele><time>2026-05-05T16:35:08Z</time></trkpt><trkpt lat="-16.076117" lon="-57.689968"><ele>118.098</ele><time>2026-05-05T16:35:09Z</time></trkpt><trkpt lat="-16.076025" lon="-57.68993"><ele>118.064</ele><time>2026-05-05T16:35:10Z</time></trkpt><trkpt lat="-16.075942" lon="-57.689898"><ele>118.044</ele><time>2026-05-05T16:35:11Z</time></trkpt><trkpt lat="-16.075864" lon="-57.689868"><ele>117.417</ele><time>2026-05-05T16:35:12Z</time></trkpt><trkpt lat="-16.075806" lon="-57.689843"><ele>117.171</ele><time>2026-05-05T16:35:13Z</time></trkpt><trkpt lat="-16.075758" lon="-57.689828"><ele>116.897</ele><time>2026-05-05T16:35:14Z</time></trkpt><trkpt lat="-16.075696" lon="-57.689806"><ele>116.308</ele><time>2026-05-05T16:35:16Z</time></trkpt><trkpt lat="-16.075638" lon="-57.689776"><ele>116.405</ele><time>2026-05-05T16:35:18Z</time></trkpt><trkpt lat="-16.075568" lon="-57.689743"><ele>116.697</ele><time>2026-05-05T16:35:20Z</time></trkpt><trkpt lat="-16.075541" lon="-57.689696"><ele>117.032</ele><time>2026-05-05T16:35:22Z</time></trkpt><trkpt lat="-16.075546" lon="-57.689619"><ele>117.234</ele><time>2026-05-05T16:35:24Z</time></trkpt><trkpt lat="-16.075561" lon="-57.689564"><ele>117.594</ele><time>2026-05-05T16:35:25Z</time></trkpt><trkpt lat="-16.075569" lon="-57.689516"><ele>117.805</ele><time>2026-05-05T16:35:26Z</time></trkpt><trkpt lat="-16.075594" lon="-57.689439"><ele>117.828</ele><time>2026-05-05T16:35:27Z</time></trkpt><trkpt lat="-16.075612" lon="-57.689359"><ele>117.801</ele><time>2026-05-05T16:35:28Z</time></trkpt><trkpt lat="-16.075629" lon="-57.689281"><ele>117.570</ele><time>2026-05-05T16:35:29Z</time></trkpt><trkpt lat="-16.075642" lon="-57.689204"><ele>117.091</ele><time>2026-05-05T16:35:30Z</time></trkpt><trkpt lat="-16.075655" lon="-57.689124"><ele>116.595</ele><time>2026-05-05T16:35:31Z</time></trkpt><trkpt lat="-16.075667" lon="-57.689042"><ele>115.930</ele><time>2026-05-05T16:35:32Z</time></trkpt><trkpt lat="-16.075675" lon="-57.688967"><ele>115.329</ele><time>2026-05-05T16:35:33Z</time></trkpt><trkpt lat="-16.075685" lon="-57.688892"><ele>114.957</ele><time>2026-05-05T16:35:34Z</time></trkpt><trkpt lat="-16.075698" lon="-57.688824"><ele>114.771</ele><time>2026-05-05T16:35:35Z</time></trkpt><trkpt lat="-16.075713" lon="-57.688756"><ele>114.734</ele><time>2026-05-05T16:35:36Z</time></trkpt><trkpt lat="-16.07573" lon="-57.688684"><ele>114.700</ele><time>2026-05-05T16:35:37Z</time></trkpt><trkpt lat="-16.07575" lon="-57.688614"><ele>114.934</ele><time>2026-05-05T16:35:38Z</time></trkpt><trkpt lat="-16.075767" lon="-57.688536"><ele>115.128</ele><time>2026-05-05T16:35:39Z</time></trkpt><trkpt lat="-16.075775" lon="-57.688466"><ele>115.259</ele><time>2026-05-05T16:35:40Z</time></trkpt><trkpt lat="-16.075795" lon="-57.688399"><ele>115.485</ele><time>2026-05-05T16:35:41Z</time></trkpt><trkpt lat="-16.075795" lon="-57.688347"><ele>115.625</ele><time>2026-05-05T16:35:42Z</time></trkpt><trkpt lat="-16.075773" lon="-57.68827"><ele>115.577</ele><time>2026-05-05T16:35:44Z</time></trkpt><trkpt lat="-16.075781" lon="-57.688198"><ele>115.256</ele><time>2026-05-05T16:35:46Z</time></trkpt><trkpt lat="-16.075789" lon="-57.688148"><ele>114.770</ele><time>2026-05-05T16:35:48Z</time></trkpt><trkpt lat="-16.075767" lon="-57.688098"><ele>113.420</ele><time>2026-05-05T16:35:50Z</time></trkpt><trkpt lat="-16.075702" lon="-57.688051"><ele>112.651</ele><time>2026-05-05T16:35:52Z</time></trkpt><trkpt lat="-16.075639" lon="-57.688026"><ele>111.988</ele><time>2026-05-05T16:35:54Z</time></trkpt><trkpt lat="-16.075591" lon="-57.688009"><ele>111.239</ele><time>2026-05-05T16:35:56Z</time></trkpt><trkpt lat="-16.075541" lon="-57.687992"><ele>110.830</ele><time>2026-05-05T16:35:58Z</time></trkpt><trkpt lat="-16.075493" lon="-57.687959"><ele>110.827</ele><time>2026-05-05T16:36:00Z</time></trkpt><trkpt lat="-16.075408" lon="-57.687917"><ele>110.868</ele><time>2026-05-05T16:36:02Z</time></trkpt><trkpt lat="-16.075343" lon="-57.687899"><ele>111.118</ele><time>2026-05-05T16:36:03Z</time></trkpt><trkpt lat="-16.075275" lon="-57.687874"><ele>111.501</ele><time>2026-05-05T16:36:04Z</time></trkpt><trkpt lat="-16.0752" lon="-57.687847"><ele>111.786</ele><time>2026-05-05T16:36:05Z</time></trkpt><trkpt lat="-16.075117" lon="-57.687835"><ele>111.729</ele><time>2026-05-05T16:36:06Z</time></trkpt><trkpt lat="-16.075042" lon="-57.687812"><ele>111.690</ele><time>2026-05-05T16:36:07Z</time></trkpt><trkpt lat="-16.074987" lon="-57.687782"><ele>111.526</ele><time>2026-05-05T16:36:08Z</time></trkpt><trkpt lat="-16.07494" lon="-57.687747"><ele>111.491</ele><time>2026-05-05T16:36:09Z</time></trkpt><trkpt lat="-16.074898" lon="-57.687722"><ele>111.366</ele><time>2026-05-05T16:36:10Z</time></trkpt><trkpt lat="-16.074843" lon="-57.687712"><ele>111.179</ele><time>2026-05-05T16:36:12Z</time></trkpt><trkpt lat="-16.074796" lon="-57.687715"><ele>110.998</ele><time>2026-05-05T16:36:14Z</time></trkpt><trkpt lat="-16.074738" lon="-57.687712"><ele>110.982</ele><time>2026-05-05T16:36:16Z</time></trkpt><trkpt lat="-16.074651" lon="-57.68769"><ele>110.976</ele><time>2026-05-05T16:36:18Z</time></trkpt><trkpt lat="-16.074601" lon="-57.687667"><ele>111.021</ele><time>2026-05-05T16:36:19Z</time></trkpt><trkpt lat="-16.074539" lon="-57.687645"><ele>111.097</ele><time>2026-05-05T16:36:20Z</time></trkpt><trkpt lat="-16.074482" lon="-57.687618"><ele>111.073</ele><time>2026-05-05T16:36:21Z</time></trkpt><trkpt lat="-16.074417" lon="-57.6876"><ele>111.047</ele><time>2026-05-05T16:36:22Z</time></trkpt><trkpt lat="-16.074345" lon="-57.687578"><ele>111.043</ele><time>2026-05-05T16:36:23Z</time></trkpt><trkpt lat="-16.074273" lon="-57.687546"><ele>111.086</ele><time>2026-05-05T16:36:24Z</time></trkpt><trkpt lat="-16.074191" lon="-57.687514"><ele>111.096</ele><time>2026-05-05T16:36:25Z</time></trkpt><trkpt lat="-16.074108" lon="-57.687482"><ele>111.189</ele><time>2026-05-05T16:36:26Z</time></trkpt><trkpt lat="-16.07402" lon="-57.687452"><ele>111.393</ele><time>2026-05-05T16:36:27Z</time></trkpt><trkpt lat="-16.073933" lon="-57.687415"><ele>111.431</ele><time>2026-05-05T16:36:28Z</time></trkpt><trkpt lat="-16.073845" lon="-57.68738"><ele>111.842</ele><time>2026-05-05T16:36:29Z</time></trkpt><trkpt lat="-16.073753" lon="-57.687342"><ele>112.045</ele><time>2026-05-05T16:36:30Z</time></trkpt><trkpt lat="-16.073656" lon="-57.687305"><ele>112.071</ele><time>2026-05-05T16:36:31Z</time></trkpt><trkpt lat="-16.073559" lon="-57.687262"><ele>112.001</ele><time>2026-05-05T16:36:32Z</time></trkpt><trkpt lat="-16.073461" lon="-57.68722"><ele>112.238</ele><time>2026-05-05T16:36:33Z</time></trkpt><trkpt lat="-16.073366" lon="-57.687175"><ele>112.254</ele><time>2026-05-05T16:36:34Z</time></trkpt><trkpt lat="-16.073278" lon="-57.687128"><ele>112.282</ele><time>2026-05-05T16:36:35Z</time></trkpt><trkpt lat="-16.073195" lon="-57.687081"><ele>112.392</ele><time>2026-05-05T16:36:36Z</time></trkpt><trkpt lat="-16.07311" lon="-57.687038"><ele>112.488</ele><time>2026-05-05T16:36:37Z</time></trkpt><trkpt lat="-16.073022" lon="-57.686988"><ele>112.679</ele><time>2026-05-05T16:36:38Z</time></trkpt><trkpt lat="-16.072925" lon="-57.68694"><ele>112.784</ele><time>2026-05-05T16:36:39Z</time></trkpt><trkpt lat="-16.072828" lon="-57.686892"><ele>112.887</ele><time>2026-05-05T16:36:40Z</time></trkpt><trkpt lat="-16.072741" lon="-57.686844"><ele>112.958</ele><time>2026-05-05T16:36:41Z</time></trkpt><trkpt lat="-16.072646" lon="-57.686796"><ele>112.915</ele><time>2026-05-05T16:36:42Z</time></trkpt><trkpt lat="-16.072551" lon="-57.686741"><ele>112.950</ele><time>2026-05-05T16:36:43Z</time></trkpt><trkpt lat="-16.072453" lon="-57.686688"><ele>113.138</ele><time>2026-05-05T16:36:44Z</time></trkpt><trkpt lat="-16.072345" lon="-57.686646"><ele>113.179</ele><time>2026-05-05T16:36:45Z</time></trkpt><trkpt lat="-16.07223" lon="-57.686609"><ele>113.274</ele><time>2026-05-05T16:36:46Z</time></trkpt><trkpt lat="-16.072127" lon="-57.686564"><ele>113.286</ele><time>2026-05-05T16:36:47Z</time></trkpt><trkpt lat="-16.072022" lon="-57.686519"><ele>113.357</ele><time>2026-05-05T16:36:48Z</time></trkpt><trkpt lat="-16.071927" lon="-57.686472"><ele>113.479</ele><time>2026-05-05T16:36:49Z</time></trkpt><trkpt lat="-16.071834" lon="-57.686429"><ele>113.566</ele><time>2026-05-05T16:36:50Z</time></trkpt><trkpt lat="-16.071739" lon="-57.686391"><ele>113.699</ele><time>2026-05-05T16:36:51Z</time></trkpt><trkpt lat="-16.071647" lon="-57.686351"><ele>113.942</ele><time>2026-05-05T16:36:52Z</time></trkpt><trkpt lat="-16.071559" lon="-57.686311"><ele>114.180</ele><time>2026-05-05T16:36:53Z</time></trkpt><trkpt lat="-16.071474" lon="-57.686274"><ele>114.128</ele><time>2026-05-05T16:36:54Z</time></trkpt><trkpt lat="-16.071382" lon="-57.686242"><ele>114.251</ele><time>2026-05-05T16:36:55Z</time></trkpt><trkpt lat="-16.07129" lon="-57.686212"><ele>114.324</ele><time>2026-05-05T16:36:56Z</time></trkpt><trkpt lat="-16.071205" lon="-57.686179"><ele>114.313</ele><time>2026-05-05T16:36:57Z</time></trkpt><trkpt lat="-16.071125" lon="-57.686147"><ele>114.479</ele><time>2026-05-05T16:36:58Z</time></trkpt><trkpt lat="-16.071055" lon="-57.686119"><ele>114.547</ele><time>2026-05-05T16:36:59Z</time></trkpt><trkpt lat="-16.070993" lon="-57.686092"><ele>114.599</ele><time>2026-05-05T16:37:00Z</time></trkpt><trkpt lat="-16.070936" lon="-57.686069"><ele>114.542</ele><time>2026-05-05T16:37:01Z</time></trkpt><trkpt lat="-16.070889" lon="-57.686051"><ele>114.516</ele><time>2026-05-05T16:37:02Z</time></trkpt><trkpt lat="-16.070817" lon="-57.686029"><ele>114.482</ele><time>2026-05-05T16:37:04Z</time></trkpt><trkpt lat="-16.070754" lon="-57.685996"><ele>114.303</ele><time>2026-05-05T16:37:06Z</time></trkpt><trkpt lat="-16.070691" lon="-57.685951"><ele>114.207</ele><time>2026-05-05T16:37:08Z</time></trkpt><trkpt lat="-16.070629" lon="-57.685914"><ele>114.233</ele><time>2026-05-05T16:37:10Z</time></trkpt><trkpt lat="-16.070569" lon="-57.685879"><ele>114.388</ele><time>2026-05-05T16:37:12Z</time></trkpt><trkpt lat="-16.070521" lon="-57.685847"><ele>114.396</ele><time>2026-05-05T16:37:14Z</time></trkpt><trkpt lat="-16.070479" lon="-57.685825"><ele>114.166</ele><time>2026-05-05T16:37:16Z</time></trkpt><trkpt lat="-16.070436" lon="-57.685808"><ele>112.808</ele><time>2026-05-05T16:37:19Z</time></trkpt><trkpt lat="-16.070381" lon="-57.685791"><ele>112.122</ele><time>2026-05-05T16:37:22Z</time></trkpt><trkpt lat="-16.070299" lon="-57.685779"><ele>112.105</ele><time>2026-05-05T16:37:24Z</time></trkpt><trkpt lat="-16.070241" lon="-57.685766"><ele>112.128</ele><time>2026-05-05T16:37:25Z</time></trkpt><trkpt lat="-16.070178" lon="-57.685748"><ele>112.127</ele><time>2026-05-05T16:37:26Z</time></trkpt><trkpt lat="-16.070116" lon="-57.685725"><ele>112.195</ele><time>2026-05-05T16:37:27Z</time></trkpt><trkpt lat="-16.070048" lon="-57.685705"><ele>112.194</ele><time>2026-05-05T16:37:28Z</time></trkpt><trkpt lat="-16.069976" lon="-57.685688"><ele>112.104</ele><time>2026-05-05T16:37:29Z</time></trkpt><trkpt lat="-16.069909" lon="-57.685663"><ele>112.024</ele><time>2026-05-05T16:37:30Z</time></trkpt><trkpt lat="-16.069839" lon="-57.685638"><ele>112.061</ele><time>2026-05-05T16:37:31Z</time></trkpt><trkpt lat="-16.069771" lon="-57.68561"><ele>112.088</ele><time>2026-05-05T16:37:32Z</time></trkpt><trkpt lat="-16.069704" lon="-57.685575"><ele>111.905</ele><time>2026-05-05T16:37:33Z</time></trkpt><trkpt lat="-16.069631" lon="-57.685555"><ele>111.951</ele><time>2026-05-05T16:37:34Z</time></trkpt><trkpt lat="-16.069571" lon="-57.685527"><ele>111.846</ele><time>2026-05-05T16:37:35Z</time></trkpt><trkpt lat="-16.069506" lon="-57.685505"><ele>111.871</ele><time>2026-05-05T16:37:36Z</time></trkpt><trkpt lat="-16.069434" lon="-57.685483"><ele>111.949</ele><time>2026-05-05T16:37:37Z</time></trkpt><trkpt lat="-16.069366" lon="-57.685465"><ele>112.229</ele><time>2026-05-05T16:37:38Z</time></trkpt><trkpt lat="-16.069293" lon="-57.685447"><ele>112.527</ele><time>2026-05-05T16:37:39Z</time></trkpt><trkpt lat="-16.069221" lon="-57.685437"><ele>112.823</ele><time>2026-05-05T16:37:40Z</time></trkpt><trkpt lat="-16.069161" lon="-57.685425"><ele>113.034</ele><time>2026-05-05T16:37:41Z</time></trkpt><trkpt lat="-16.069151" lon="-57.685372"><ele>113.278</ele><time>2026-05-05T16:37:46Z</time></trkpt><trkpt lat="-16.069293" lon="-57.685324"><ele>113.264</ele><time>2026-05-05T16:37:58Z</time></trkpt><trkpt lat="-16.069323" lon="-57.685289"><ele>115.815</ele><time>2026-05-05T16:38:00Z</time></trkpt><trkpt lat="-16.069368" lon="-57.685246"><ele>115.624</ele><time>2026-05-05T16:38:02Z</time></trkpt><trkpt lat="-16.069416" lon="-57.685198"><ele>115.663</ele><time>2026-05-05T16:38:05Z</time></trkpt><trkpt lat="-16.069464" lon="-57.68515"><ele>116.238</ele><time>2026-05-05T16:38:21Z</time></trkpt><trkpt lat="-16.069466" lon="-57.68509"><ele>116.996</ele><time>2026-05-05T16:38:24Z</time></trkpt><trkpt lat="-16.069474" lon="-57.685038"><ele>118.078</ele><time>2026-05-05T16:38:26Z</time></trkpt><trkpt lat="-16.069502" lon="-57.684978"><ele>118.173</ele><time>2026-05-05T16:38:28Z</time></trkpt><trkpt lat="-16.069524" lon="-57.684916"><ele>117.825</ele><time>2026-05-05T16:38:30Z</time></trkpt><trkpt lat="-16.069551" lon="-57.684848"><ele>117.695</ele><time>2026-05-05T16:38:32Z</time></trkpt><trkpt lat="-16.069569" lon="-57.684796"><ele>117.407</ele><time>2026-05-05T16:38:35Z</time></trkpt><trkpt lat="-16.069604" lon="-57.684706"><ele>115.702</ele><time>2026-05-05T16:38:38Z</time></trkpt><trkpt lat="-16.069629" lon="-57.684663"><ele>115.765</ele><time>2026-05-05T16:38:39Z</time></trkpt><trkpt lat="-16.069657" lon="-57.684581"><ele>115.290</ele><time>2026-05-05T16:38:41Z</time></trkpt><trkpt lat="-16.069702" lon="-57.684501"><ele>115.461</ele><time>2026-05-05T16:38:43Z</time></trkpt><trkpt lat="-16.069742" lon="-57.684454"><ele>115.877</ele><time>2026-05-05T16:38:45Z</time></trkpt><trkpt lat="-16.06976" lon="-57.684411"><ele>115.373</ele><time>2026-05-05T16:38:48Z</time></trkpt><trkpt lat="-16.069772" lon="-57.684364"><ele>115.065</ele><time>2026-05-05T16:38:51Z</time></trkpt><trkpt lat="-16.069774" lon="-57.684276"><ele>115.022</ele><time>2026-05-05T16:39:32Z</time></trkpt><trkpt lat="-16.069792" lon="-57.684221"><ele>115.546</ele><time>2026-05-05T16:39:36Z</time></trkpt><trkpt lat="-16.069824" lon="-57.684166"><ele>117.983</ele><time>2026-05-05T16:39:38Z</time></trkpt><trkpt lat="-16.069846" lon="-57.684113"><ele>118.019</ele><time>2026-05-05T16:39:40Z</time></trkpt><trkpt lat="-16.069856" lon="-57.68405"><ele>117.773</ele><time>2026-05-05T16:39:42Z</time></trkpt><trkpt lat="-16.069898" lon="-57.684"><ele>117.252</ele><time>2026-05-05T16:39:44Z</time></trkpt><trkpt lat="-16.069916" lon="-57.683948"><ele>116.915</ele><time>2026-05-05T16:39:46Z</time></trkpt><trkpt lat="-16.069933" lon="-57.683878"><ele>115.905</ele><time>2026-05-05T16:40:00Z</time></trkpt><trkpt lat="-16.069963" lon="-57.6838"><ele>115.860</ele><time>2026-05-05T16:40:03Z</time></trkpt><trkpt lat="-16.069993" lon="-57.68372"><ele>115.922</ele><time>2026-05-05T16:40:05Z</time></trkpt><trkpt lat="-16.070031" lon="-57.683632"><ele>116.263</ele><time>2026-05-05T16:40:07Z</time></trkpt><trkpt lat="-16.070046" lon="-57.683585"><ele>116.310</ele><time>2026-05-05T16:40:08Z</time></trkpt><trkpt lat="-16.070064" lon="-57.683537"><ele>116.464</ele><time>2026-05-05T16:40:09Z</time></trkpt><trkpt lat="-16.070081" lon="-57.683492"><ele>116.493</ele><time>2026-05-05T16:40:10Z</time></trkpt><trkpt lat="-16.070101" lon="-57.683437"><ele>116.580</ele><time>2026-05-05T16:40:11Z</time></trkpt><trkpt lat="-16.070121" lon="-57.683377"><ele>116.646</ele><time>2026-05-05T16:40:12Z</time></trkpt><trkpt lat="-16.070138" lon="-57.683319"><ele>116.798</ele><time>2026-05-05T16:40:13Z</time></trkpt><trkpt lat="-16.070158" lon="-57.683271"><ele>117.059</ele><time>2026-05-05T16:40:14Z</time></trkpt><trkpt lat="-16.070181" lon="-57.683221"><ele>117.243</ele><time>2026-05-05T16:40:15Z</time></trkpt><trkpt lat="-16.070211" lon="-57.683156"><ele>117.623</ele><time>2026-05-05T16:40:17Z</time></trkpt><trkpt lat="-16.070241" lon="-57.683078"><ele>117.950</ele><time>2026-05-05T16:40:19Z</time></trkpt><trkpt lat="-16.070259" lon="-57.683031"><ele>118.103</ele><time>2026-05-05T16:40:20Z</time></trkpt><trkpt lat="-16.070291" lon="-57.682946"><ele>118.107</ele><time>2026-05-05T16:40:22Z</time></trkpt><trkpt lat="-16.070318" lon="-57.682896"><ele>118.517</ele><time>2026-05-05T16:40:23Z</time></trkpt><trkpt lat="-16.070346" lon="-57.682846"><ele>118.545</ele><time>2026-05-05T16:40:24Z</time></trkpt><trkpt lat="-16.070369" lon="-57.682794"><ele>118.822</ele><time>2026-05-05T16:40:25Z</time></trkpt><trkpt lat="-16.070397" lon="-57.682711"><ele>119.094</ele><time>2026-05-05T16:40:27Z</time></trkpt><trkpt lat="-16.07041" lon="-57.682664"><ele>119.070</ele><time>2026-05-05T16:40:28Z</time></trkpt><trkpt lat="-16.070428" lon="-57.682612"><ele>119.033</ele><time>2026-05-05T16:40:29Z</time></trkpt><trkpt lat="-16.070443" lon="-57.682565"><ele>119.130</ele><time>2026-05-05T16:40:30Z</time></trkpt><trkpt lat="-16.070463" lon="-57.68251"><ele>119.295</ele><time>2026-05-05T16:40:31Z</time></trkpt><trkpt lat="-16.070486" lon="-57.682452"><ele>119.299</ele><time>2026-05-05T16:40:32Z</time></trkpt><trkpt lat="-16.070511" lon="-57.682389"><ele>119.276</ele><time>2026-05-05T16:40:33Z</time></trkpt><trkpt lat="-16.070534" lon="-57.682324"><ele>119.218</ele><time>2026-05-05T16:40:34Z</time></trkpt><trkpt lat="-16.070554" lon="-57.682259"><ele>119.240</ele><time>2026-05-05T16:40:35Z</time></trkpt><trkpt lat="-16.070571" lon="-57.682202"><ele>119.195</ele><time>2026-05-05T16:40:36Z</time></trkpt><trkpt lat="-16.070586" lon="-57.682157"><ele>119.149</ele><time>2026-05-05T16:40:37Z</time></trkpt><trkpt lat="-16.070603" lon="-57.682105"><ele>118.911</ele><time>2026-05-05T16:40:39Z</time></trkpt><trkpt lat="-16.070628" lon="-57.682057"><ele>118.706</ele><time>2026-05-05T16:40:42Z</time></trkpt><trkpt lat="-16.07067" lon="-57.682027"><ele>118.711</ele><time>2026-05-05T16:40:44Z</time></trkpt><trkpt lat="-16.070738" lon="-57.681992"><ele>118.293</ele><time>2026-05-05T16:40:46Z</time></trkpt><trkpt lat="-16.07079" lon="-57.681967"><ele>117.654</ele><time>2026-05-05T16:40:49Z</time></trkpt><trkpt lat="-16.070848" lon="-57.681944"><ele>117.575</ele><time>2026-05-05T16:40:51Z</time></trkpt><trkpt lat="-16.070906" lon="-57.681904"><ele>117.515</ele><time>2026-05-05T16:40:53Z</time></trkpt><trkpt lat="-16.070989" lon="-57.681871"><ele>117.874</ele><time>2026-05-05T16:40:55Z</time></trkpt><trkpt lat="-16.071064" lon="-57.681833"><ele>118.232</ele><time>2026-05-05T16:40:57Z</time></trkpt><trkpt lat="-16.071121" lon="-57.681813"><ele>118.550</ele><time>2026-05-05T16:40:58Z</time></trkpt><trkpt lat="-16.071169" lon="-57.6818"><ele>119.330</ele><time>2026-05-05T16:40:59Z</time></trkpt><trkpt lat="-16.071216" lon="-57.681778"><ele>119.654</ele><time>2026-05-05T16:41:00Z</time></trkpt><trkpt lat="-16.071259" lon="-57.681758"><ele>119.916</ele><time>2026-05-05T16:41:01Z</time></trkpt><trkpt lat="-16.071301" lon="-57.68174"><ele>119.937</ele><time>2026-05-05T16:41:02Z</time></trkpt><trkpt lat="-16.071356" lon="-57.681713"><ele>120.059</ele><time>2026-05-05T16:41:03Z</time></trkpt><trkpt lat="-16.071404" lon="-57.681691"><ele>120.139</ele><time>2026-05-05T16:41:04Z</time></trkpt><trkpt lat="-16.071454" lon="-57.681671"><ele>120.406</ele><time>2026-05-05T16:41:05Z</time></trkpt><trkpt lat="-16.071509" lon="-57.681634"><ele>120.763</ele><time>2026-05-05T16:41:06Z</time></trkpt><trkpt lat="-16.071559" lon="-57.681591"><ele>120.713</ele><time>2026-05-05T16:41:07Z</time></trkpt><trkpt lat="-16.071612" lon="-57.681544"><ele>120.722</ele><time>2026-05-05T16:41:08Z</time></trkpt><trkpt lat="-16.071659" lon="-57.681492"><ele>120.451</ele><time>2026-05-05T16:41:09Z</time></trkpt><trkpt lat="-16.071704" lon="-57.681444"><ele>120.018</ele><time>2026-05-05T16:41:10Z</time></trkpt><trkpt lat="-16.071746" lon="-57.681394"><ele>119.948</ele><time>2026-05-05T16:41:11Z</time></trkpt><trkpt lat="-16.071796" lon="-57.681342"><ele>119.814</ele><time>2026-05-05T16:41:12Z</time></trkpt><trkpt lat="-16.071849" lon="-57.681285"><ele>119.836</ele><time>2026-05-05T16:41:13Z</time></trkpt><trkpt lat="-16.071896" lon="-57.681242"><ele>119.614</ele><time>2026-05-05T16:41:14Z</time></trkpt><trkpt lat="-16.071946" lon="-57.681195"><ele>119.598</ele><time>2026-05-05T16:41:15Z</time></trkpt><trkpt lat="-16.071994" lon="-57.681152"><ele>119.316</ele><time>2026-05-05T16:41:16Z</time></trkpt><trkpt lat="-16.072044" lon="-57.681107"><ele>119.232</ele><time>2026-05-05T16:41:17Z</time></trkpt><trkpt lat="-16.072089" lon="-57.681067"><ele>119.140</ele><time>2026-05-05T16:41:18Z</time></trkpt><trkpt lat="-16.072131" lon="-57.681032"><ele>118.630</ele><time>2026-05-05T16:41:19Z</time></trkpt><trkpt lat="-16.072168" lon="-57.680992"><ele>118.365</ele><time>2026-05-05T16:41:20Z</time></trkpt><trkpt lat="-16.072206" lon="-57.680952"><ele>118.014</ele><time>2026-05-05T16:41:21Z</time></trkpt><trkpt lat="-16.072273" lon="-57.680919"><ele>117.918</ele><time>2026-05-05T16:41:23Z</time></trkpt><trkpt lat="-16.072338" lon="-57.680936"><ele>117.914</ele><time>2026-05-05T16:41:25Z</time></trkpt><trkpt lat="-16.072396" lon="-57.680916"><ele>118.068</ele><time>2026-05-05T16:41:27Z</time></trkpt><trkpt lat="-16.072424" lon="-57.680868"><ele>118.414</ele><time>2026-05-05T16:41:29Z</time></trkpt><trkpt lat="-16.072436" lon="-57.680813"><ele>118.635</ele><time>2026-05-05T16:41:31Z</time></trkpt><trkpt lat="-16.072433" lon="-57.680733"><ele>118.801</ele><time>2026-05-05T16:41:33Z</time></trkpt><trkpt lat="-16.072446" lon="-57.680648"><ele>119.120</ele><time>2026-05-05T16:41:35Z</time></trkpt><trkpt lat="-16.072484" lon="-57.680583"><ele>119.395</ele><time>2026-05-05T16:41:36Z</time></trkpt><trkpt lat="-16.072531" lon="-57.680533"><ele>119.619</ele><time>2026-05-05T16:41:37Z</time></trkpt><trkpt lat="-16.072588" lon="-57.68049"><ele>119.735</ele><time>2026-05-05T16:41:38Z</time></trkpt><trkpt lat="-16.07265" lon="-57.680445"><ele>119.750</ele><time>2026-05-05T16:41:39Z</time></trkpt><trkpt lat="-16.072698" lon="-57.680393"><ele>119.838</ele><time>2026-05-05T16:41:40Z</time></trkpt><trkpt lat="-16.072775" lon="-57.680336"><ele>120.088</ele><time>2026-05-05T16:41:41Z</time></trkpt><trkpt lat="-16.072863" lon="-57.680258"><ele>120.222</ele><time>2026-05-05T16:41:42Z</time></trkpt><trkpt lat="-16.072926" lon="-57.680195"><ele>120.638</ele><time>2026-05-05T16:41:43Z</time></trkpt><trkpt lat="-16.072984" lon="-57.680143"><ele>120.694</ele><time>2026-05-05T16:41:44Z</time></trkpt><trkpt lat="-16.073047" lon="-57.680078"><ele>120.784</ele><time>2026-05-05T16:41:45Z</time></trkpt><trkpt lat="-16.073099" lon="-57.680023"><ele>120.711</ele><time>2026-05-05T16:41:46Z</time></trkpt><trkpt lat="-16.073144" lon="-57.67996"><ele>120.799</ele><time>2026-05-05T16:41:47Z</time></trkpt><trkpt lat="-16.073184" lon="-57.679932"><ele>120.731</ele><time>2026-05-05T16:41:48Z</time></trkpt><trkpt lat="-16.073224" lon="-57.679887"><ele>120.732</ele><time>2026-05-05T16:41:49Z</time></trkpt><trkpt lat="-16.073264" lon="-57.679844"><ele>120.758</ele><time>2026-05-05T16:41:50Z</time></trkpt><trkpt lat="-16.073307" lon="-57.679816"><ele>120.767</ele><time>2026-05-05T16:41:51Z</time></trkpt><trkpt lat="-16.073382" lon="-57.679768"><ele>120.729</ele><time>2026-05-05T16:41:53Z</time></trkpt><trkpt lat="-16.073412" lon="-57.679733"><ele>120.722</ele><time>2026-05-05T16:41:54Z</time></trkpt><trkpt lat="-16.073497" lon="-57.679666"><ele>120.575</ele><time>2026-05-05T16:41:56Z</time></trkpt><trkpt lat="-16.073552" lon="-57.679606"><ele>119.992</ele><time>2026-05-05T16:41:57Z</time></trkpt><trkpt lat="-16.07361" lon="-57.679551"><ele>119.938</ele><time>2026-05-05T16:41:58Z</time></trkpt><trkpt lat="-16.073685" lon="-57.679483"><ele>119.760</ele><time>2026-05-05T16:41:59Z</time></trkpt><trkpt lat="-16.073743" lon="-57.679436"><ele>119.173</ele><time>2026-05-05T16:42:00Z</time></trkpt><trkpt lat="-16.073815" lon="-57.679391"><ele>118.512</ele><time>2026-05-05T16:42:01Z</time></trkpt><trkpt lat="-16.073893" lon="-57.679331"><ele>118.401</ele><time>2026-05-05T16:42:02Z</time></trkpt><trkpt lat="-16.073983" lon="-57.679278"><ele>118.448</ele><time>2026-05-05T16:42:03Z</time></trkpt><trkpt lat="-16.074076" lon="-57.679231"><ele>117.961</ele><time>2026-05-05T16:42:04Z</time></trkpt><trkpt lat="-16.074166" lon="-57.679178"><ele>117.876</ele><time>2026-05-05T16:42:05Z</time></trkpt><trkpt lat="-16.074334" lon="-57.679108"><ele>117.890</ele><time>2026-05-05T16:42:06Z</time></trkpt><trkpt lat="-16.074479" lon="-57.679068"><ele>117.027</ele><time>2026-05-05T16:42:07Z</time></trkpt><trkpt lat="-16.074602" lon="-57.679038"><ele>116.532</ele><time>2026-05-05T16:42:08Z</time></trkpt><trkpt lat="-16.074719" lon="-57.679005"><ele>116.007</ele><time>2026-05-05T16:42:09Z</time></trkpt><trkpt lat="-16.074847" lon="-57.67897"><ele>115.807</ele><time>2026-05-05T16:42:10Z</time></trkpt><trkpt lat="-16.074974" lon="-57.678937"><ele>115.502</ele><time>2026-05-05T16:42:11Z</time></trkpt><trkpt lat="-16.075104" lon="-57.6789"><ele>115.278</ele><time>2026-05-05T16:42:12Z</time></trkpt><trkpt lat="-16.075237" lon="-57.678857"><ele>114.668</ele><time>2026-05-05T16:42:13Z</time></trkpt><trkpt lat="-16.075365" lon="-57.678819"><ele>114.221</ele><time>2026-05-05T16:42:14Z</time></trkpt><trkpt lat="-16.0755" lon="-57.678794"><ele>114.229</ele><time>2026-05-05T16:42:15Z</time></trkpt><trkpt lat="-16.075627" lon="-57.678764"><ele>114.435</ele><time>2026-05-05T16:42:16Z</time></trkpt><trkpt lat="-16.075749" lon="-57.678741"><ele>114.638</ele><time>2026-05-05T16:42:17Z</time></trkpt><trkpt lat="-16.075862" lon="-57.678713"><ele>114.715</ele><time>2026-05-05T16:42:18Z</time></trkpt><trkpt lat="-16.075965" lon="-57.678695"><ele>114.700</ele><time>2026-05-05T16:42:19Z</time></trkpt><trkpt lat="-16.07606" lon="-57.678672"><ele>115.188</ele><time>2026-05-05T16:42:20Z</time></trkpt><trkpt lat="-16.07614" lon="-57.678652"><ele>115.289</ele><time>2026-05-05T16:42:21Z</time></trkpt><trkpt lat="-16.0762" lon="-57.678639"><ele>115.312</ele><time>2026-05-05T16:42:22Z</time></trkpt><trkpt lat="-16.076248" lon="-57.678631"><ele>115.659</ele><time>2026-05-05T16:42:23Z</time></trkpt><trkpt lat="-16.07633" lon="-57.678619"><ele>115.987</ele><time>2026-05-05T16:42:25Z</time></trkpt><trkpt lat="-16.076423" lon="-57.678606"><ele>116.141</ele><time>2026-05-05T16:42:27Z</time></trkpt><trkpt lat="-16.076481" lon="-57.678591"><ele>116.313</ele><time>2026-05-05T16:42:28Z</time></trkpt><trkpt lat="-16.076546" lon="-57.678576"><ele>116.446</ele><time>2026-05-05T16:42:29Z</time></trkpt><trkpt lat="-16.076614" lon="-57.678556"><ele>116.489</ele><time>2026-05-05T16:42:30Z</time></trkpt><trkpt lat="-16.076697" lon="-57.678528"><ele>116.669</ele><time>2026-05-05T16:42:31Z</time></trkpt><trkpt lat="-16.076782" lon="-57.678501"><ele>117.058</ele><time>2026-05-05T16:42:32Z</time></trkpt><trkpt lat="-16.076874" lon="-57.678481"><ele>117.358</ele><time>2026-05-05T16:42:33Z</time></trkpt><trkpt lat="-16.076967" lon="-57.678464"><ele>117.308</ele><time>2026-05-05T16:42:34Z</time></trkpt><trkpt lat="-16.077065" lon="-57.678437"><ele>116.898</ele><time>2026-05-05T16:42:35Z</time></trkpt><trkpt lat="-16.07717" lon="-57.678404"><ele>116.898</ele><time>2026-05-05T16:42:36Z</time></trkpt><trkpt lat="-16.07727" lon="-57.678374"><ele>117.144</ele><time>2026-05-05T16:42:37Z</time></trkpt><trkpt lat="-16.077373" lon="-57.678344"><ele>117.501</ele><time>2026-05-05T16:42:38Z</time></trkpt><trkpt lat="-16.077475" lon="-57.678316"><ele>117.899</ele><time>2026-05-05T16:42:39Z</time></trkpt><trkpt lat="-16.077577" lon="-57.678288"><ele>118.226</ele><time>2026-05-05T16:42:40Z</time></trkpt><trkpt lat="-16.077679" lon="-57.678256"><ele>118.451</ele><time>2026-05-05T16:42:41Z</time></trkpt><trkpt lat="-16.077781" lon="-57.678231"><ele>118.516</ele><time>2026-05-05T16:42:42Z</time></trkpt><trkpt lat="-16.077883" lon="-57.678204"><ele>118.603</ele><time>2026-05-05T16:42:43Z</time></trkpt><trkpt lat="-16.077985" lon="-57.678174"><ele>118.739</ele><time>2026-05-05T16:42:44Z</time></trkpt><trkpt lat="-16.078082" lon="-57.678157"><ele>118.760</ele><time>2026-05-05T16:42:45Z</time></trkpt><trkpt lat="-16.078182" lon="-57.678137"><ele>118.815</ele><time>2026-05-05T16:42:46Z</time></trkpt><trkpt lat="-16.078285" lon="-57.678114"><ele>118.809</ele><time>2026-05-05T16:42:47Z</time></trkpt><trkpt lat="-16.078387" lon="-57.678089"><ele>119.088</ele><time>2026-05-05T16:42:48Z</time></trkpt><trkpt lat="-16.078484" lon="-57.678071"><ele>119.279</ele><time>2026-05-05T16:42:49Z</time></trkpt><trkpt lat="-16.078571" lon="-57.678049"><ele>119.326</ele><time>2026-05-05T16:42:50Z</time></trkpt><trkpt lat="-16.078664" lon="-57.678026"><ele>119.415</ele><time>2026-05-05T16:42:51Z</time></trkpt><trkpt lat="-16.078759" lon="-57.678006"><ele>119.574</ele><time>2026-05-05T16:42:52Z</time></trkpt><trkpt lat="-16.078851" lon="-57.677993"><ele>119.684</ele><time>2026-05-05T16:42:53Z</time></trkpt><trkpt lat="-16.078938" lon="-57.677976"><ele>119.760</ele><time>2026-05-05T16:42:54Z</time></trkpt><trkpt lat="-16.079048" lon="-57.677951"><ele>119.882</ele><time>2026-05-05T16:42:55Z</time></trkpt><trkpt lat="-16.07914" lon="-57.677933"><ele>120.047</ele><time>2026-05-05T16:42:56Z</time></trkpt><trkpt lat="-16.079262" lon="-57.677943"><ele>120.342</ele><time>2026-05-05T16:42:57Z</time></trkpt><trkpt lat="-16.07937" lon="-57.677916"><ele>123.059</ele><time>2026-05-05T16:42:58Z</time></trkpt><trkpt lat="-16.079497" lon="-57.677876"><ele>123.902</ele><time>2026-05-05T16:42:59Z</time></trkpt><trkpt lat="-16.079612" lon="-57.677839"><ele>123.902</ele><time>2026-05-05T16:43:00Z</time></trkpt><trkpt lat="-16.079724" lon="-57.677804"><ele>123.939</ele><time>2026-05-05T16:43:01Z</time></trkpt><trkpt lat="-16.079836" lon="-57.677767"><ele>123.982</ele><time>2026-05-05T16:43:02Z</time></trkpt><trkpt lat="-16.079939" lon="-57.677724"><ele>123.991</ele><time>2026-05-05T16:43:03Z</time></trkpt><trkpt lat="-16.080037" lon="-57.677686"><ele>124.050</ele><time>2026-05-05T16:43:04Z</time></trkpt><trkpt lat="-16.080135" lon="-57.677651"><ele>124.092</ele><time>2026-05-05T16:43:05Z</time></trkpt><trkpt lat="-16.080232" lon="-57.677624"><ele>123.671</ele><time>2026-05-05T16:43:06Z</time></trkpt><trkpt lat="-16.080329" lon="-57.677597"><ele>123.112</ele><time>2026-05-05T16:43:07Z</time></trkpt><trkpt lat="-16.080421" lon="-57.677572"><ele>122.471</ele><time>2026-05-05T16:43:08Z</time></trkpt><trkpt lat="-16.080513" lon="-57.67754"><ele>122.037</ele><time>2026-05-05T16:43:09Z</time></trkpt><trkpt lat="-16.080603" lon="-57.677508"><ele>121.457</ele><time>2026-05-05T16:43:10Z</time></trkpt><trkpt lat="-16.08069" lon="-57.67748"><ele>121.143</ele><time>2026-05-05T16:43:11Z</time></trkpt><trkpt lat="-16.08078" lon="-57.677453"><ele>121.009</ele><time>2026-05-05T16:43:12Z</time></trkpt><trkpt lat="-16.08087" lon="-57.67743"><ele>120.940</ele><time>2026-05-05T16:43:13Z</time></trkpt><trkpt lat="-16.080955" lon="-57.677407"><ele>120.993</ele><time>2026-05-05T16:43:14Z</time></trkpt><trkpt lat="-16.081032" lon="-57.677365"><ele>120.946</ele><time>2026-05-05T16:43:15Z</time></trkpt><trkpt lat="-16.0811" lon="-57.677327"><ele>120.871</ele><time>2026-05-05T16:43:16Z</time></trkpt><trkpt lat="-16.081165" lon="-57.677289"><ele>120.785</ele><time>2026-05-05T16:43:17Z</time></trkpt><trkpt lat="-16.081225" lon="-57.677252"><ele>120.713</ele><time>2026-05-05T16:43:18Z</time></trkpt><trkpt lat="-16.081288" lon="-57.677214"><ele>120.838</ele><time>2026-05-05T16:43:19Z</time></trkpt><trkpt lat="-16.081331" lon="-57.677197"><ele>120.980</ele><time>2026-05-05T16:43:21Z</time></trkpt><trkpt lat="-16.081396" lon="-57.677189"><ele>121.269</ele><time>2026-05-05T16:43:23Z</time></trkpt><trkpt lat="-16.081486" lon="-57.677179"><ele>121.322</ele><time>2026-05-05T16:43:25Z</time></trkpt><trkpt lat="-16.081546" lon="-57.677164"><ele>121.462</ele><time>2026-05-05T16:43:26Z</time></trkpt><trkpt lat="-16.081603" lon="-57.677152"><ele>121.446</ele><time>2026-05-05T16:43:27Z</time></trkpt><trkpt lat="-16.081663" lon="-57.677135"><ele>121.492</ele><time>2026-05-05T16:43:28Z</time></trkpt><trkpt lat="-16.08172" lon="-57.677122"><ele>121.686</ele><time>2026-05-05T16:43:29Z</time></trkpt><trkpt lat="-16.081787" lon="-57.677104"><ele>121.627</ele><time>2026-05-05T16:43:30Z</time></trkpt><trkpt lat="-16.081865" lon="-57.677081"><ele>121.644</ele><time>2026-05-05T16:43:31Z</time></trkpt><trkpt lat="-16.081937" lon="-57.677059"><ele>121.522</ele><time>2026-05-05T16:43:32Z</time></trkpt><trkpt lat="-16.082007" lon="-57.677047"><ele>121.558</ele><time>2026-05-05T16:43:33Z</time></trkpt><trkpt lat="-16.082079" lon="-57.677025"><ele>121.590</ele><time>2026-05-05T16:43:34Z</time></trkpt><trkpt lat="-16.082149" lon="-57.677008"><ele>121.682</ele><time>2026-05-05T16:43:35Z</time></trkpt><trkpt lat="-16.082219" lon="-57.676995"><ele>121.637</ele><time>2026-05-05T16:43:36Z</time></trkpt><trkpt lat="-16.082299" lon="-57.676967"><ele>122.166</ele><time>2026-05-05T16:43:37Z</time></trkpt><trkpt lat="-16.082366" lon="-57.67694"><ele>122.434</ele><time>2026-05-05T16:43:38Z</time></trkpt><trkpt lat="-16.082431" lon="-57.676928"><ele>122.479</ele><time>2026-05-05T16:43:39Z</time></trkpt><trkpt lat="-16.082498" lon="-57.676915"><ele>122.373</ele><time>2026-05-05T16:43:40Z</time></trkpt><trkpt lat="-16.08257" lon="-57.676898"><ele>122.311</ele><time>2026-05-05T16:43:41Z</time></trkpt><trkpt lat="-16.08262" lon="-57.676896"><ele>122.369</ele><time>2026-05-05T16:43:42Z</time></trkpt><trkpt lat="-16.082667" lon="-57.676891"><ele>122.303</ele><time>2026-05-05T16:43:43Z</time></trkpt><trkpt lat="-16.082735" lon="-57.676866"><ele>122.976</ele><time>2026-05-05T16:43:45Z</time></trkpt><trkpt lat="-16.082802" lon="-57.676849"><ele>123.010</ele><time>2026-05-05T16:43:47Z</time></trkpt><trkpt lat="-16.082854" lon="-57.676822"><ele>123.226</ele><time>2026-05-05T16:43:49Z</time></trkpt><trkpt lat="-16.082909" lon="-57.676795"><ele>123.441</ele><time>2026-05-05T16:43:51Z</time></trkpt><trkpt lat="-16.082967" lon="-57.676763"><ele>123.389</ele><time>2026-05-05T16:43:53Z</time></trkpt><trkpt lat="-16.083012" lon="-57.676738"><ele>123.343</ele><time>2026-05-05T16:43:54Z</time></trkpt><trkpt lat="-16.083094" lon="-57.676703"><ele>122.758</ele><time>2026-05-05T16:43:56Z</time></trkpt><trkpt lat="-16.083157" lon="-57.676678"><ele>122.040</ele><time>2026-05-05T16:43:58Z</time></trkpt><trkpt lat="-16.083234" lon="-57.676661"><ele>121.268</ele><time>2026-05-05T16:44:00Z</time></trkpt><trkpt lat="-16.083317" lon="-57.676643"><ele>120.925</ele><time>2026-05-05T16:44:01Z</time></trkpt><trkpt lat="-16.083402" lon="-57.67663"><ele>120.801</ele><time>2026-05-05T16:44:02Z</time></trkpt><trkpt lat="-16.083502" lon="-57.676607"><ele>120.881</ele><time>2026-05-05T16:44:03Z</time></trkpt><trkpt lat="-16.083615" lon="-57.676585"><ele>120.893</ele><time>2026-05-05T16:44:04Z</time></trkpt><trkpt lat="-16.083738" lon="-57.676557"><ele>120.929</ele><time>2026-05-05T16:44:05Z</time></trkpt><trkpt lat="-16.083861" lon="-57.67652"><ele>121.018</ele><time>2026-05-05T16:44:06Z</time></trkpt><trkpt lat="-16.084001" lon="-57.67647"><ele>121.071</ele><time>2026-05-05T16:44:07Z</time></trkpt><trkpt lat="-16.084123" lon="-57.676442"><ele>120.931</ele><time>2026-05-05T16:44:08Z</time></trkpt><trkpt lat="-16.084236" lon="-57.676419"><ele>120.954</ele><time>2026-05-05T16:44:09Z</time></trkpt><trkpt lat="-16.084356" lon="-57.676397"><ele>120.956</ele><time>2026-05-05T16:44:10Z</time></trkpt><trkpt lat="-16.084458" lon="-57.67637"><ele>120.959</ele><time>2026-05-05T16:44:11Z</time></trkpt><trkpt lat="-16.084545" lon="-57.676343"><ele>120.780</ele><time>2026-05-05T16:44:12Z</time></trkpt><trkpt lat="-16.084622" lon="-57.676325"><ele>120.656</ele><time>2026-05-05T16:44:13Z</time></trkpt><trkpt lat="-16.084692" lon="-57.676305"><ele>120.519</ele><time>2026-05-05T16:44:14Z</time></trkpt><trkpt lat="-16.084749" lon="-57.676293"><ele>120.400</ele><time>2026-05-05T16:44:15Z</time></trkpt><trkpt lat="-16.084804" lon="-57.67627"><ele>120.219</ele><time>2026-05-05T16:44:16Z</time></trkpt><trkpt lat="-16.084856" lon="-57.676255"><ele>120.222</ele><time>2026-05-05T16:44:17Z</time></trkpt><trkpt lat="-16.084908" lon="-57.676242"><ele>120.266</ele><time>2026-05-05T16:44:18Z</time></trkpt><trkpt lat="-16.084961" lon="-57.676224"><ele>120.148</ele><time>2026-05-05T16:44:20Z</time></trkpt><trkpt lat="-16.084954" lon="-57.676161"><ele>118.185</ele><time>2026-05-05T16:44:37Z</time></trkpt><trkpt lat="-16.084914" lon="-57.676188"><ele>117.154</ele><time>2026-05-05T16:44:51Z</time></trkpt><trkpt lat="-16.084966" lon="-57.676176"><ele>117.309</ele><time>2026-05-05T16:44:55Z</time></trkpt><trkpt lat="-16.085033" lon="-57.676163"><ele>118.030</ele><time>2026-05-05T16:44:58Z</time></trkpt><trkpt lat="-16.085108" lon="-57.676151"><ele>118.748</ele><time>2026-05-05T16:45:00Z</time></trkpt><trkpt lat="-16.085216" lon="-57.676136"><ele>119.235</ele><time>2026-05-05T16:45:02Z</time></trkpt><trkpt lat="-16.085276" lon="-57.676118"><ele>119.426</ele><time>2026-05-05T16:45:03Z</time></trkpt><trkpt lat="-16.085336" lon="-57.676101"><ele>119.648</ele><time>2026-05-05T16:45:04Z</time></trkpt><trkpt lat="-16.085434" lon="-57.676079"><ele>120.226</ele><time>2026-05-05T16:45:06Z</time></trkpt><trkpt lat="-16.085501" lon="-57.676054"><ele>120.490</ele><time>2026-05-05T16:45:07Z</time></trkpt><trkpt lat="-16.085563" lon="-57.676031"><ele>121.447</ele><time>2026-05-05T16:45:08Z</time></trkpt><trkpt lat="-16.085626" lon="-57.676011"><ele>121.945</ele><time>2026-05-05T16:45:09Z</time></trkpt><trkpt lat="-16.085686" lon="-57.675999"><ele>122.187</ele><time>2026-05-05T16:45:10Z</time></trkpt><trkpt lat="-16.085754" lon="-57.675979"><ele>122.138</ele><time>2026-05-05T16:45:11Z</time></trkpt><trkpt lat="-16.085819" lon="-57.675957"><ele>122.154</ele><time>2026-05-05T16:45:12Z</time></trkpt><trkpt lat="-16.085889" lon="-57.67593"><ele>122.046</ele><time>2026-05-05T16:45:13Z</time></trkpt><trkpt lat="-16.085952" lon="-57.67591"><ele>122.050</ele><time>2026-05-05T16:45:14Z</time></trkpt><trkpt lat="-16.086004" lon="-57.675888"><ele>122.294</ele><time>2026-05-05T16:45:15Z</time></trkpt><trkpt lat="-16.086044" lon="-57.675863"><ele>122.464</ele><time>2026-05-05T16:45:16Z</time></trkpt><trkpt lat="-16.086099" lon="-57.675823"><ele>122.981</ele><time>2026-05-05T16:45:18Z</time></trkpt><trkpt lat="-16.086171" lon="-57.67579"><ele>124.362</ele><time>2026-05-05T16:45:20Z</time></trkpt><trkpt lat="-16.086218" lon="-57.675762"><ele>124.709</ele><time>2026-05-05T16:45:22Z</time></trkpt><trkpt lat="-16.086298" lon="-57.675749"><ele>124.740</ele><time>2026-05-05T16:45:24Z</time></trkpt><trkpt lat="-16.086401" lon="-57.675724"><ele>124.995</ele><time>2026-05-05T16:45:26Z</time></trkpt><trkpt lat="-16.086469" lon="-57.675706"><ele>125.169</ele><time>2026-05-05T16:45:27Z</time></trkpt><trkpt lat="-16.086531" lon="-57.675694"><ele>125.273</ele><time>2026-05-05T16:45:28Z</time></trkpt><trkpt lat="-16.086588" lon="-57.675686"><ele>125.320</ele><time>2026-05-05T16:45:29Z</time></trkpt><trkpt lat="-16.086668" lon="-57.675658"><ele>125.425</ele><time>2026-05-05T16:45:30Z</time></trkpt><trkpt lat="-16.086743" lon="-57.675636"><ele>125.698</ele><time>2026-05-05T16:45:31Z</time></trkpt><trkpt lat="-16.086828" lon="-57.675619"><ele>125.813</ele><time>2026-05-05T16:45:32Z</time></trkpt><trkpt lat="-16.086916" lon="-57.675604"><ele>125.971</ele><time>2026-05-05T16:45:33Z</time></trkpt><trkpt lat="-16.086999" lon="-57.675586"><ele>125.940</ele><time>2026-05-05T16:45:34Z</time></trkpt><trkpt lat="-16.087072" lon="-57.675578"><ele>125.816</ele><time>2026-05-05T16:45:35Z</time></trkpt><trkpt lat="-16.087137" lon="-57.675573"><ele>125.822</ele><time>2026-05-05T16:45:36Z</time></trkpt><trkpt lat="-16.087194" lon="-57.675588"><ele>125.921</ele><time>2026-05-05T16:45:37Z</time></trkpt><trkpt lat="-16.087254" lon="-57.675575"><ele>126.237</ele><time>2026-05-05T16:45:38Z</time></trkpt><trkpt lat="-16.087304" lon="-57.675568"><ele>126.103</ele><time>2026-05-05T16:45:39Z</time></trkpt><trkpt lat="-16.087371" lon="-57.675568"><ele>126.393</ele><time>2026-05-05T16:45:41Z</time></trkpt><trkpt lat="-16.087411" lon="-57.675606"><ele>126.485</ele><time>2026-05-05T16:45:43Z</time></trkpt><trkpt lat="-16.087366" lon="-57.675658"><ele>126.291</ele><time>2026-05-05T16:45:45Z</time></trkpt><trkpt lat="-16.087339" lon="-57.675698"><ele>126.327</ele><time>2026-05-05T16:45:46Z</time></trkpt><trkpt lat="-16.087317" lon="-57.675746"><ele>126.174</ele><time>2026-05-05T16:45:47Z</time></trkpt><trkpt lat="-16.087304" lon="-57.675804"><ele>126.012</ele><time>2026-05-05T16:45:48Z</time></trkpt><trkpt lat="-16.087296" lon="-57.675862"><ele>125.970</ele><time>2026-05-05T16:45:49Z</time></trkpt><trkpt lat="-16.087284" lon="-57.675924"><ele>125.571</ele><time>2026-05-05T16:45:50Z</time></trkpt><trkpt lat="-16.087272" lon="-57.675987"><ele>125.504</ele><time>2026-05-05T16:45:51Z</time></trkpt><trkpt lat="-16.087259" lon="-57.676069"><ele>125.551</ele><time>2026-05-05T16:45:52Z</time></trkpt><trkpt lat="-16.087244" lon="-57.676172"><ele>125.861</ele><time>2026-05-05T16:45:53Z</time></trkpt><trkpt lat="-16.087231" lon="-57.676269"><ele>125.893</ele><time>2026-05-05T16:45:54Z</time></trkpt><trkpt lat="-16.087219" lon="-57.676371"><ele>125.717</ele><time>2026-05-05T16:45:55Z</time></trkpt><trkpt lat="-16.087197" lon="-57.676484"><ele>125.723</ele><time>2026-05-05T16:45:56Z</time></trkpt><trkpt lat="-16.087175" lon="-57.676599"><ele>125.829</ele><time>2026-05-05T16:45:57Z</time></trkpt><trkpt lat="-16.087152" lon="-57.676721"><ele>125.873</ele><time>2026-05-05T16:45:58Z</time></trkpt><trkpt lat="-16.087129" lon="-57.676838"><ele>125.827</ele><time>2026-05-05T16:45:59Z</time></trkpt><trkpt lat="-16.087106" lon="-57.676961"><ele>125.965</ele><time>2026-05-05T16:46:00Z</time></trkpt><trkpt lat="-16.087081" lon="-57.677091"><ele>125.946</ele><time>2026-05-05T16:46:01Z</time></trkpt><trkpt lat="-16.087056" lon="-57.677224"><ele>126.023</ele><time>2026-05-05T16:46:02Z</time></trkpt><trkpt lat="-16.087029" lon="-57.677367"><ele>126.197</ele><time>2026-05-05T16:46:03Z</time></trkpt><trkpt lat="-16.086997" lon="-57.677525"><ele>127.390</ele><time>2026-05-05T16:46:04Z</time></trkpt><trkpt lat="-16.086962" lon="-57.677687"><ele>128.056</ele><time>2026-05-05T16:46:05Z</time></trkpt><trkpt lat="-16.086939" lon="-57.67783"><ele>127.601</ele><time>2026-05-05T16:46:06Z</time></trkpt><trkpt lat="-16.086912" lon="-57.677988"><ele>126.392</ele><time>2026-05-05T16:46:07Z</time></trkpt><trkpt lat="-16.086894" lon="-57.678118"><ele>124.493</ele><time>2026-05-05T16:46:08Z</time></trkpt><trkpt lat="-16.086874" lon="-57.678241"><ele>123.542</ele><time>2026-05-05T16:46:09Z</time></trkpt><trkpt lat="-16.086851" lon="-57.678359"><ele>123.310</ele><time>2026-05-05T16:46:10Z</time></trkpt><trkpt lat="-16.086836" lon="-57.678476"><ele>122.897</ele><time>2026-05-05T16:46:11Z</time></trkpt><trkpt lat="-16.086828" lon="-57.678589"><ele>122.429</ele><time>2026-05-05T16:46:12Z</time></trkpt><trkpt lat="-16.086816" lon="-57.678707"><ele>122.055</ele><time>2026-05-05T16:46:13Z</time></trkpt><trkpt lat="-16.086798" lon="-57.678829"><ele>122.059</ele><time>2026-05-05T16:46:14Z</time></trkpt><trkpt lat="-16.086773" lon="-57.678957"><ele>122.076</ele><time>2026-05-05T16:46:15Z</time></trkpt><trkpt lat="-16.086748" lon="-57.679085"><ele>122.021</ele><time>2026-05-05T16:46:16Z</time></trkpt><trkpt lat="-16.08672" lon="-57.679217"><ele>122.045</ele><time>2026-05-05T16:46:17Z</time></trkpt><trkpt lat="-16.086697" lon="-57.679347"><ele>122.244</ele><time>2026-05-05T16:46:18Z</time></trkpt><trkpt lat="-16.086667" lon="-57.679487"><ele>123.067</ele><time>2026-05-05T16:46:19Z</time></trkpt><trkpt lat="-16.086637" lon="-57.679632"><ele>123.245</ele><time>2026-05-05T16:46:20Z</time></trkpt><trkpt lat="-16.086609" lon="-57.679777"><ele>123.371</ele><time>2026-05-05T16:46:21Z</time></trkpt><trkpt lat="-16.086586" lon="-57.679907"><ele>123.135</ele><time>2026-05-05T16:46:22Z</time></trkpt><trkpt lat="-16.086564" lon="-57.680024"><ele>123.233</ele><time>2026-05-05T16:46:23Z</time></trkpt><trkpt lat="-16.086546" lon="-57.680127"><ele>123.247</ele><time>2026-05-05T16:46:24Z</time></trkpt><trkpt lat="-16.086528" lon="-57.680219"><ele>123.408</ele><time>2026-05-05T16:46:25Z</time></trkpt><trkpt lat="-16.08651" lon="-57.680304"><ele>123.840</ele><time>2026-05-05T16:46:26Z</time></trkpt><trkpt lat="-16.086493" lon="-57.680387"><ele>124.106</ele><time>2026-05-05T16:46:27Z</time></trkpt><trkpt lat="-16.086495" lon="-57.68044"><ele>124.348</ele><time>2026-05-05T16:46:28Z</time></trkpt><trkpt lat="-16.086483" lon="-57.680495"><ele>124.606</ele><time>2026-05-05T16:46:29Z</time></trkpt><trkpt lat="-16.086478" lon="-57.680573"><ele>125.195</ele><time>2026-05-05T16:46:31Z</time></trkpt><trkpt lat="-16.086491" lon="-57.680448"><ele>127.483</ele><time>2026-05-05T16:46:39Z</time></trkpt><trkpt lat="-16.086554" lon="-57.680491"><ele>128.118</ele><time>2026-05-05T16:46:44Z</time></trkpt><trkpt lat="-16.086602" lon="-57.680506"><ele>128.298</ele><time>2026-05-05T16:46:45Z</time></trkpt><trkpt lat="-16.086702" lon="-57.680503"><ele>128.396</ele><time>2026-05-05T16:46:47Z</time></trkpt><trkpt lat="-16.086759" lon="-57.680498"><ele>128.628</ele><time>2026-05-05T16:46:48Z</time></trkpt><trkpt lat="-16.086819" lon="-57.680496"><ele>128.667</ele><time>2026-05-05T16:46:49Z</time></trkpt><trkpt lat="-16.086889" lon="-57.680488"><ele>128.633</ele><time>2026-05-05T16:46:50Z</time></trkpt><trkpt lat="-16.086962" lon="-57.680471"><ele>128.534</ele><time>2026-05-05T16:46:51Z</time></trkpt><trkpt lat="-16.087044" lon="-57.680451"><ele>128.515</ele><time>2026-05-05T16:46:52Z</time></trkpt><trkpt lat="-16.087136" lon="-57.680428"><ele>128.324</ele><time>2026-05-05T16:46:53Z</time></trkpt><trkpt lat="-16.087221" lon="-57.68041"><ele>128.267</ele><time>2026-05-05T16:46:54Z</time></trkpt><trkpt lat="-16.087301" lon="-57.680397"><ele>128.112</ele><time>2026-05-05T16:46:55Z</time></trkpt><trkpt lat="-16.087396" lon="-57.680385"><ele>128.096</ele><time>2026-05-05T16:46:56Z</time></trkpt><trkpt lat="-16.087511" lon="-57.680337"><ele>127.999</ele><time>2026-05-05T16:46:57Z</time></trkpt><trkpt lat="-16.087616" lon="-57.680302"><ele>127.584</ele><time>2026-05-05T16:46:58Z</time></trkpt><trkpt lat="-16.087721" lon="-57.680282"><ele>127.404</ele><time>2026-05-05T16:46:59Z</time></trkpt><trkpt lat="-16.087819" lon="-57.680264"><ele>127.067</ele><time>2026-05-05T16:47:00Z</time></trkpt><trkpt lat="-16.087922" lon="-57.680239"><ele>126.743</ele><time>2026-05-05T16:47:01Z</time></trkpt><trkpt lat="-16.088022" lon="-57.680222"><ele>126.332</ele><time>2026-05-05T16:47:02Z</time></trkpt><trkpt lat="-16.088119" lon="-57.680204"><ele>126.138</ele><time>2026-05-05T16:47:03Z</time></trkpt><trkpt lat="-16.088216" lon="-57.680184"><ele>125.825</ele><time>2026-05-05T16:47:04Z</time></trkpt><trkpt lat="-16.088309" lon="-57.680166"><ele>125.235</ele><time>2026-05-05T16:47:05Z</time></trkpt><trkpt lat="-16.088396" lon="-57.680146"><ele>125.133</ele><time>2026-05-05T16:47:06Z</time></trkpt><trkpt lat="-16.088473" lon="-57.680128"><ele>124.997</ele><time>2026-05-05T16:47:07Z</time></trkpt><trkpt lat="-16.088538" lon="-57.680113"><ele>124.922</ele><time>2026-05-05T16:47:08Z</time></trkpt><trkpt lat="-16.088591" lon="-57.680115"><ele>124.922</ele><time>2026-05-05T16:47:09Z</time></trkpt><trkpt lat="-16.088634" lon="-57.680128"><ele>124.920</ele><time>2026-05-05T16:47:10Z</time></trkpt><trkpt lat="-16.088679" lon="-57.680195"><ele>124.953</ele><time>2026-05-05T16:47:12Z</time></trkpt><trkpt lat="-16.088692" lon="-57.680265"><ele>124.893</ele><time>2026-05-05T16:47:14Z</time></trkpt><trkpt lat="-16.088702" lon="-57.680335"><ele>124.786</ele><time>2026-05-05T16:47:16Z</time></trkpt><trkpt lat="-16.088715" lon="-57.680415"><ele>124.781</ele><time>2026-05-05T16:47:18Z</time></trkpt><trkpt lat="-16.088738" lon="-57.68047"><ele>124.541</ele><time>2026-05-05T16:47:20Z</time></trkpt><trkpt lat="-16.088758" lon="-57.680517"><ele>123.650</ele><time>2026-05-05T16:47:23Z</time></trkpt><trkpt lat="-16.088743" lon="-57.680612"><ele>123.354</ele><time>2026-05-05T16:47:50Z</time></trkpt><trkpt lat="-16.088721" lon="-57.680712"><ele>124.723</ele><time>2026-05-05T16:48:01Z</time></trkpt><trkpt lat="-16.088761" lon="-57.680772"><ele>123.971</ele><time>2026-05-05T16:48:04Z</time></trkpt><trkpt lat="-16.088794" lon="-57.680827"><ele>123.750</ele><time>2026-05-05T16:48:06Z</time></trkpt><trkpt lat="-16.088824" lon="-57.680889"><ele>123.703</ele><time>2026-05-05T16:48:08Z</time></trkpt><trkpt lat="-16.088841" lon="-57.680939"><ele>123.556</ele><time>2026-05-05T16:48:10Z</time></trkpt><trkpt lat="-16.088849" lon="-57.680986"><ele>123.587</ele><time>2026-05-05T16:48:13Z</time></trkpt><trkpt lat="-16.088834" lon="-57.681031"><ele>123.685</ele><time>2026-05-05T16:48:17Z</time></trkpt><trkpt lat="-16.088784" lon="-57.681093"><ele>123.695</ele><time>2026-05-05T16:48:20Z</time></trkpt><trkpt lat="-16.088766" lon="-57.681138"><ele>123.439</ele><time>2026-05-05T16:48:21Z</time></trkpt><trkpt lat="-16.088739" lon="-57.681195"><ele>123.277</ele><time>2026-05-05T16:48:22Z</time></trkpt><trkpt lat="-16.088699" lon="-57.68125"><ele>123.240</ele><time>2026-05-05T16:48:23Z</time></trkpt><trkpt lat="-16.088671" lon="-57.681292"><ele>123.357</ele><time>2026-05-05T16:48:24Z</time></trkpt><trkpt lat="-16.088634" lon="-57.681345"><ele>123.357</ele><time>2026-05-05T16:48:25Z</time></trkpt><trkpt lat="-16.088606" lon="-57.68139"><ele>123.303</ele><time>2026-05-05T16:48:26Z</time></trkpt><trkpt lat="-16.088568" lon="-57.681442"><ele>122.230</ele><time>2026-05-05T16:48:27Z</time></trkpt><trkpt lat="-16.088523" lon="-57.68149"><ele>122.179</ele><time>2026-05-05T16:48:28Z</time></trkpt><trkpt lat="-16.088475" lon="-57.681543"><ele>122.022</ele><time>2026-05-05T16:48:29Z</time></trkpt><trkpt lat="-16.08844" lon="-57.681595"><ele>121.575</ele><time>2026-05-05T16:48:30Z</time></trkpt><trkpt lat="-16.088402" lon="-57.68165"><ele>121.560</ele><time>2026-05-05T16:48:31Z</time></trkpt><trkpt lat="-16.088367" lon="-57.681697"><ele>121.509</ele><time>2026-05-05T16:48:32Z</time></trkpt><trkpt lat="-16.088337" lon="-57.681737"><ele>121.535</ele><time>2026-05-05T16:48:33Z</time></trkpt><trkpt lat="-16.088289" lon="-57.681799"><ele>121.814</ele><time>2026-05-05T16:48:35Z</time></trkpt><trkpt lat="-16.088237" lon="-57.681856"><ele>122.186</ele><time>2026-05-05T16:48:37Z</time></trkpt><trkpt lat="-16.088175" lon="-57.681919"><ele>123.151</ele><time>2026-05-05T16:48:39Z</time></trkpt><trkpt lat="-16.08814" lon="-57.681961"><ele>123.577</ele><time>2026-05-05T16:48:40Z</time></trkpt><trkpt lat="-16.088108" lon="-57.682004"><ele>124.086</ele><time>2026-05-05T16:48:41Z</time></trkpt><trkpt lat="-16.08808" lon="-57.682051"><ele>124.738</ele><time>2026-05-05T16:48:42Z</time></trkpt><trkpt lat="-16.088048" lon="-57.682101"><ele>125.477</ele><time>2026-05-05T16:48:43Z</time></trkpt><trkpt lat="-16.088001" lon="-57.682179"><ele>125.936</ele><time>2026-05-05T16:48:45Z</time></trkpt><trkpt lat="-16.087959" lon="-57.682242"><ele>126.378</ele><time>2026-05-05T16:48:47Z</time></trkpt><trkpt lat="-16.087921" lon="-57.682287"><ele>126.307</ele><time>2026-05-05T16:48:49Z</time></trkpt><trkpt lat="-16.087874" lon="-57.682279"><ele>126.379</ele><time>2026-05-05T16:48:51Z</time></trkpt><trkpt lat="-16.087819" lon="-57.682279"><ele>126.339</ele><time>2026-05-05T16:48:53Z</time></trkpt><trkpt lat="-16.087774" lon="-57.682244"><ele>126.276</ele><time>2026-05-05T16:48:54Z</time></trkpt><trkpt lat="-16.087732" lon="-57.682216"><ele>126.111</ele><time>2026-05-05T16:48:55Z</time></trkpt><trkpt lat="-16.087692" lon="-57.682184"><ele>126.196</ele><time>2026-05-05T16:48:56Z</time></trkpt><trkpt lat="-16.087609" lon="-57.682134"><ele>125.897</ele><time>2026-05-05T16:48:58Z</time></trkpt><trkpt lat="-16.087567" lon="-57.682096"><ele>125.516</ele><time>2026-05-05T16:48:59Z</time></trkpt><trkpt lat="-16.087504" lon="-57.682038"><ele>124.970</ele><time>2026-05-05T16:49:01Z</time></trkpt><trkpt lat="-16.087466" lon="-57.681993"><ele>124.912</ele><time>2026-05-05T16:49:03Z</time></trkpt><trkpt lat="-16.087428" lon="-57.681953"><ele>124.866</ele><time>2026-05-05T16:49:05Z</time></trkpt><trkpt lat="-16.087385" lon="-57.68193"><ele>125.016</ele><time>2026-05-05T16:49:07Z</time></trkpt><trkpt lat="-16.087347" lon="-57.681897"><ele>125.223</ele><time>2026-05-05T16:49:09Z</time></trkpt><trkpt lat="-16.087315" lon="-57.681857"><ele>125.531</ele><time>2026-05-05T16:49:11Z</time></trkpt><trkpt lat="-16.087237" lon="-57.681805"><ele>125.628</ele><time>2026-05-05T16:49:13Z</time></trkpt><trkpt lat="-16.087177" lon="-57.681743"><ele>125.780</ele><time>2026-05-05T16:49:15Z</time></trkpt><trkpt lat="-16.087144" lon="-57.681711"><ele>125.642</ele><time>2026-05-05T16:49:16Z</time></trkpt><trkpt lat="-16.087109" lon="-57.681679"><ele>125.657</ele><time>2026-05-05T16:49:17Z</time></trkpt><trkpt lat="-16.087072" lon="-57.681647"><ele>125.600</ele><time>2026-05-05T16:49:18Z</time></trkpt><trkpt lat="-16.087025" lon="-57.681634"><ele>125.673</ele><time>2026-05-05T16:49:19Z</time></trkpt><trkpt lat="-16.08694" lon="-57.681579"><ele>125.556</ele><time>2026-05-05T16:49:21Z</time></trkpt><trkpt lat="-16.086877" lon="-57.681522"><ele>125.679</ele><time>2026-05-05T16:49:23Z</time></trkpt><trkpt lat="-16.086822" lon="-57.681447"><ele>126.093</ele><time>2026-05-05T16:49:25Z</time></trkpt><trkpt lat="-16.086789" lon="-57.681409"><ele>126.341</ele><time>2026-05-05T16:49:26Z</time></trkpt><trkpt lat="-16.086721" lon="-57.681379"><ele>126.658</ele><time>2026-05-05T16:49:28Z</time></trkpt><trkpt lat="-16.086674" lon="-57.681371"><ele>126.664</ele><time>2026-05-05T16:49:29Z</time></trkpt><trkpt lat="-16.086624" lon="-57.681349"><ele>126.502</ele><time>2026-05-05T16:49:30Z</time></trkpt><trkpt lat="-16.086577" lon="-57.681326"><ele>126.289</ele><time>2026-05-05T16:49:31Z</time></trkpt><trkpt lat="-16.086534" lon="-57.681296"><ele>125.913</ele><time>2026-05-05T16:49:32Z</time></trkpt><trkpt lat="-16.086491" lon="-57.681264"><ele>125.874</ele><time>2026-05-05T16:49:33Z</time></trkpt><trkpt lat="-16.086453" lon="-57.681232"><ele>125.825</ele><time>2026-05-05T16:49:34Z</time></trkpt><trkpt lat="-16.086386" lon="-57.681197"><ele>125.731</ele><time>2026-05-05T16:49:36Z</time></trkpt><trkpt lat="-16.086341" lon="-57.681162"><ele>125.675</ele><time>2026-05-05T16:49:38Z</time></trkpt><trkpt lat="-16.086299" lon="-57.681144"><ele>125.599</ele><time>2026-05-05T16:49:41Z</time></trkpt><trkpt lat="-16.086239" lon="-57.681141"><ele>125.536</ele><time>2026-05-05T16:49:46Z</time></trkpt><trkpt lat="-16.086194" lon="-57.681179"><ele>125.848</ele><time>2026-05-05T16:49:48Z</time></trkpt><trkpt lat="-16.086179" lon="-57.681232"><ele>125.987</ele><time>2026-05-05T16:49:49Z</time></trkpt><trkpt lat="-16.086164" lon="-57.681279"><ele>127.205</ele><time>2026-05-05T16:49:50Z</time></trkpt><trkpt lat="-16.086144" lon="-57.681342"><ele>128.777</ele><time>2026-05-05T16:49:52Z</time></trkpt><trkpt lat="-16.086129" lon="-57.681392"><ele>128.886</ele><time>2026-05-05T16:49:54Z</time></trkpt><trkpt lat="-16.086112" lon="-57.681444"><ele>128.847</ele><time>2026-05-05T16:49:56Z</time></trkpt><trkpt lat="-16.086084" lon="-57.681527"><ele>128.857</ele><time>2026-05-05T16:49:58Z</time></trkpt><trkpt lat="-16.086057" lon="-57.681614"><ele>129.051</ele><time>2026-05-05T16:50:00Z</time></trkpt><trkpt lat="-16.086035" lon="-57.681674"><ele>129.067</ele><time>2026-05-05T16:50:01Z</time></trkpt><trkpt lat="-16.086012" lon="-57.681732"><ele>128.903</ele><time>2026-05-05T16:50:02Z</time></trkpt><trkpt lat="-16.08599" lon="-57.681797"><ele>128.844</ele><time>2026-05-05T16:50:03Z</time></trkpt><trkpt lat="-16.085962" lon="-57.681875"><ele>128.515</ele><time>2026-05-05T16:50:04Z</time></trkpt><trkpt lat="-16.08593" lon="-57.681953"><ele>128.499</ele><time>2026-05-05T16:50:05Z</time></trkpt><trkpt lat="-16.0859" lon="-57.682035"><ele>128.295</ele><time>2026-05-05T16:50:06Z</time></trkpt><trkpt lat="-16.085867" lon="-57.682122"><ele>128.200</ele><time>2026-05-05T16:50:07Z</time></trkpt><trkpt lat="-16.085834" lon="-57.682212"><ele>128.297</ele><time>2026-05-05T16:50:08Z</time></trkpt><trkpt lat="-16.085802" lon="-57.682304"><ele>128.327</ele><time>2026-05-05T16:50:09Z</time></trkpt><trkpt lat="-16.085767" lon="-57.682399"><ele>128.661</ele><time>2026-05-05T16:50:10Z</time></trkpt><trkpt lat="-16.085734" lon="-57.682494"><ele>128.642</ele><time>2026-05-05T16:50:11Z</time></trkpt><trkpt lat="-16.085696" lon="-57.682596"><ele>128.551</ele><time>2026-05-05T16:50:12Z</time></trkpt><trkpt lat="-16.085656" lon="-57.682698"><ele>128.467</ele><time>2026-05-05T16:50:13Z</time></trkpt><trkpt lat="-16.085613" lon="-57.682808"><ele>128.285</ele><time>2026-05-05T16:50:14Z</time></trkpt><trkpt lat="-16.085571" lon="-57.682918"><ele>128.191</ele><time>2026-05-05T16:50:15Z</time></trkpt><trkpt lat="-16.085534" lon="-57.683021"><ele>127.997</ele><time>2026-05-05T16:50:16Z</time></trkpt><trkpt lat="-16.085491" lon="-57.683134"><ele>127.541</ele><time>2026-05-05T16:50:17Z</time></trkpt><trkpt lat="-16.085453" lon="-57.683239"><ele>126.834</ele><time>2026-05-05T16:50:18Z</time></trkpt><trkpt lat="-16.085415" lon="-57.683341"><ele>126.248</ele><time>2026-05-05T16:50:19Z</time></trkpt><trkpt lat="-16.085382" lon="-57.683433"><ele>126.043</ele><time>2026-05-05T16:50:20Z</time></trkpt><trkpt lat="-16.085354" lon="-57.683515"><ele>125.616</ele><time>2026-05-05T16:50:21Z</time></trkpt><trkpt lat="-16.085327" lon="-57.68359"><ele>125.206</ele><time>2026-05-05T16:50:22Z</time></trkpt><trkpt lat="-16.085305" lon="-57.683653"><ele>125.047</ele><time>2026-05-05T16:50:23Z</time></trkpt><trkpt lat="-16.085287" lon="-57.683698"><ele>124.799</ele><time>2026-05-05T16:50:24Z</time></trkpt><trkpt lat="-16.085264" lon="-57.683741"><ele>124.529</ele><time>2026-05-05T16:50:26Z</time></trkpt><trkpt lat="-16.085236" lon="-57.683806"><ele>123.950</ele><time>2026-05-05T16:50:29Z</time></trkpt><trkpt lat="-16.085214" lon="-57.683876"><ele>123.283</ele><time>2026-05-05T16:50:31Z</time></trkpt><trkpt lat="-16.085197" lon="-57.683923"><ele>123.191</ele><time>2026-05-05T16:50:32Z</time></trkpt><trkpt lat="-16.085175" lon="-57.683976"><ele>123.113</ele><time>2026-05-05T16:50:33Z</time></trkpt><trkpt lat="-16.085155" lon="-57.684033"><ele>123.264</ele><time>2026-05-05T16:50:34Z</time></trkpt><trkpt lat="-16.085132" lon="-57.684096"><ele>123.172</ele><time>2026-05-05T16:50:35Z</time></trkpt><trkpt lat="-16.085109" lon="-57.684159"><ele>123.223</ele><time>2026-05-05T16:50:36Z</time></trkpt><trkpt lat="-16.085074" lon="-57.684244"><ele>123.234</ele><time>2026-05-05T16:50:37Z</time></trkpt><trkpt lat="-16.085041" lon="-57.684327"><ele>123.254</ele><time>2026-05-05T16:50:38Z</time></trkpt><trkpt lat="-16.085009" lon="-57.68441"><ele>123.304</ele><time>2026-05-05T16:50:39Z</time></trkpt><trkpt lat="-16.084977" lon="-57.684495"><ele>123.302</ele><time>2026-05-05T16:50:40Z</time></trkpt><trkpt lat="-16.084947" lon="-57.684582"><ele>123.303</ele><time>2026-05-05T16:50:41Z</time></trkpt><trkpt lat="-16.084917" lon="-57.68466"><ele>123.316</ele><time>2026-05-05T16:50:42Z</time></trkpt><trkpt lat="-16.084894" lon="-57.684727"><ele>123.318</ele><time>2026-05-05T16:50:43Z</time></trkpt><trkpt lat="-16.084869" lon="-57.684797"><ele>123.367</ele><time>2026-05-05T16:50:44Z</time></trkpt><trkpt lat="-16.084851" lon="-57.684865"><ele>123.217</ele><time>2026-05-05T16:50:45Z</time></trkpt><trkpt lat="-16.084829" lon="-57.684938"><ele>123.219</ele><time>2026-05-05T16:50:46Z</time></trkpt><trkpt lat="-16.084809" lon="-57.685015"><ele>123.366</ele><time>2026-05-05T16:50:47Z</time></trkpt><trkpt lat="-16.084782" lon="-57.685077"><ele>123.462</ele><time>2026-05-05T16:50:48Z</time></trkpt><trkpt lat="-16.084754" lon="-57.68514"><ele>123.580</ele><time>2026-05-05T16:50:49Z</time></trkpt><trkpt lat="-16.084726" lon="-57.685205"><ele>123.661</ele><time>2026-05-05T16:50:50Z</time></trkpt><trkpt lat="-16.084689" lon="-57.685263"><ele>123.637</ele><time>2026-05-05T16:50:51Z</time></trkpt><trkpt lat="-16.084616" lon="-57.6853"><ele>123.668</ele><time>2026-05-05T16:50:52Z</time></trkpt><trkpt lat="-16.084558" lon="-57.685335"><ele>123.471</ele><time>2026-05-05T16:50:53Z</time></trkpt><trkpt lat="-16.084511" lon="-57.685357"><ele>123.485</ele><time>2026-05-05T16:50:55Z</time></trkpt><trkpt lat="-16.084553" lon="-57.685325"><ele>123.415</ele><time>2026-05-05T16:50:57Z</time></trkpt><trkpt lat="-16.084705" lon="-57.68525"><ele>123.627</ele><time>2026-05-05T16:51:40Z</time></trkpt><trkpt lat="-16.084665" lon="-57.685273"><ele>123.349</ele><time>2026-05-05T16:51:48Z</time></trkpt><trkpt lat="-16.084545" lon="-57.685623"><ele>119.306</ele><time>2026-05-05T16:52:12Z</time></trkpt><trkpt lat="-16.084507" lon="-57.685716"><ele>119.115</ele><time>2026-05-05T16:52:13Z</time></trkpt><trkpt lat="-16.08447" lon="-57.685803"><ele>119.084</ele><time>2026-05-05T16:52:14Z</time></trkpt><trkpt lat="-16.084438" lon="-57.68589"><ele>119.085</ele><time>2026-05-05T16:52:15Z</time></trkpt><trkpt lat="-16.084405" lon="-57.685973"><ele>118.973</ele><time>2026-05-05T16:52:16Z</time></trkpt><trkpt lat="-16.08437" lon="-57.686066"><ele>118.920</ele><time>2026-05-05T16:52:17Z</time></trkpt><trkpt lat="-16.084333" lon="-57.686159"><ele>118.832</ele><time>2026-05-05T16:52:18Z</time></trkpt><trkpt lat="-16.084305" lon="-57.686242"><ele>118.833</ele><time>2026-05-05T16:52:19Z</time></trkpt><trkpt lat="-16.084287" lon="-57.686305"><ele>118.724</ele><time>2026-05-05T16:52:20Z</time></trkpt><trkpt lat="-16.08427" lon="-57.686368"><ele>118.711</ele><time>2026-05-05T16:52:21Z</time></trkpt><trkpt lat="-16.084253" lon="-57.686431"><ele>118.762</ele><time>2026-05-05T16:52:22Z</time></trkpt><trkpt lat="-16.084243" lon="-57.686494"><ele>118.671</ele><time>2026-05-05T16:52:23Z</time></trkpt><trkpt lat="-16.084238" lon="-57.686566"><ele>118.670</ele><time>2026-05-05T16:52:24Z</time></trkpt><trkpt lat="-16.084233" lon="-57.686644"><ele>118.668</ele><time>2026-05-05T16:52:25Z</time></trkpt><trkpt lat="-16.084231" lon="-57.686717"><ele>118.639</ele><time>2026-05-05T16:52:26Z</time></trkpt><trkpt lat="-16.084226" lon="-57.686802"><ele>118.521</ele><time>2026-05-05T16:52:27Z</time></trkpt><trkpt lat="-16.084218" lon="-57.686887"><ele>118.454</ele><time>2026-05-05T16:52:28Z</time></trkpt><trkpt lat="-16.084215" lon="-57.68697"><ele>118.262</ele><time>2026-05-05T16:52:29Z</time></trkpt><trkpt lat="-16.084217" lon="-57.687057"><ele>118.096</ele><time>2026-05-05T16:52:30Z</time></trkpt><trkpt lat="-16.084227" lon="-57.68715"><ele>117.939</ele><time>2026-05-05T16:52:31Z</time></trkpt><trkpt lat="-16.084235" lon="-57.68724"><ele>117.879</ele><time>2026-05-05T16:52:32Z</time></trkpt><trkpt lat="-16.084235" lon="-57.687325"><ele>117.773</ele><time>2026-05-05T16:52:33Z</time></trkpt><trkpt lat="-16.084242" lon="-57.687403"><ele>117.761</ele><time>2026-05-05T16:52:34Z</time></trkpt><trkpt lat="-16.08423" lon="-57.687475"><ele>117.791</ele><time>2026-05-05T16:52:35Z</time></trkpt><trkpt lat="-16.084218" lon="-57.687553"><ele>117.778</ele><time>2026-05-05T16:52:36Z</time></trkpt><trkpt lat="-16.084206" lon="-57.687625"><ele>117.775</ele><time>2026-05-05T16:52:37Z</time></trkpt><trkpt lat="-16.084201" lon="-57.687697"><ele>117.659</ele><time>2026-05-05T16:52:38Z</time></trkpt><trkpt lat="-16.084184" lon="-57.687777"><ele>117.537</ele><time>2026-05-05T16:52:39Z</time></trkpt><trkpt lat="-16.084151" lon="-57.687859"><ele>117.666</ele><time>2026-05-05T16:52:41Z</time></trkpt><trkpt lat="-16.084124" lon="-57.687937"><ele>118.064</ele><time>2026-05-05T16:52:43Z</time></trkpt><trkpt lat="-16.084177" lon="-57.687939"><ele>118.072</ele><time>2026-05-05T16:52:46Z</time></trkpt><trkpt lat="-16.084254" lon="-57.687932"><ele>118.049</ele><time>2026-05-05T16:52:48Z</time></trkpt><trkpt lat="-16.084297" lon="-57.687919"><ele>117.058</ele><time>2026-05-05T16:52:49Z</time></trkpt><trkpt lat="-16.084357" lon="-57.687901"><ele>117.027</ele><time>2026-05-05T16:52:50Z</time></trkpt><trkpt lat="-16.084427" lon="-57.687884"><ele>117.191</ele><time>2026-05-05T16:52:51Z</time></trkpt><trkpt lat="-16.084497" lon="-57.687871"><ele>117.390</ele><time>2026-05-05T16:52:52Z</time></trkpt><trkpt lat="-16.084567" lon="-57.687861"><ele>117.446</ele><time>2026-05-05T16:52:53Z</time></trkpt><trkpt lat="-16.084647" lon="-57.687843"><ele>117.404</ele><time>2026-05-05T16:52:54Z</time></trkpt><trkpt lat="-16.084732" lon="-57.687831"><ele>117.427</ele><time>2026-05-05T16:52:55Z</time></trkpt><trkpt lat="-16.08482" lon="-57.687824"><ele>117.477</ele><time>2026-05-05T16:52:56Z</time></trkpt><trkpt lat="-16.084908" lon="-57.687814"><ele>117.404</ele><time>2026-05-05T16:52:57Z</time></trkpt><trkpt lat="-16.085" lon="-57.687801"><ele>117.575</ele><time>2026-05-05T16:52:58Z</time></trkpt><trkpt lat="-16.085097" lon="-57.687789"><ele>117.888</ele><time>2026-05-05T16:52:59Z</time></trkpt><trkpt lat="-16.085189" lon="-57.687779"><ele>118.079</ele><time>2026-05-05T16:53:00Z</time></trkpt><trkpt lat="-16.085276" lon="-57.687771"><ele>118.078</ele><time>2026-05-05T16:53:01Z</time></trkpt><trkpt lat="-16.085358" lon="-57.687763"><ele>118.467</ele><time>2026-05-05T16:53:02Z</time></trkpt><trkpt lat="-16.085436" lon="-57.687753"><ele>118.632</ele><time>2026-05-05T16:53:03Z</time></trkpt><trkpt lat="-16.085501" lon="-57.687733"><ele>118.788</ele><time>2026-05-05T16:53:04Z</time></trkpt><trkpt lat="-16.085563" lon="-57.687716"><ele>118.704</ele><time>2026-05-05T16:53:05Z</time></trkpt><trkpt lat="-16.085613" lon="-57.687704"><ele>118.487</ele><time>2026-05-05T16:53:06Z</time></trkpt><trkpt lat="-16.085661" lon="-57.687696"><ele>118.465</ele><time>2026-05-05T16:53:07Z</time></trkpt><trkpt lat="-16.085726" lon="-57.687693"><ele>118.505</ele><time>2026-05-05T16:53:09Z</time></trkpt><trkpt lat="-16.085798" lon="-57.687706"><ele>118.739</ele><time>2026-05-05T16:53:11Z</time></trkpt><trkpt lat="-16.085876" lon="-57.687751"><ele>119.142</ele><time>2026-05-05T16:53:13Z</time></trkpt><trkpt lat="-16.085929" lon="-57.687763"><ele>119.265</ele><time>2026-05-05T16:53:14Z</time></trkpt><trkpt lat="-16.085994" lon="-57.687783"><ele>119.609</ele><time>2026-05-05T16:53:15Z</time></trkpt><trkpt lat="-16.086077" lon="-57.687788"><ele>119.653</ele><time>2026-05-05T16:53:16Z</time></trkpt><trkpt lat="-16.086155" lon="-57.68781"><ele>119.883</ele><time>2026-05-05T16:53:17Z</time></trkpt><trkpt lat="-16.086237" lon="-57.687807"><ele>119.916</ele><time>2026-05-05T16:53:18Z</time></trkpt><trkpt lat="-16.086315" lon="-57.687829"><ele>120.020</ele><time>2026-05-05T16:53:19Z</time></trkpt><trkpt lat="-16.086408" lon="-57.687832"><ele>120.097</ele><time>2026-05-05T16:53:20Z</time></trkpt><trkpt lat="-16.086493" lon="-57.687845"><ele>120.571</ele><time>2026-05-05T16:53:21Z</time></trkpt><trkpt lat="-16.086583" lon="-57.68786"><ele>120.970</ele><time>2026-05-05T16:53:22Z</time></trkpt><trkpt lat="-16.086673" lon="-57.687883"><ele>121.157</ele><time>2026-05-05T16:53:23Z</time></trkpt><trkpt lat="-16.086771" lon="-57.687903"><ele>121.576</ele><time>2026-05-05T16:53:24Z</time></trkpt><trkpt lat="-16.086858" lon="-57.68792"><ele>121.511</ele><time>2026-05-05T16:53:25Z</time></trkpt><trkpt lat="-16.086951" lon="-57.687932"><ele>121.136</ele><time>2026-05-05T16:53:26Z</time></trkpt><trkpt lat="-16.087048" lon="-57.687945"><ele>120.486</ele><time>2026-05-05T16:53:27Z</time></trkpt><trkpt lat="-16.087148" lon="-57.687955"><ele>119.966</ele><time>2026-05-05T16:53:28Z</time></trkpt><trkpt lat="-16.087238" lon="-57.687968"><ele>119.617</ele><time>2026-05-05T16:53:29Z</time></trkpt><trkpt lat="-16.087326" lon="-57.687971"><ele>119.220</ele><time>2026-05-05T16:53:30Z</time></trkpt><trkpt lat="-16.087408" lon="-57.687976"><ele>119.254</ele><time>2026-05-05T16:53:31Z</time></trkpt><trkpt lat="-16.087483" lon="-57.687976"><ele>119.187</ele><time>2026-05-05T16:53:32Z</time></trkpt><trkpt lat="-16.087555" lon="-57.687978"><ele>119.272</ele><time>2026-05-05T16:53:33Z</time></trkpt><trkpt lat="-16.087605" lon="-57.687988"><ele>119.253</ele><time>2026-05-05T16:53:34Z</time></trkpt><trkpt lat="-16.087655" lon="-57.687986"><ele>119.591</ele><time>2026-05-05T16:53:35Z</time></trkpt><trkpt lat="-16.087722" lon="-57.687998"><ele>120.029</ele><time>2026-05-05T16:53:37Z</time></trkpt><trkpt lat="-16.087794" lon="-57.687998"><ele>120.466</ele><time>2026-05-05T16:53:39Z</time></trkpt><trkpt lat="-16.087887" lon="-57.688006"><ele>120.808</ele><time>2026-05-05T16:53:41Z</time></trkpt><trkpt lat="-16.087952" lon="-57.687999"><ele>120.949</ele><time>2026-05-05T16:53:42Z</time></trkpt><trkpt lat="-16.088024" lon="-57.687999"><ele>120.942</ele><time>2026-05-05T16:53:43Z</time></trkpt><trkpt lat="-16.088087" lon="-57.688009"><ele>120.927</ele><time>2026-05-05T16:53:44Z</time></trkpt><trkpt lat="-16.088162" lon="-57.688022"><ele>120.938</ele><time>2026-05-05T16:53:45Z</time></trkpt><trkpt lat="-16.088249" lon="-57.68804"><ele>120.972</ele><time>2026-05-05T16:53:46Z</time></trkpt><trkpt lat="-16.088347" lon="-57.688062"><ele>120.924</ele><time>2026-05-05T16:53:47Z</time></trkpt><trkpt lat="-16.088449" lon="-57.688075"><ele>120.774</ele><time>2026-05-05T16:53:48Z</time></trkpt><trkpt lat="-16.088557" lon="-57.688085"><ele>120.644</ele><time>2026-05-05T16:53:49Z</time></trkpt><trkpt lat="-16.088667" lon="-57.688098"><ele>120.658</ele><time>2026-05-05T16:53:50Z</time></trkpt><trkpt lat="-16.088779" lon="-57.688115"><ele>120.789</ele><time>2026-05-05T16:53:51Z</time></trkpt><trkpt lat="-16.088892" lon="-57.688127"><ele>120.762</ele><time>2026-05-05T16:53:52Z</time></trkpt><trkpt lat="-16.089007" lon="-57.68814"><ele>120.846</ele><time>2026-05-05T16:53:53Z</time></trkpt><trkpt lat="-16.08912" lon="-57.688155"><ele>120.885</ele><time>2026-05-05T16:53:54Z</time></trkpt><trkpt lat="-16.089232" lon="-57.688165"><ele>120.898</ele><time>2026-05-05T16:53:55Z</time></trkpt><trkpt lat="-16.089349" lon="-57.68817"><ele>120.891</ele><time>2026-05-05T16:53:56Z</time></trkpt><trkpt lat="-16.089457" lon="-57.688182"><ele>120.837</ele><time>2026-05-05T16:53:57Z</time></trkpt><trkpt lat="-16.089565" lon="-57.688192"><ele>120.896</ele><time>2026-05-05T16:53:58Z</time></trkpt><trkpt lat="-16.089667" lon="-57.688204"><ele>120.872</ele><time>2026-05-05T16:53:59Z</time></trkpt><trkpt lat="-16.089767" lon="-57.688212"><ele>120.851</ele><time>2026-05-05T16:54:00Z</time></trkpt><trkpt lat="-16.089855" lon="-57.688217"><ele>120.922</ele><time>2026-05-05T16:54:01Z</time></trkpt><trkpt lat="-16.089928" lon="-57.688225"><ele>120.908</ele><time>2026-05-05T16:54:02Z</time></trkpt><trkpt lat="-16.089988" lon="-57.688233"><ele>120.994</ele><time>2026-05-05T16:54:03Z</time></trkpt><trkpt lat="-16.090036" lon="-57.68824"><ele>120.986</ele><time>2026-05-05T16:54:04Z</time></trkpt><trkpt lat="-16.090094" lon="-57.688242"><ele>120.711</ele><time>2026-05-05T16:54:06Z</time></trkpt><trkpt lat="-16.089779" lon="-57.688429"><ele>123.007</ele><time>2026-05-05T16:54:51Z</time></trkpt><trkpt lat="-16.089867" lon="-57.688367"><ele>125.117</ele><time>2026-05-05T16:54:52Z</time></trkpt><trkpt lat="-16.089917" lon="-57.688334"><ele>126.550</ele><time>2026-05-05T16:54:54Z</time></trkpt><trkpt lat="-16.089955" lon="-57.688306"><ele>126.444</ele><time>2026-05-05T16:54:58Z</time></trkpt><trkpt lat="-16.090005" lon="-57.688271"><ele>126.022</ele><time>2026-05-05T16:55:03Z</time></trkpt><trkpt lat="-16.09006" lon="-57.688226"><ele>121.429</ele><time>2026-05-05T16:55:11Z</time></trkpt><trkpt lat="-16.090113" lon="-57.688251"><ele>109.596</ele><time>2026-05-05T16:56:25Z</time></trkpt><trkpt lat="-16.09016" lon="-57.688258"><ele>109.364</ele><time>2026-05-05T16:56:26Z</time></trkpt><trkpt lat="-16.090208" lon="-57.688263"><ele>109.164</ele><time>2026-05-05T16:56:27Z</time></trkpt><trkpt lat="-16.090288" lon="-57.688291"><ele>109.122</ele><time>2026-05-05T16:56:29Z</time></trkpt><trkpt lat="-16.090345" lon="-57.688349"><ele>109.708</ele><time>2026-05-05T16:56:31Z</time></trkpt><trkpt lat="-16.090363" lon="-57.688431"><ele>110.223</ele><time>2026-05-05T16:56:33Z</time></trkpt><trkpt lat="-16.090353" lon="-57.688486"><ele>110.358</ele><time>2026-05-05T16:56:34Z</time></trkpt><trkpt lat="-16.090336" lon="-57.688549"><ele>110.699</ele><time>2026-05-05T16:56:35Z</time></trkpt><trkpt lat="-16.090316" lon="-57.688621"><ele>111.347</ele><time>2026-05-05T16:56:36Z</time></trkpt><trkpt lat="-16.090299" lon="-57.688689"><ele>111.748</ele><time>2026-05-05T16:56:37Z</time></trkpt><trkpt lat="-16.090281" lon="-57.688766"><ele>112.145</ele><time>2026-05-05T16:56:38Z</time></trkpt><trkpt lat="-16.090263" lon="-57.688848"><ele>112.971</ele><time>2026-05-05T16:56:39Z</time></trkpt><trkpt lat="-16.090241" lon="-57.688941"><ele>113.316</ele><time>2026-05-05T16:56:40Z</time></trkpt><trkpt lat="-16.090216" lon="-57.689039"><ele>113.724</ele><time>2026-05-05T16:56:41Z</time></trkpt><trkpt lat="-16.090189" lon="-57.689147"><ele>114.251</ele><time>2026-05-05T16:56:42Z</time></trkpt><trkpt lat="-16.090164" lon="-57.689259"><ele>114.726</ele><time>2026-05-05T16:56:43Z</time></trkpt><trkpt lat="-16.090137" lon="-57.689377"><ele>115.296</ele><time>2026-05-05T16:56:44Z</time></trkpt><trkpt lat="-16.09011" lon="-57.689495"><ele>115.878</ele><time>2026-05-05T16:56:45Z</time></trkpt><trkpt lat="-16.090085" lon="-57.689615"><ele>115.899</ele><time>2026-05-05T16:56:46Z</time></trkpt><trkpt lat="-16.09006" lon="-57.689737"><ele>115.535</ele><time>2026-05-05T16:56:47Z</time></trkpt><trkpt lat="-16.090032" lon="-57.689865"><ele>115.559</ele><time>2026-05-05T16:56:48Z</time></trkpt><trkpt lat="-16.090004" lon="-57.689997"><ele>115.478</ele><time>2026-05-05T16:56:49Z</time></trkpt><trkpt lat="-16.089977" lon="-57.690134"><ele>115.441</ele><time>2026-05-05T16:56:50Z</time></trkpt><trkpt lat="-16.089945" lon="-57.690277"><ele>115.488</ele><time>2026-05-05T16:56:51Z</time></trkpt><trkpt lat="-16.089915" lon="-57.690422"><ele>115.336</ele><time>2026-05-05T16:56:52Z</time></trkpt><trkpt lat="-16.089882" lon="-57.69057"><ele>115.252</ele><time>2026-05-05T16:56:53Z</time></trkpt><trkpt lat="-16.089849" lon="-57.690725"><ele>115.265</ele><time>2026-05-05T16:56:54Z</time></trkpt><trkpt lat="-16.089814" lon="-57.690885"><ele>115.392</ele><time>2026-05-05T16:56:55Z</time></trkpt><trkpt lat="-16.089777" lon="-57.691047"><ele>115.405</ele><time>2026-05-05T16:56:56Z</time></trkpt><trkpt lat="-16.08974" lon="-57.691214"><ele>115.438</ele><time>2026-05-05T16:56:57Z</time></trkpt><trkpt lat="-16.089702" lon="-57.691386"><ele>115.411</ele><time>2026-05-05T16:56:58Z</time></trkpt><trkpt lat="-16.089665" lon="-57.691558"><ele>115.677</ele><time>2026-05-05T16:56:59Z</time></trkpt><trkpt lat="-16.089627" lon="-57.691731"><ele>115.821</ele><time>2026-05-05T16:57:00Z</time></trkpt><trkpt lat="-16.08959" lon="-57.691901"><ele>116.059</ele><time>2026-05-05T16:57:01Z</time></trkpt><trkpt lat="-16.089552" lon="-57.692069"><ele>116.184</ele><time>2026-05-05T16:57:02Z</time></trkpt><trkpt lat="-16.089514" lon="-57.692237"><ele>116.009</ele><time>2026-05-05T16:57:03Z</time></trkpt><trkpt lat="-16.089472" lon="-57.692407"><ele>115.847</ele><time>2026-05-05T16:57:04Z</time></trkpt><trkpt lat="-16.089432" lon="-57.692579"><ele>115.763</ele><time>2026-05-05T16:57:05Z</time></trkpt><trkpt lat="-16.089392" lon="-57.692752"><ele>115.513</ele><time>2026-05-05T16:57:06Z</time></trkpt><trkpt lat="-16.089354" lon="-57.692925"><ele>115.354</ele><time>2026-05-05T16:57:07Z</time></trkpt><trkpt lat="-16.089314" lon="-57.693095"><ele>115.272</ele><time>2026-05-05T16:57:08Z</time></trkpt><trkpt lat="-16.089272" lon="-57.69327"><ele>115.248</ele><time>2026-05-05T16:57:09Z</time></trkpt><trkpt lat="-16.089234" lon="-57.693438"><ele>115.135</ele><time>2026-05-05T16:57:10Z</time></trkpt><trkpt lat="-16.089194" lon="-57.693608"><ele>114.855</ele><time>2026-05-05T16:57:11Z</time></trkpt><trkpt lat="-16.089147" lon="-57.69378"><ele>114.628</ele><time>2026-05-05T16:57:12Z</time></trkpt><trkpt lat="-16.089099" lon="-57.693948"><ele>114.551</ele><time>2026-05-05T16:57:13Z</time></trkpt><trkpt lat="-16.089044" lon="-57.694113"><ele>114.282</ele><time>2026-05-05T16:57:14Z</time></trkpt><trkpt lat="-16.088979" lon="-57.69428"><ele>113.875</ele><time>2026-05-05T16:57:15Z</time></trkpt><trkpt lat="-16.088906" lon="-57.69444"><ele>113.554</ele><time>2026-05-05T16:57:16Z</time></trkpt><trkpt lat="-16.088826" lon="-57.694593"><ele>113.111</ele><time>2026-05-05T16:57:17Z</time></trkpt><trkpt lat="-16.088733" lon="-57.694743"><ele>112.790</ele><time>2026-05-05T16:57:18Z</time></trkpt><trkpt lat="-16.088628" lon="-57.694881"><ele>112.789</ele><time>2026-05-05T16:57:19Z</time></trkpt><trkpt lat="-16.088515" lon="-57.695011"><ele>113.171</ele><time>2026-05-05T16:57:20Z</time></trkpt><trkpt lat="-16.088395" lon="-57.695134"><ele>113.560</ele><time>2026-05-05T16:57:21Z</time></trkpt><trkpt lat="-16.088263" lon="-57.695251"><ele>114.139</ele><time>2026-05-05T16:57:22Z</time></trkpt><trkpt lat="-16.088131" lon="-57.695356"><ele>114.749</ele><time>2026-05-05T16:57:23Z</time></trkpt><trkpt lat="-16.087994" lon="-57.695456"><ele>115.121</ele><time>2026-05-05T16:57:24Z</time></trkpt><trkpt lat="-16.087854" lon="-57.695551"><ele>115.584</ele><time>2026-05-05T16:57:25Z</time></trkpt><trkpt lat="-16.087714" lon="-57.695638"><ele>115.620</ele><time>2026-05-05T16:57:26Z</time></trkpt><trkpt lat="-16.087584" lon="-57.695716"><ele>115.657</ele><time>2026-05-05T16:57:27Z</time></trkpt><trkpt lat="-16.087469" lon="-57.695783"><ele>115.821</ele><time>2026-05-05T16:57:28Z</time></trkpt><trkpt lat="-16.087369" lon="-57.69584"><ele>116.215</ele><time>2026-05-05T16:57:29Z</time></trkpt><trkpt lat="-16.087284" lon="-57.695885"><ele>116.480</ele><time>2026-05-05T16:57:30Z</time></trkpt><trkpt lat="-16.087216" lon="-57.695922"><ele>116.997</ele><time>2026-05-05T16:57:31Z</time></trkpt><trkpt lat="-16.087164" lon="-57.695947"><ele>117.350</ele><time>2026-05-05T16:57:32Z</time></trkpt><trkpt lat="-16.087111" lon="-57.69597"><ele>118.081</ele><time>2026-05-05T16:57:34Z</time></trkpt><trkpt lat="-16.087068" lon="-57.695993"><ele>118.959</ele><time>2026-05-05T16:57:36Z</time></trkpt><trkpt lat="-16.086995" lon="-57.696035"><ele>119.446</ele><time>2026-05-05T16:57:38Z</time></trkpt><trkpt lat="-16.086945" lon="-57.696065"><ele>119.928</ele><time>2026-05-05T16:57:39Z</time></trkpt><trkpt lat="-16.08689" lon="-57.696093"><ele>120.315</ele><time>2026-05-05T16:57:40Z</time></trkpt><trkpt lat="-16.08683" lon="-57.696126"><ele>121.372</ele><time>2026-05-05T16:57:41Z</time></trkpt><trkpt lat="-16.086767" lon="-57.696161"><ele>122.142</ele><time>2026-05-05T16:57:42Z</time></trkpt><trkpt lat="-16.086697" lon="-57.696201"><ele>122.194</ele><time>2026-05-05T16:57:43Z</time></trkpt><trkpt lat="-16.086622" lon="-57.696243"><ele>122.161</ele><time>2026-05-05T16:57:44Z</time></trkpt><trkpt lat="-16.086539" lon="-57.696291"><ele>122.120</ele><time>2026-05-05T16:57:45Z</time></trkpt><trkpt lat="-16.086451" lon="-57.696341"><ele>121.936</ele><time>2026-05-05T16:57:46Z</time></trkpt><trkpt lat="-16.086364" lon="-57.696391"><ele>121.680</ele><time>2026-05-05T16:57:47Z</time></trkpt><trkpt lat="-16.086282" lon="-57.696434"><ele>121.639</ele><time>2026-05-05T16:57:48Z</time></trkpt><trkpt lat="-16.086215" lon="-57.696472"><ele>121.694</ele><time>2026-05-05T16:57:49Z</time></trkpt><trkpt lat="-16.086165" lon="-57.696499"><ele>121.690</ele><time>2026-05-05T16:57:50Z</time></trkpt><trkpt lat="-16.086098" lon="-57.696532"><ele>121.638</ele><time>2026-05-05T16:57:52Z</time></trkpt><trkpt lat="-16.086023" lon="-57.696572"><ele>121.791</ele><time>2026-05-05T16:57:54Z</time></trkpt><trkpt lat="-16.08598" lon="-57.696595"><ele>121.773</ele><time>2026-05-05T16:57:55Z</time></trkpt><trkpt lat="-16.085935" lon="-57.696623"><ele>121.853</ele><time>2026-05-05T16:57:56Z</time></trkpt><trkpt lat="-16.085888" lon="-57.696651"><ele>121.890</ele><time>2026-05-05T16:57:57Z</time></trkpt><trkpt lat="-16.085846" lon="-57.696684"><ele>121.851</ele><time>2026-05-05T16:57:58Z</time></trkpt><trkpt lat="-16.085816" lon="-57.696724"><ele>121.816</ele><time>2026-05-05T16:57:59Z</time></trkpt><trkpt lat="-16.085801" lon="-57.696796"><ele>121.650</ele><time>2026-05-05T16:58:01Z</time></trkpt><trkpt lat="-16.085831" lon="-57.696836"><ele>120.945</ele><time>2026-05-05T16:58:03Z</time></trkpt><trkpt lat="-16.085881" lon="-57.696851"><ele>120.590</ele><time>2026-05-05T16:58:05Z</time></trkpt><trkpt lat="-16.085944" lon="-57.696844"><ele>120.060</ele><time>2026-05-05T16:58:07Z</time></trkpt><trkpt lat="-16.086016" lon="-57.696811"><ele>119.351</ele><time>2026-05-05T16:58:09Z</time></trkpt><trkpt lat="-16.086059" lon="-57.696784"><ele>118.833</ele><time>2026-05-05T16:58:10Z</time></trkpt><trkpt lat="-16.086112" lon="-57.696751"><ele>118.426</ele><time>2026-05-05T16:58:11Z</time></trkpt><trkpt lat="-16.086174" lon="-57.696716"><ele>117.973</ele><time>2026-05-05T16:58:12Z</time></trkpt><trkpt lat="-16.086237" lon="-57.696681"><ele>117.884</ele><time>2026-05-05T16:58:13Z</time></trkpt><trkpt lat="-16.086307" lon="-57.696646"><ele>117.774</ele><time>2026-05-05T16:58:14Z</time></trkpt><trkpt lat="-16.08638" lon="-57.696608"><ele>117.710</ele><time>2026-05-05T16:58:15Z</time></trkpt><trkpt lat="-16.08646" lon="-57.696566"><ele>117.750</ele><time>2026-05-05T16:58:16Z</time></trkpt><trkpt lat="-16.086545" lon="-57.696519"><ele>117.695</ele><time>2026-05-05T16:58:17Z</time></trkpt><trkpt lat="-16.086635" lon="-57.696467"><ele>117.507</ele><time>2026-05-05T16:58:18Z</time></trkpt><trkpt lat="-16.086725" lon="-57.696414"><ele>117.459</ele><time>2026-05-05T16:58:19Z</time></trkpt><trkpt lat="-16.086812" lon="-57.696367"><ele>117.263</ele><time>2026-05-05T16:58:20Z</time></trkpt><trkpt lat="-16.086889" lon="-57.696325"><ele>117.228</ele><time>2026-05-05T16:58:21Z</time></trkpt><trkpt lat="-16.086956" lon="-57.69629"><ele>117.204</ele><time>2026-05-05T16:58:22Z</time></trkpt><trkpt lat="-16.087009" lon="-57.69626"><ele>117.265</ele><time>2026-05-05T16:58:23Z</time></trkpt><trkpt lat="-16.087049" lon="-57.696238"><ele>117.231</ele><time>2026-05-05T16:58:24Z</time></trkpt><trkpt lat="-16.087121" lon="-57.696203"><ele>117.015</ele><time>2026-05-05T16:58:26Z</time></trkpt><trkpt lat="-16.087163" lon="-57.696183"><ele>116.951</ele><time>2026-05-05T16:58:27Z</time></trkpt><trkpt lat="-16.087208" lon="-57.69616"><ele>116.807</ele><time>2026-05-05T16:58:28Z</time></trkpt><trkpt lat="-16.08726" lon="-57.69613"><ele>116.723</ele><time>2026-05-05T16:58:29Z</time></trkpt><trkpt lat="-16.087313" lon="-57.696102"><ele>116.507</ele><time>2026-05-05T16:58:30Z</time></trkpt><trkpt lat="-16.087371" lon="-57.696074"><ele>116.512</ele><time>2026-05-05T16:58:31Z</time></trkpt><trkpt lat="-16.087436" lon="-57.696051"><ele>116.759</ele><time>2026-05-05T16:58:32Z</time></trkpt><trkpt lat="-16.087501" lon="-57.696041"><ele>116.707</ele><time>2026-05-05T16:58:33Z</time></trkpt><trkpt lat="-16.087566" lon="-57.696048"><ele>116.787</ele><time>2026-05-05T16:58:34Z</time></trkpt><trkpt lat="-16.087623" lon="-57.696061"><ele>116.790</ele><time>2026-05-05T16:58:35Z</time></trkpt><trkpt lat="-16.08767" lon="-57.696073"><ele>116.717</ele><time>2026-05-05T16:58:36Z</time></trkpt><trkpt lat="-16.087757" lon="-57.6961"><ele>116.718</ele><time>2026-05-05T16:58:38Z</time></trkpt><trkpt lat="-16.087805" lon="-57.696113"><ele>116.865</ele><time>2026-05-05T16:58:39Z</time></trkpt><trkpt lat="-16.08786" lon="-57.696126"><ele>116.851</ele><time>2026-05-05T16:58:40Z</time></trkpt><trkpt lat="-16.08792" lon="-57.696141"><ele>116.899</ele><time>2026-05-05T16:58:41Z</time></trkpt><trkpt lat="-16.087987" lon="-57.696159"><ele>116.868</ele><time>2026-05-05T16:58:42Z</time></trkpt><trkpt lat="-16.088062" lon="-57.696176"><ele>116.836</ele><time>2026-05-05T16:58:43Z</time></trkpt><trkpt lat="-16.088142" lon="-57.696199"><ele>117.011</ele><time>2026-05-05T16:58:44Z</time></trkpt><trkpt lat="-16.088225" lon="-57.696219"><ele>117.473</ele><time>2026-05-05T16:58:45Z</time></trkpt><trkpt lat="-16.088308" lon="-57.696241"><ele>117.776</ele><time>2026-05-05T16:58:46Z</time></trkpt><trkpt lat="-16.088395" lon="-57.696266"><ele>117.944</ele><time>2026-05-05T16:58:47Z</time></trkpt><trkpt lat="-16.088482" lon="-57.696288"><ele>118.074</ele><time>2026-05-05T16:58:48Z</time></trkpt><trkpt lat="-16.088565" lon="-57.69631"><ele>118.002</ele><time>2026-05-05T16:58:49Z</time></trkpt><trkpt lat="-16.08865" lon="-57.696332"><ele>117.960</ele><time>2026-05-05T16:58:50Z</time></trkpt><trkpt lat="-16.088735" lon="-57.696354"><ele>117.756</ele><time>2026-05-05T16:58:51Z</time></trkpt><trkpt lat="-16.088818" lon="-57.696371"><ele>117.672</ele><time>2026-05-05T16:58:52Z</time></trkpt><trkpt lat="-16.088901" lon="-57.696391"><ele>117.615</ele><time>2026-05-05T16:58:53Z</time></trkpt><trkpt lat="-16.088984" lon="-57.696411"><ele>117.723</ele><time>2026-05-05T16:58:54Z</time></trkpt><trkpt lat="-16.089069" lon="-57.696431"><ele>117.886</ele><time>2026-05-05T16:58:55Z</time></trkpt><trkpt lat="-16.089152" lon="-57.696453"><ele>117.819</ele><time>2026-05-05T16:58:56Z</time></trkpt><trkpt lat="-16.089237" lon="-57.696475"><ele>117.806</ele><time>2026-05-05T16:58:57Z</time></trkpt><trkpt lat="-16.08932" lon="-57.696497"><ele>117.665</ele><time>2026-05-05T16:58:58Z</time></trkpt><trkpt lat="-16.089403" lon="-57.696522"><ele>117.371</ele><time>2026-05-05T16:58:59Z</time></trkpt><trkpt lat="-16.08949" lon="-57.696545"><ele>116.960</ele><time>2026-05-05T16:59:00Z</time></trkpt><trkpt lat="-16.089577" lon="-57.696567"><ele>116.204</ele><time>2026-05-05T16:59:01Z</time></trkpt><trkpt lat="-16.08966" lon="-57.696589"><ele>115.358</ele><time>2026-05-05T16:59:02Z</time></trkpt><trkpt lat="-16.089742" lon="-57.696611"><ele>114.839</ele><time>2026-05-05T16:59:03Z</time></trkpt><trkpt lat="-16.089825" lon="-57.696633"><ele>114.639</ele><time>2026-05-05T16:59:04Z</time></trkpt><trkpt lat="-16.08991" lon="-57.696656"><ele>114.417</ele><time>2026-05-05T16:59:05Z</time></trkpt><trkpt lat="-16.089995" lon="-57.696678"><ele>114.124</ele><time>2026-05-05T16:59:06Z</time></trkpt><trkpt lat="-16.090075" lon="-57.696701"><ele>113.984</ele><time>2026-05-05T16:59:07Z</time></trkpt><trkpt lat="-16.090152" lon="-57.696721"><ele>113.937</ele><time>2026-05-05T16:59:08Z</time></trkpt><trkpt lat="-16.090227" lon="-57.696739"><ele>113.940</ele><time>2026-05-05T16:59:09Z</time></trkpt><trkpt lat="-16.090295" lon="-57.696757"><ele>113.947</ele><time>2026-05-05T16:59:10Z</time></trkpt><trkpt lat="-16.09036" lon="-57.696775"><ele>114.044</ele><time>2026-05-05T16:59:11Z</time></trkpt><trkpt lat="-16.090417" lon="-57.69679"><ele>114.287</ele><time>2026-05-05T16:59:12Z</time></trkpt><trkpt lat="-16.090474" lon="-57.69681"><ele>114.333</ele><time>2026-05-05T16:59:13Z</time></trkpt><trkpt lat="-16.090536" lon="-57.696823"><ele>114.225</ele><time>2026-05-05T16:59:14Z</time></trkpt><trkpt lat="-16.090593" lon="-57.696835"><ele>114.252</ele><time>2026-05-05T16:59:15Z</time></trkpt><trkpt lat="-16.090651" lon="-57.696832"><ele>114.077</ele><time>2026-05-05T16:59:16Z</time></trkpt><trkpt lat="-16.090713" lon="-57.696822"><ele>114.082</ele><time>2026-05-05T16:59:17Z</time></trkpt><trkpt lat="-16.090778" lon="-57.696812"><ele>114.015</ele><time>2026-05-05T16:59:18Z</time></trkpt><trkpt lat="-16.090846" lon="-57.696805"><ele>114.032</ele><time>2026-05-05T16:59:19Z</time></trkpt><trkpt lat="-16.090914" lon="-57.696798"><ele>114.285</ele><time>2026-05-05T16:59:20Z</time></trkpt><trkpt lat="-16.090976" lon="-57.696791"><ele>114.270</ele><time>2026-05-05T16:59:21Z</time></trkpt><trkpt lat="-16.091026" lon="-57.696786"><ele>114.343</ele><time>2026-05-05T16:59:22Z</time></trkpt><trkpt lat="-16.091081" lon="-57.696774"><ele>115.226</ele><time>2026-05-05T16:59:24Z</time></trkpt><trkpt lat="-16.091148" lon="-57.696756"><ele>116.095</ele><time>2026-05-05T16:59:27Z</time></trkpt><trkpt lat="-16.091225" lon="-57.696741"><ele>116.859</ele><time>2026-05-05T16:59:29Z</time></trkpt><trkpt lat="-16.091277" lon="-57.696733"><ele>116.914</ele><time>2026-05-05T16:59:30Z</time></trkpt><trkpt lat="-16.091332" lon="-57.696726"><ele>116.974</ele><time>2026-05-05T16:59:31Z</time></trkpt><trkpt lat="-16.091387" lon="-57.696718"><ele>117.150</ele><time>2026-05-05T16:59:32Z</time></trkpt><trkpt lat="-16.091445" lon="-57.69671"><ele>117.292</ele><time>2026-05-05T16:59:33Z</time></trkpt><trkpt lat="-16.091512" lon="-57.696698"><ele>117.446</ele><time>2026-05-05T16:59:34Z</time></trkpt><trkpt lat="-16.091584" lon="-57.696691"><ele>117.568</ele><time>2026-05-05T16:59:35Z</time></trkpt><trkpt lat="-16.091656" lon="-57.696684"><ele>117.605</ele><time>2026-05-05T16:59:36Z</time></trkpt><trkpt lat="-16.091729" lon="-57.696674"><ele>117.995</ele><time>2026-05-05T16:59:37Z</time></trkpt><trkpt lat="-16.091794" lon="-57.696667"><ele>118.089</ele><time>2026-05-05T16:59:38Z</time></trkpt><trkpt lat="-16.091862" lon="-57.696662"><ele>118.092</ele><time>2026-05-05T16:59:39Z</time></trkpt><trkpt lat="-16.091922" lon="-57.696662"><ele>117.987</ele><time>2026-05-05T16:59:40Z</time></trkpt><trkpt lat="-16.091984" lon="-57.696655"><ele>117.732</ele><time>2026-05-05T16:59:42Z</time></trkpt><trkpt lat="-16.092076" lon="-57.696637"><ele>117.166</ele><time>2026-05-05T16:59:47Z</time></trkpt><trkpt lat="-16.092124" lon="-57.696624"><ele>116.904</ele><time>2026-05-05T16:59:48Z</time></trkpt><trkpt lat="-16.092181" lon="-57.696609"><ele>116.736</ele><time>2026-05-05T16:59:49Z</time></trkpt><trkpt lat="-16.092248" lon="-57.696596"><ele>116.793</ele><time>2026-05-05T16:59:50Z</time></trkpt><trkpt lat="-16.092316" lon="-57.696581"><ele>116.782</ele><time>2026-05-05T16:59:51Z</time></trkpt><trkpt lat="-16.092384" lon="-57.696571"><ele>116.733</ele><time>2026-05-05T16:59:52Z</time></trkpt><trkpt lat="-16.092451" lon="-57.696563"><ele>116.798</ele><time>2026-05-05T16:59:53Z</time></trkpt><trkpt lat="-16.092526" lon="-57.696551"><ele>116.930</ele><time>2026-05-05T16:59:54Z</time></trkpt><trkpt lat="-16.092608" lon="-57.696539"><ele>116.942</ele><time>2026-05-05T16:59:55Z</time></trkpt><trkpt lat="-16.092696" lon="-57.696526"><ele>116.948</ele><time>2026-05-05T16:59:56Z</time></trkpt><trkpt lat="-16.092788" lon="-57.696509"><ele>116.945</ele><time>2026-05-05T16:59:57Z</time></trkpt><trkpt lat="-16.092881" lon="-57.696492"><ele>116.954</ele><time>2026-05-05T16:59:58Z</time></trkpt><trkpt lat="-16.092973" lon="-57.696482"><ele>117.016</ele><time>2026-05-05T16:59:59Z</time></trkpt><trkpt lat="-16.09307" lon="-57.696485"><ele>117.000</ele><time>2026-05-05T17:00:00Z</time></trkpt><trkpt lat="-16.093183" lon="-57.696495"><ele>117.035</ele><time>2026-05-05T17:00:01Z</time></trkpt><trkpt lat="-16.09329" lon="-57.69651"><ele>116.885</ele><time>2026-05-05T17:00:02Z</time></trkpt><trkpt lat="-16.093398" lon="-57.696523"><ele>116.668</ele><time>2026-05-05T17:00:03Z</time></trkpt><trkpt lat="-16.093495" lon="-57.696535"><ele>116.380</ele><time>2026-05-05T17:00:04Z</time></trkpt><trkpt lat="-16.093583" lon="-57.696543"><ele>115.904</ele><time>2026-05-05T17:00:05Z</time></trkpt><trkpt lat="-16.093666" lon="-57.69655"><ele>115.882</ele><time>2026-05-05T17:00:06Z</time></trkpt><trkpt lat="-16.093744" lon="-57.696555"><ele>115.878</ele><time>2026-05-05T17:00:07Z</time></trkpt><trkpt lat="-16.093812" lon="-57.69656"><ele>115.742</ele><time>2026-05-05T17:00:08Z</time></trkpt><trkpt lat="-16.093874" lon="-57.69657"><ele>115.673</ele><time>2026-05-05T17:00:09Z</time></trkpt><trkpt lat="-16.093931" lon="-57.696577"><ele>115.533</ele><time>2026-05-05T17:00:10Z</time></trkpt><trkpt lat="-16.093978" lon="-57.69656"><ele>115.441</ele><time>2026-05-05T17:00:11Z</time></trkpt><trkpt lat="-16.09402" lon="-57.69654"><ele>115.299</ele><time>2026-05-05T17:00:12Z</time></trkpt><trkpt lat="-16.094048" lon="-57.696458"><ele>114.816</ele><time>2026-05-05T17:00:14Z</time></trkpt><trkpt lat="-16.094053" lon="-57.6964"><ele>114.769</ele><time>2026-05-05T17:00:15Z</time></trkpt><trkpt lat="-16.094065" lon="-57.69634"><ele>114.682</ele><time>2026-05-05T17:00:16Z</time></trkpt><trkpt lat="-16.094087" lon="-57.69628"><ele>114.684</ele><time>2026-05-05T17:00:17Z</time></trkpt><trkpt lat="-16.09411" lon="-57.69622"><ele>114.688</ele><time>2026-05-05T17:00:18Z</time></trkpt><trkpt lat="-16.094135" lon="-57.696153"><ele>114.636</ele><time>2026-05-05T17:00:19Z</time></trkpt><trkpt lat="-16.094153" lon="-57.69609"><ele>114.603</ele><time>2026-05-05T17:00:20Z</time></trkpt><trkpt lat="-16.094171" lon="-57.696033"><ele>114.698</ele><time>2026-05-05T17:00:21Z</time></trkpt><trkpt lat="-16.094189" lon="-57.69598"><ele>114.696</ele><time>2026-05-05T17:00:22Z</time></trkpt><trkpt lat="-16.094207" lon="-57.69593"><ele>114.619</ele><time>2026-05-05T17:00:23Z</time></trkpt><trkpt lat="-16.09424" lon="-57.695862"><ele>114.643</ele><time>2026-05-05T17:00:25Z</time></trkpt><trkpt lat="-16.094288" lon="-57.695829"><ele>114.642</ele><time>2026-05-05T17:00:27Z</time></trkpt><trkpt lat="-16.094346" lon="-57.695834"><ele>114.963</ele><time>2026-05-05T17:00:29Z</time></trkpt><trkpt lat="-16.094409" lon="-57.695857"><ele>115.233</ele><time>2026-05-05T17:00:31Z</time></trkpt><trkpt lat="-16.094452" lon="-57.695882"><ele>115.372</ele><time>2026-05-05T17:00:32Z</time></trkpt><trkpt lat="-16.094495" lon="-57.695917"><ele>115.411</ele><time>2026-05-05T17:00:33Z</time></trkpt><trkpt lat="-16.094548" lon="-57.695954"><ele>115.541</ele><time>2026-05-05T17:00:34Z</time></trkpt><trkpt lat="-16.094616" lon="-57.695987"><ele>115.701</ele><time>2026-05-05T17:00:35Z</time></trkpt><trkpt lat="-16.094696" lon="-57.696022"><ele>116.125</ele><time>2026-05-05T17:00:36Z</time></trkpt><trkpt lat="-16.094774" lon="-57.696052"><ele>116.196</ele><time>2026-05-05T17:00:37Z</time></trkpt><trkpt lat="-16.094854" lon="-57.696082"><ele>115.957</ele><time>2026-05-05T17:00:38Z</time></trkpt><trkpt lat="-16.094937" lon="-57.696109"><ele>115.436</ele><time>2026-05-05T17:00:39Z</time></trkpt><trkpt lat="-16.095002" lon="-57.696141"><ele>115.214</ele><time>2026-05-05T17:00:40Z</time></trkpt><trkpt lat="-16.095067" lon="-57.696168"><ele>115.279</ele><time>2026-05-05T17:00:41Z</time></trkpt><trkpt lat="-16.09513" lon="-57.696196"><ele>115.366</ele><time>2026-05-05T17:00:42Z</time></trkpt><trkpt lat="-16.095185" lon="-57.696216"><ele>115.429</ele><time>2026-05-05T17:00:43Z</time></trkpt><trkpt lat="-16.095237" lon="-57.696236"><ele>115.449</ele><time>2026-05-05T17:00:44Z</time></trkpt><trkpt lat="-16.095282" lon="-57.696254"><ele>115.424</ele><time>2026-05-05T17:00:45Z</time></trkpt><trkpt lat="-16.095349" lon="-57.696289"><ele>115.453</ele><time>2026-05-05T17:00:47Z</time></trkpt><trkpt lat="-16.095386" lon="-57.696341"><ele>115.627</ele><time>2026-05-05T17:00:50Z</time></trkpt><trkpt lat="-16.095371" lon="-57.696414"><ele>115.835</ele><time>2026-05-05T17:00:53Z</time></trkpt><trkpt lat="-16.095339" lon="-57.696476"><ele>116.500</ele><time>2026-05-05T17:00:55Z</time></trkpt><trkpt lat="-16.095307" lon="-57.696553"><ele>116.726</ele><time>2026-05-05T17:00:57Z</time></trkpt><trkpt lat="-16.095287" lon="-57.696598"><ele>116.921</ele><time>2026-05-05T17:00:58Z</time></trkpt><trkpt lat="-16.095267" lon="-57.696645"><ele>116.940</ele><time>2026-05-05T17:00:59Z</time></trkpt><trkpt lat="-16.095254" lon="-57.696695"><ele>117.129</ele><time>2026-05-05T17:01:00Z</time></trkpt><trkpt lat="-16.095221" lon="-57.69677"><ele>117.059</ele><time>2026-05-05T17:01:02Z</time></trkpt><trkpt lat="-16.095174" lon="-57.696825"><ele>116.838</ele><time>2026-05-05T17:01:04Z</time></trkpt><trkpt lat="-16.095104" lon="-57.696843"><ele>116.488</ele><time>2026-05-05T17:01:06Z</time></trkpt><trkpt lat="-16.095017" lon="-57.696828"><ele>116.323</ele><time>2026-05-05T17:01:08Z</time></trkpt><trkpt lat="-16.094937" lon="-57.696798"><ele>116.003</ele><time>2026-05-05T17:01:10Z</time></trkpt><trkpt lat="-16.094879" lon="-57.696768"><ele>115.692</ele><time>2026-05-05T17:01:12Z</time></trkpt><trkpt lat="-16.094831" lon="-57.696753"><ele>115.559</ele><time>2026-05-05T17:01:14Z</time></trkpt><trkpt lat="-16.094783" lon="-57.696745"><ele>115.101</ele><time>2026-05-05T17:01:17Z</time></trkpt><trkpt lat="-16.09486" lon="-57.696672"><ele>115.170</ele><time>2026-05-05T17:02:06Z</time></trkpt><trkpt lat="-16.094825" lon="-57.696702"><ele>115.183</ele><time>2026-05-05T17:02:08Z</time></trkpt><trkpt lat="-16.09481" lon="-57.696747"><ele>110.727</ele><time>2026-05-05T17:02:36Z</time></trkpt><trkpt lat="-16.094758" lon="-57.696772"><ele>110.470</ele><time>2026-05-05T17:03:10Z</time></trkpt><trkpt lat="-16.09477" lon="-57.696704"><ele>115.086</ele><time>2026-05-05T17:04:39Z</time></trkpt><trkpt lat="-16.094723" lon="-57.696732"><ele>116.551</ele><time>2026-05-05T17:05:16Z</time></trkpt><trkpt lat="-16.094678" lon="-57.696712"><ele>116.217</ele><time>2026-05-05T17:05:20Z</time></trkpt><trkpt lat="-16.094628" lon="-57.696689"><ele>116.304</ele><time>2026-05-05T17:06:40Z</time></trkpt><trkpt lat="-16.094558" lon="-57.696681"><ele>116.390</ele><time>2026-05-05T17:06:43Z</time></trkpt><trkpt lat="-16.094485" lon="-57.696681"><ele>116.342</ele><time>2026-05-05T17:06:45Z</time></trkpt><trkpt lat="-16.09444" lon="-57.696678"><ele>116.178</ele><time>2026-05-05T17:06:46Z</time></trkpt><trkpt lat="-16.094395" lon="-57.696673"><ele>116.015</ele><time>2026-05-05T17:06:47Z</time></trkpt><trkpt lat="-16.094312" lon="-57.696656"><ele>115.967</ele><time>2026-05-05T17:06:49Z</time></trkpt><trkpt lat="-16.094224" lon="-57.696646"><ele>115.728</ele><time>2026-05-05T17:06:51Z</time></trkpt><trkpt lat="-16.094177" lon="-57.696643"><ele>115.737</ele><time>2026-05-05T17:06:52Z</time></trkpt><trkpt lat="-16.094122" lon="-57.696638"><ele>115.858</ele><time>2026-05-05T17:06:53Z</time></trkpt><trkpt lat="-16.094072" lon="-57.696628"><ele>115.901</ele><time>2026-05-05T17:06:54Z</time></trkpt><trkpt lat="-16.094024" lon="-57.696618"><ele>116.017</ele><time>2026-05-05T17:06:55Z</time></trkpt><trkpt lat="-16.093977" lon="-57.696613"><ele>116.031</ele><time>2026-05-05T17:06:56Z</time></trkpt><trkpt lat="-16.093905" lon="-57.696595"><ele>116.030</ele><time>2026-05-05T17:06:58Z</time></trkpt><trkpt lat="-16.09384" lon="-57.696572"><ele>115.864</ele><time>2026-05-05T17:07:00Z</time></trkpt><trkpt lat="-16.093757" lon="-57.69656"><ele>115.590</ele><time>2026-05-05T17:07:02Z</time></trkpt><trkpt lat="-16.09366" lon="-57.696532"><ele>115.219</ele><time>2026-05-05T17:07:04Z</time></trkpt><trkpt lat="-16.093608" lon="-57.696515"><ele>115.252</ele><time>2026-05-05T17:07:05Z</time></trkpt><trkpt lat="-16.093555" lon="-57.6965"><ele>114.912</ele><time>2026-05-05T17:07:06Z</time></trkpt><trkpt lat="-16.093498" lon="-57.696488"><ele>114.816</ele><time>2026-05-05T17:07:07Z</time></trkpt><trkpt lat="-16.09343" lon="-57.696481"><ele>114.380</ele><time>2026-05-05T17:07:08Z</time></trkpt><trkpt lat="-16.093343" lon="-57.696479"><ele>114.110</ele><time>2026-05-05T17:07:09Z</time></trkpt><trkpt lat="-16.093253" lon="-57.696476"><ele>113.642</ele><time>2026-05-05T17:07:10Z</time></trkpt><trkpt lat="-16.093163" lon="-57.696469"><ele>113.566</ele><time>2026-05-05T17:07:11Z</time></trkpt><trkpt lat="-16.093071" lon="-57.696462"><ele>113.564</ele><time>2026-05-05T17:07:12Z</time></trkpt><trkpt lat="-16.092978" lon="-57.696459"><ele>113.520</ele><time>2026-05-05T17:07:13Z</time></trkpt><trkpt lat="-16.092886" lon="-57.696456"><ele>113.508</ele><time>2026-05-05T17:07:14Z</time></trkpt><trkpt lat="-16.092791" lon="-57.696466"><ele>113.511</ele><time>2026-05-05T17:07:15Z</time></trkpt><trkpt lat="-16.092686" lon="-57.696484"><ele>113.466</ele><time>2026-05-05T17:07:16Z</time></trkpt><trkpt lat="-16.092586" lon="-57.696502"><ele>113.413</ele><time>2026-05-05T17:07:17Z</time></trkpt><trkpt lat="-16.092484" lon="-57.69652"><ele>113.377</ele><time>2026-05-05T17:07:18Z</time></trkpt><trkpt lat="-16.092401" lon="-57.696527"><ele>113.355</ele><time>2026-05-05T17:07:19Z</time></trkpt><trkpt lat="-16.092314" lon="-57.69654"><ele>113.264</ele><time>2026-05-05T17:07:20Z</time></trkpt><trkpt lat="-16.092237" lon="-57.696547"><ele>113.104</ele><time>2026-05-05T17:07:21Z</time></trkpt><trkpt lat="-16.092167" lon="-57.696554"><ele>112.887</ele><time>2026-05-05T17:07:22Z</time></trkpt><trkpt lat="-16.092104" lon="-57.696564"><ele>112.475</ele><time>2026-05-05T17:07:23Z</time></trkpt><trkpt lat="-16.092041" lon="-57.696574"><ele>112.240</ele><time>2026-05-05T17:07:24Z</time></trkpt><trkpt lat="-16.091989" lon="-57.696586"><ele>112.083</ele><time>2026-05-05T17:07:25Z</time></trkpt><trkpt lat="-16.091926" lon="-57.696598"><ele>111.897</ele><time>2026-05-05T17:07:27Z</time></trkpt><trkpt lat="-16.091884" lon="-57.696618"><ele>111.407</ele><time>2026-05-05T17:07:29Z</time></trkpt><trkpt lat="-16.091814" lon="-57.696638"><ele>110.805</ele><time>2026-05-05T17:07:31Z</time></trkpt><trkpt lat="-16.091769" lon="-57.696648"><ele>110.554</ele><time>2026-05-05T17:07:32Z</time></trkpt><trkpt lat="-16.091714" lon="-57.696656"><ele>110.538</ele><time>2026-05-05T17:07:33Z</time></trkpt><trkpt lat="-16.091654" lon="-57.696661"><ele>110.560</ele><time>2026-05-05T17:07:34Z</time></trkpt><trkpt lat="-16.091592" lon="-57.696666"><ele>110.539</ele><time>2026-05-05T17:07:35Z</time></trkpt><trkpt lat="-16.091529" lon="-57.696674"><ele>110.606</ele><time>2026-05-05T17:07:36Z</time></trkpt><trkpt lat="-16.091464" lon="-57.696684"><ele>110.680</ele><time>2026-05-05T17:07:37Z</time></trkpt><trkpt lat="-16.091394" lon="-57.696696"><ele>110.871</ele><time>2026-05-05T17:07:38Z</time></trkpt><trkpt lat="-16.091317" lon="-57.696711"><ele>111.071</ele><time>2026-05-05T17:07:39Z</time></trkpt><trkpt lat="-16.091244" lon="-57.696719"><ele>111.198</ele><time>2026-05-05T17:07:40Z</time></trkpt><trkpt lat="-16.091177" lon="-57.696726"><ele>111.130</ele><time>2026-05-05T17:07:41Z</time></trkpt><trkpt lat="-16.091115" lon="-57.696733"><ele>111.117</ele><time>2026-05-05T17:07:42Z</time></trkpt><trkpt lat="-16.09107" lon="-57.696743"><ele>111.172</ele><time>2026-05-05T17:07:43Z</time></trkpt><trkpt lat="-16.091013" lon="-57.696768"><ele>111.012</ele><time>2026-05-05T17:07:45Z</time></trkpt><trkpt lat="-16.090961" lon="-57.696781"><ele>111.053</ele><time>2026-05-05T17:07:47Z</time></trkpt><trkpt lat="-16.090899" lon="-57.696791"><ele>111.178</ele><time>2026-05-05T17:07:49Z</time></trkpt><trkpt lat="-16.090812" lon="-57.696806"><ele>111.320</ele><time>2026-05-05T17:07:51Z</time></trkpt><trkpt lat="-16.090757" lon="-57.696811"><ele>111.489</ele><time>2026-05-05T17:07:52Z</time></trkpt><trkpt lat="-16.090697" lon="-57.696818"><ele>111.625</ele><time>2026-05-05T17:07:53Z</time></trkpt><trkpt lat="-16.090632" lon="-57.69683"><ele>112.029</ele><time>2026-05-05T17:07:54Z</time></trkpt><trkpt lat="-16.090565" lon="-57.696837"><ele>112.370</ele><time>2026-05-05T17:07:55Z</time></trkpt><trkpt lat="-16.090508" lon="-57.696837"><ele>112.531</ele><time>2026-05-05T17:07:56Z</time></trkpt><trkpt lat="-16.09046" lon="-57.696834"><ele>112.516</ele><time>2026-05-05T17:07:57Z</time></trkpt><trkpt lat="-16.090413" lon="-57.696829"><ele>112.550</ele><time>2026-05-05T17:07:58Z</time></trkpt><trkpt lat="-16.090321" lon="-57.696804"><ele>112.511</ele><time>2026-05-05T17:08:00Z</time></trkpt><trkpt lat="-16.090269" lon="-57.696794"><ele>112.564</ele><time>2026-05-05T17:08:01Z</time></trkpt><trkpt lat="-16.090217" lon="-57.696784"><ele>112.851</ele><time>2026-05-05T17:08:02Z</time></trkpt><trkpt lat="-16.090162" lon="-57.696777"><ele>113.159</ele><time>2026-05-05T17:08:03Z</time></trkpt><trkpt lat="-16.0901" lon="-57.696772"><ele>113.267</ele><time>2026-05-05T17:08:04Z</time></trkpt><trkpt lat="-16.090045" lon="-57.696749"><ele>113.387</ele><time>2026-05-05T17:08:05Z</time></trkpt><trkpt lat="-16.089987" lon="-57.696717"><ele>113.514</ele><time>2026-05-05T17:08:06Z</time></trkpt><trkpt lat="-16.089904" lon="-57.696699"><ele>113.641</ele><time>2026-05-05T17:08:07Z</time></trkpt><trkpt lat="-16.089824" lon="-57.696681"><ele>113.818</ele><time>2026-05-05T17:08:08Z</time></trkpt><trkpt lat="-16.089741" lon="-57.696676"><ele>113.819</ele><time>2026-05-05T17:08:09Z</time></trkpt><trkpt lat="-16.089656" lon="-57.696658"><ele>113.915</ele><time>2026-05-05T17:08:10Z</time></trkpt><trkpt lat="-16.089573" lon="-57.696638"><ele>113.926</ele><time>2026-05-05T17:08:11Z</time></trkpt><trkpt lat="-16.089481" lon="-57.696613"><ele>113.808</ele><time>2026-05-05T17:08:12Z</time></trkpt><trkpt lat="-16.089404" lon="-57.696581"><ele>113.847</ele><time>2026-05-05T17:08:13Z</time></trkpt><trkpt lat="-16.089327" lon="-57.696553"><ele>113.735</ele><time>2026-05-05T17:08:14Z</time></trkpt><trkpt lat="-16.089244" lon="-57.696533"><ele>113.713</ele><time>2026-05-05T17:08:15Z</time></trkpt><trkpt lat="-16.089161" lon="-57.696513"><ele>113.725</ele><time>2026-05-05T17:08:16Z</time></trkpt><trkpt lat="-16.089079" lon="-57.696495"><ele>113.553</ele><time>2026-05-05T17:08:17Z</time></trkpt><trkpt lat="-16.088996" lon="-57.696483"><ele>113.149</ele><time>2026-05-05T17:08:18Z</time></trkpt><trkpt lat="-16.088908" lon="-57.696458"><ele>112.950</ele><time>2026-05-05T17:08:19Z</time></trkpt><trkpt lat="-16.088811" lon="-57.69643"><ele>112.920</ele><time>2026-05-05T17:08:20Z</time></trkpt><trkpt lat="-16.088711" lon="-57.6964"><ele>112.848</ele><time>2026-05-05T17:08:21Z</time></trkpt><trkpt lat="-16.088611" lon="-57.696372"><ele>112.783</ele><time>2026-05-05T17:08:22Z</time></trkpt><trkpt lat="-16.088503" lon="-57.696349"><ele>112.744</ele><time>2026-05-05T17:08:23Z</time></trkpt><trkpt lat="-16.088395" lon="-57.696329"><ele>112.850</ele><time>2026-05-05T17:08:24Z</time></trkpt><trkpt lat="-16.088288" lon="-57.696294"><ele>112.926</ele><time>2026-05-05T17:08:25Z</time></trkpt><trkpt lat="-16.088188" lon="-57.696266"><ele>112.987</ele><time>2026-05-05T17:08:26Z</time></trkpt><trkpt lat="-16.088083" lon="-57.696244"><ele>112.989</ele><time>2026-05-05T17:08:27Z</time></trkpt><trkpt lat="-16.08798" lon="-57.696211"><ele>112.975</ele><time>2026-05-05T17:08:28Z</time></trkpt><trkpt lat="-16.087885" lon="-57.696181"><ele>112.840</ele><time>2026-05-05T17:08:29Z</time></trkpt><trkpt lat="-16.087798" lon="-57.696154"><ele>112.795</ele><time>2026-05-05T17:08:30Z</time></trkpt><trkpt lat="-16.087718" lon="-57.696122"><ele>112.888</ele><time>2026-05-05T17:08:31Z</time></trkpt><trkpt lat="-16.087651" lon="-57.696094"><ele>112.788</ele><time>2026-05-05T17:08:32Z</time></trkpt><trkpt lat="-16.087608" lon="-57.696072"><ele>112.704</ele><time>2026-05-05T17:08:33Z</time></trkpt><trkpt lat="-16.087565" lon="-57.696055"><ele>112.414</ele><time>2026-05-05T17:08:34Z</time></trkpt><trkpt lat="-16.087485" lon="-57.696047"><ele>111.802</ele><time>2026-05-05T17:08:36Z</time></trkpt><trkpt lat="-16.087438" lon="-57.696039"><ele>111.524</ele><time>2026-05-05T17:08:37Z</time></trkpt><trkpt lat="-16.087388" lon="-57.696037"><ele>111.616</ele><time>2026-05-05T17:08:38Z</time></trkpt><trkpt lat="-16.087331" lon="-57.696047"><ele>111.680</ele><time>2026-05-05T17:08:39Z</time></trkpt><trkpt lat="-16.087271" lon="-57.696067"><ele>111.711</ele><time>2026-05-05T17:08:40Z</time></trkpt><trkpt lat="-16.087204" lon="-57.696099"><ele>111.994</ele><time>2026-05-05T17:08:41Z</time></trkpt><trkpt lat="-16.087139" lon="-57.696132"><ele>112.040</ele><time>2026-05-05T17:08:42Z</time></trkpt><trkpt lat="-16.087079" lon="-57.696169"><ele>112.760</ele><time>2026-05-05T17:08:43Z</time></trkpt><trkpt lat="-16.087029" lon="-57.696202"><ele>112.845</ele><time>2026-05-05T17:08:44Z</time></trkpt><trkpt lat="-16.086966" lon="-57.696247"><ele>112.873</ele><time>2026-05-05T17:08:46Z</time></trkpt><trkpt lat="-16.086898" lon="-57.696292"><ele>113.190</ele><time>2026-05-05T17:08:48Z</time></trkpt><trkpt lat="-16.08685" lon="-57.696315"><ele>113.493</ele><time>2026-05-05T17:08:49Z</time></trkpt><trkpt lat="-16.086802" lon="-57.696337"><ele>113.856</ele><time>2026-05-05T17:08:50Z</time></trkpt><trkpt lat="-16.08675" lon="-57.696357"><ele>114.175</ele><time>2026-05-05T17:08:51Z</time></trkpt><trkpt lat="-16.08669" lon="-57.696387"><ele>114.407</ele><time>2026-05-05T17:08:52Z</time></trkpt><trkpt lat="-16.086632" lon="-57.696417"><ele>114.530</ele><time>2026-05-05T17:08:53Z</time></trkpt><trkpt lat="-16.086574" lon="-57.69645"><ele>114.525</ele><time>2026-05-05T17:08:54Z</time></trkpt><trkpt lat="-16.086517" lon="-57.69648"><ele>114.523</ele><time>2026-05-05T17:08:55Z</time></trkpt><trkpt lat="-16.086464" lon="-57.696508"><ele>114.543</ele><time>2026-05-05T17:08:56Z</time></trkpt><trkpt lat="-16.086414" lon="-57.696536"><ele>114.542</ele><time>2026-05-05T17:08:57Z</time></trkpt><trkpt lat="-16.086366" lon="-57.696571"><ele>114.568</ele><time>2026-05-05T17:08:58Z</time></trkpt><trkpt lat="-16.086308" lon="-57.696598"><ele>114.545</ele><time>2026-05-05T17:08:59Z</time></trkpt><trkpt lat="-16.086251" lon="-57.696628"><ele>114.526</ele><time>2026-05-05T17:09:00Z</time></trkpt><trkpt lat="-16.086208" lon="-57.696656"><ele>114.552</ele><time>2026-05-05T17:09:01Z</time></trkpt><trkpt lat="-16.086153" lon="-57.696689"><ele>114.432</ele><time>2026-05-05T17:09:03Z</time></trkpt><trkpt lat="-16.08611" lon="-57.696726"><ele>114.357</ele><time>2026-05-05T17:09:05Z</time></trkpt><trkpt lat="-16.086065" lon="-57.696761"><ele>113.874</ele><time>2026-05-05T17:09:08Z</time></trkpt><trkpt lat="-16.08601" lon="-57.696804"><ele>112.384</ele><time>2026-05-05T17:09:22Z</time></trkpt><trkpt lat="-16.085967" lon="-57.696826"><ele>112.201</ele><time>2026-05-05T17:09:24Z</time></trkpt><trkpt lat="-16.085917" lon="-57.696821"><ele>111.049</ele><time>2026-05-05T17:09:26Z</time></trkpt><trkpt lat="-16.08586" lon="-57.696816"><ele>111.040</ele><time>2026-05-05T17:09:28Z</time></trkpt><trkpt lat="-16.085813" lon="-57.696789"><ele>111.073</ele><time>2026-05-05T17:09:30Z</time></trkpt><trkpt lat="-16.085746" lon="-57.696776"><ele>111.357</ele><time>2026-05-05T17:09:32Z</time></trkpt><trkpt lat="-16.085673" lon="-57.696764"><ele>111.647</ele><time>2026-05-05T17:09:34Z</time></trkpt><trkpt lat="-16.085601" lon="-57.696786"><ele>111.706</ele><time>2026-05-05T17:09:36Z</time></trkpt><trkpt lat="-16.085531" lon="-57.696831"><ele>111.888</ele><time>2026-05-05T17:09:38Z</time></trkpt><trkpt lat="-16.085484" lon="-57.696856"><ele>112.017</ele><time>2026-05-05T17:09:39Z</time></trkpt><trkpt lat="-16.085419" lon="-57.696894"><ele>112.214</ele><time>2026-05-05T17:09:40Z</time></trkpt><trkpt lat="-16.085351" lon="-57.696912"><ele>112.299</ele><time>2026-05-05T17:09:41Z</time></trkpt><trkpt lat="-16.085276" lon="-57.696947"><ele>112.294</ele><time>2026-05-05T17:09:42Z</time></trkpt><trkpt lat="-16.085191" lon="-57.696999"><ele>111.981</ele><time>2026-05-05T17:09:43Z</time></trkpt><trkpt lat="-16.085126" lon="-57.697041"><ele>110.992</ele><time>2026-05-05T17:09:44Z</time></trkpt><trkpt lat="-16.085073" lon="-57.697078"><ele>110.255</ele><time>2026-05-05T17:09:45Z</time></trkpt><trkpt lat="-16.08502" lon="-57.697115"><ele>110.289</ele><time>2026-05-05T17:09:46Z</time></trkpt><trkpt lat="-16.084977" lon="-57.697132"><ele>110.407</ele><time>2026-05-05T17:09:47Z</time></trkpt><trkpt lat="-16.08489" lon="-57.697152"><ele>110.495</ele><time>2026-05-05T17:09:49Z</time></trkpt><trkpt lat="-16.084845" lon="-57.69715"><ele>110.403</ele><time>2026-05-05T17:09:50Z</time></trkpt><trkpt lat="-16.084775" lon="-57.697125"><ele>110.556</ele><time>2026-05-05T17:09:52Z</time></trkpt><trkpt lat="-16.084715" lon="-57.697063"><ele>110.945</ele><time>2026-05-05T17:09:54Z</time></trkpt><trkpt lat="-16.084682" lon="-57.69702"><ele>111.078</ele><time>2026-05-05T17:09:55Z</time></trkpt><trkpt lat="-16.084655" lon="-57.696982"><ele>111.057</ele><time>2026-05-05T17:09:56Z</time></trkpt><trkpt lat="-16.084628" lon="-57.696939"><ele>111.141</ele><time>2026-05-05T17:09:57Z</time></trkpt><trkpt lat="-16.084596" lon="-57.696881"><ele>111.333</ele><time>2026-05-05T17:09:59Z</time></trkpt><trkpt lat="-16.084571" lon="-57.696818"><ele>111.764</ele><time>2026-05-05T17:10:01Z</time></trkpt><trkpt lat="-16.084546" lon="-57.696778"><ele>111.984</ele><time>2026-05-05T17:10:02Z</time></trkpt><trkpt lat="-16.084516" lon="-57.696728"><ele>112.056</ele><time>2026-05-05T17:10:03Z</time></trkpt><trkpt lat="-16.084484" lon="-57.696671"><ele>112.193</ele><time>2026-05-05T17:10:04Z</time></trkpt><trkpt lat="-16.084446" lon="-57.696613"><ele>112.287</ele><time>2026-05-05T17:10:05Z</time></trkpt><trkpt lat="-16.084411" lon="-57.696546"><ele>112.446</ele><time>2026-05-05T17:10:06Z</time></trkpt><trkpt lat="-16.084371" lon="-57.696483"><ele>113.002</ele><time>2026-05-05T17:10:07Z</time></trkpt><trkpt lat="-16.084329" lon="-57.696415"><ele>113.140</ele><time>2026-05-05T17:10:08Z</time></trkpt><trkpt lat="-16.084289" lon="-57.696342"><ele>113.384</ele><time>2026-05-05T17:10:09Z</time></trkpt><trkpt lat="-16.084249" lon="-57.696267"><ele>113.696</ele><time>2026-05-05T17:10:10Z</time></trkpt><trkpt lat="-16.084207" lon="-57.696195"><ele>113.687</ele><time>2026-05-05T17:10:11Z</time></trkpt><trkpt lat="-16.084165" lon="-57.69612"><ele>113.631</ele><time>2026-05-05T17:10:12Z</time></trkpt><trkpt lat="-16.084123" lon="-57.696042"><ele>113.447</ele><time>2026-05-05T17:10:13Z</time></trkpt><trkpt lat="-16.08408" lon="-57.695967"><ele>113.288</ele><time>2026-05-05T17:10:14Z</time></trkpt><trkpt lat="-16.084037" lon="-57.69589"><ele>112.982</ele><time>2026-05-05T17:10:15Z</time></trkpt><trkpt lat="-16.083995" lon="-57.695815"><ele>112.751</ele><time>2026-05-05T17:10:16Z</time></trkpt><trkpt lat="-16.083948" lon="-57.695742"><ele>112.643</ele><time>2026-05-05T17:10:17Z</time></trkpt><trkpt lat="-16.083906" lon="-57.695672"><ele>112.587</ele><time>2026-05-05T17:10:18Z</time></trkpt><trkpt lat="-16.083871" lon="-57.695609"><ele>112.432</ele><time>2026-05-05T17:10:19Z</time></trkpt><trkpt lat="-16.083836" lon="-57.695551"><ele>112.312</ele><time>2026-05-05T17:10:20Z</time></trkpt><trkpt lat="-16.083806" lon="-57.695494"><ele>112.230</ele><time>2026-05-05T17:10:21Z</time></trkpt><trkpt lat="-16.083779" lon="-57.695442"><ele>112.225</ele><time>2026-05-05T17:10:22Z</time></trkpt><trkpt lat="-16.083759" lon="-57.695399"><ele>112.205</ele><time>2026-05-05T17:10:23Z</time></trkpt><trkpt lat="-16.083729" lon="-57.695334"><ele>112.384</ele><time>2026-05-05T17:10:25Z</time></trkpt><trkpt lat="-16.083707" lon="-57.695289"><ele>112.640</ele><time>2026-05-05T17:10:27Z</time></trkpt><trkpt lat="-16.083672" lon="-57.695234"><ele>113.008</ele><time>2026-05-05T17:10:30Z</time></trkpt><trkpt lat="-16.083645" lon="-57.695172"><ele>113.359</ele><time>2026-05-05T17:10:32Z</time></trkpt><trkpt lat="-16.083607" lon="-57.695082"><ele>113.986</ele><time>2026-05-05T17:10:34Z</time></trkpt><trkpt lat="-16.083577" lon="-57.695027"><ele>114.465</ele><time>2026-05-05T17:10:35Z</time></trkpt><trkpt lat="-16.083542" lon="-57.694962"><ele>114.700</ele><time>2026-05-05T17:10:36Z</time></trkpt><trkpt lat="-16.083505" lon="-57.694899"><ele>115.239</ele><time>2026-05-05T17:10:37Z</time></trkpt><trkpt lat="-16.083468" lon="-57.694832"><ele>115.468</ele><time>2026-05-05T17:10:38Z</time></trkpt><trkpt lat="-16.083426" lon="-57.694754"><ele>115.552</ele><time>2026-05-05T17:10:39Z</time></trkpt><trkpt lat="-16.083381" lon="-57.694667"><ele>115.698</ele><time>2026-05-05T17:10:40Z</time></trkpt><trkpt lat="-16.083333" lon="-57.694575"><ele>115.802</ele><time>2026-05-05T17:10:41Z</time></trkpt><trkpt lat="-16.083285" lon="-57.694485"><ele>116.112</ele><time>2026-05-05T17:10:42Z</time></trkpt><trkpt lat="-16.083242" lon="-57.694392"><ele>116.253</ele><time>2026-05-05T17:10:43Z</time></trkpt><trkpt lat="-16.083202" lon="-57.6943"><ele>116.246</ele><time>2026-05-05T17:10:44Z</time></trkpt><trkpt lat="-16.083157" lon="-57.694217"><ele>116.173</ele><time>2026-05-05T17:10:45Z</time></trkpt><trkpt lat="-16.083115" lon="-57.694127"><ele>116.174</ele><time>2026-05-05T17:10:46Z</time></trkpt><trkpt lat="-16.08309" lon="-57.694049"><ele>116.071</ele><time>2026-05-05T17:10:47Z</time></trkpt><trkpt lat="-16.083052" lon="-57.693966"><ele>116.068</ele><time>2026-05-05T17:10:48Z</time></trkpt><trkpt lat="-16.083019" lon="-57.693903"><ele>116.053</ele><time>2026-05-05T17:10:49Z</time></trkpt><trkpt lat="-16.082989" lon="-57.693841"><ele>116.073</ele><time>2026-05-05T17:10:50Z</time></trkpt><trkpt lat="-16.082931" lon="-57.693781"><ele>115.973</ele><time>2026-05-05T17:10:52Z</time></trkpt><trkpt lat="-16.082883" lon="-57.693729"><ele>115.299</ele><time>2026-05-05T17:10:55Z</time></trkpt><trkpt lat="-16.082851" lon="-57.693674"><ele>115.370</ele><time>2026-05-05T17:10:57Z</time></trkpt><trkpt lat="-16.082828" lon="-57.693631"><ele>115.357</ele><time>2026-05-05T17:10:58Z</time></trkpt><trkpt lat="-16.082801" lon="-57.693581"><ele>115.360</ele><time>2026-05-05T17:10:59Z</time></trkpt><trkpt lat="-16.082768" lon="-57.693526"><ele>115.103</ele><time>2026-05-05T17:11:00Z</time></trkpt><trkpt lat="-16.082731" lon="-57.693464"><ele>114.935</ele><time>2026-05-05T17:11:01Z</time></trkpt><trkpt lat="-16.082694" lon="-57.693402"><ele>114.644</ele><time>2026-05-05T17:11:02Z</time></trkpt><trkpt lat="-16.082656" lon="-57.693337"><ele>114.603</ele><time>2026-05-05T17:11:03Z</time></trkpt><trkpt lat="-16.082618" lon="-57.693265"><ele>114.892</ele><time>2026-05-05T17:11:04Z</time></trkpt><trkpt lat="-16.082571" lon="-57.69319"><ele>115.100</ele><time>2026-05-05T17:11:05Z</time></trkpt><trkpt lat="-16.082523" lon="-57.693107"><ele>115.569</ele><time>2026-05-05T17:11:06Z</time></trkpt><trkpt lat="-16.082476" lon="-57.69302"><ele>115.846</ele><time>2026-05-05T17:11:07Z</time></trkpt><trkpt lat="-16.082428" lon="-57.692935"><ele>116.056</ele><time>2026-05-05T17:11:08Z</time></trkpt><trkpt lat="-16.082385" lon="-57.692857"><ele>116.572</ele><time>2026-05-05T17:11:09Z</time></trkpt><trkpt lat="-16.082352" lon="-57.692782"><ele>116.832</ele><time>2026-05-05T17:11:10Z</time></trkpt><trkpt lat="-16.08232" lon="-57.692714"><ele>117.007</ele><time>2026-05-05T17:11:11Z</time></trkpt><trkpt lat="-16.08229" lon="-57.692654"><ele>117.371</ele><time>2026-05-05T17:11:12Z</time></trkpt><trkpt lat="-16.082267" lon="-57.692596"><ele>117.622</ele><time>2026-05-05T17:11:13Z</time></trkpt><trkpt lat="-16.082255" lon="-57.692514"><ele>117.837</ele><time>2026-05-05T17:11:15Z</time></trkpt><trkpt lat="-16.08221" lon="-57.692509"><ele>118.854</ele><time>2026-05-05T17:11:33Z</time></trkpt><trkpt lat="-16.082135" lon="-57.692474"><ele>119.079</ele><time>2026-05-05T17:11:35Z</time></trkpt><trkpt lat="-16.082085" lon="-57.692457"><ele>119.278</ele><time>2026-05-05T17:11:36Z</time></trkpt><trkpt lat="-16.082018" lon="-57.692427"><ele>119.353</ele><time>2026-05-05T17:11:37Z</time></trkpt><trkpt lat="-16.081938" lon="-57.692389"><ele>119.281</ele><time>2026-05-05T17:11:38Z</time></trkpt><trkpt lat="-16.081868" lon="-57.692352"><ele>119.146</ele><time>2026-05-05T17:11:39Z</time></trkpt><trkpt lat="-16.08178" lon="-57.692312"><ele>118.940</ele><time>2026-05-05T17:11:40Z</time></trkpt><trkpt lat="-16.081698" lon="-57.692274"><ele>118.871</ele><time>2026-05-05T17:11:41Z</time></trkpt><trkpt lat="-16.081601" lon="-57.692232"><ele>118.837</ele><time>2026-05-05T17:11:42Z</time></trkpt><trkpt lat="-16.081501" lon="-57.692189"><ele>118.872</ele><time>2026-05-05T17:11:43Z</time></trkpt><trkpt lat="-16.081398" lon="-57.692152"><ele>118.890</ele><time>2026-05-05T17:11:44Z</time></trkpt><trkpt lat="-16.0813" lon="-57.692112"><ele>119.537</ele><time>2026-05-05T17:11:45Z</time></trkpt><trkpt lat="-16.0812" lon="-57.69207"><ele>119.701</ele><time>2026-05-05T17:11:46Z</time></trkpt><trkpt lat="-16.081102" lon="-57.692032"><ele>119.746</ele><time>2026-05-05T17:11:47Z</time></trkpt><trkpt lat="-16.081004" lon="-57.691997"><ele>119.780</ele><time>2026-05-05T17:11:48Z</time></trkpt><trkpt lat="-16.080904" lon="-57.691959"><ele>119.966</ele><time>2026-05-05T17:11:49Z</time></trkpt><trkpt lat="-16.080811" lon="-57.691919"><ele>120.189</ele><time>2026-05-05T17:11:50Z</time></trkpt><trkpt lat="-16.080713" lon="-57.691881"><ele>120.193</ele><time>2026-05-05T17:11:51Z</time></trkpt><trkpt lat="-16.080625" lon="-57.691834"><ele>120.110</ele><time>2026-05-05T17:11:52Z</time></trkpt><trkpt lat="-16.08053" lon="-57.691791"><ele>120.116</ele><time>2026-05-05T17:11:53Z</time></trkpt><trkpt lat="-16.080428" lon="-57.691746"><ele>120.246</ele><time>2026-05-05T17:11:54Z</time></trkpt><trkpt lat="-16.080326" lon="-57.691698"><ele>120.261</ele><time>2026-05-05T17:11:55Z</time></trkpt><trkpt lat="-16.080229" lon="-57.691648"><ele>120.225</ele><time>2026-05-05T17:11:56Z</time></trkpt><trkpt lat="-16.080131" lon="-57.691603"><ele>119.891</ele><time>2026-05-05T17:11:57Z</time></trkpt><trkpt lat="-16.080019" lon="-57.691563"><ele>119.521</ele><time>2026-05-05T17:11:58Z</time></trkpt><trkpt lat="-16.079916" lon="-57.691526"><ele>118.954</ele><time>2026-05-05T17:11:59Z</time></trkpt><trkpt lat="-16.079818" lon="-57.691483"><ele>118.726</ele><time>2026-05-05T17:12:00Z</time></trkpt><trkpt lat="-16.079723" lon="-57.691438"><ele>118.456</ele><time>2026-05-05T17:12:01Z</time></trkpt><trkpt lat="-16.079625" lon="-57.6914"><ele>118.377</ele><time>2026-05-05T17:12:02Z</time></trkpt><trkpt lat="-16.079525" lon="-57.691365"><ele>118.280</ele><time>2026-05-05T17:12:03Z</time></trkpt><trkpt lat="-16.07943" lon="-57.691332"><ele>118.228</ele><time>2026-05-05T17:12:04Z</time></trkpt><trkpt lat="-16.079338" lon="-57.691294"><ele>118.296</ele><time>2026-05-05T17:12:05Z</time></trkpt><trkpt lat="-16.079253" lon="-57.691256"><ele>118.127</ele><time>2026-05-05T17:12:06Z</time></trkpt><trkpt lat="-16.07917" lon="-57.691218"><ele>117.951</ele><time>2026-05-05T17:12:07Z</time></trkpt><trkpt lat="-16.079093" lon="-57.691186"><ele>117.753</ele><time>2026-05-05T17:12:08Z</time></trkpt><trkpt lat="-16.079018" lon="-57.691159"><ele>117.757</ele><time>2026-05-05T17:12:09Z</time></trkpt><trkpt lat="-16.078946" lon="-57.691139"><ele>117.725</ele><time>2026-05-05T17:12:10Z</time></trkpt><trkpt lat="-16.078888" lon="-57.691126"><ele>117.693</ele><time>2026-05-05T17:12:11Z</time></trkpt><trkpt lat="-16.078825" lon="-57.691106"><ele>117.573</ele><time>2026-05-05T17:12:13Z</time></trkpt><trkpt lat="-16.07877" lon="-57.691084"><ele>117.711</ele><time>2026-05-05T17:12:18Z</time></trkpt><trkpt lat="-16.07872" lon="-57.691062"><ele>117.807</ele><time>2026-05-05T17:12:20Z</time></trkpt><trkpt lat="-16.07866" lon="-57.691025"><ele>117.916</ele><time>2026-05-05T17:12:22Z</time></trkpt><trkpt lat="-16.078562" lon="-57.69098"><ele>118.043</ele><time>2026-05-05T17:12:24Z</time></trkpt><trkpt lat="-16.0785" lon="-57.690952"><ele>118.293</ele><time>2026-05-05T17:12:25Z</time></trkpt><trkpt lat="-16.078432" lon="-57.690925"><ele>118.478</ele><time>2026-05-05T17:12:26Z</time></trkpt><trkpt lat="-16.078357" lon="-57.690897"><ele>118.626</ele><time>2026-05-05T17:12:27Z</time></trkpt><trkpt lat="-16.07828" lon="-57.69086"><ele>118.880</ele><time>2026-05-05T17:12:28Z</time></trkpt><trkpt lat="-16.078195" lon="-57.690825"><ele>118.983</ele><time>2026-05-05T17:12:29Z</time></trkpt><trkpt lat="-16.078103" lon="-57.690788"><ele>119.058</ele><time>2026-05-05T17:12:30Z</time></trkpt><trkpt lat="-16.078013" lon="-57.690753"><ele>119.144</ele><time>2026-05-05T17:12:31Z</time></trkpt><trkpt lat="-16.077921" lon="-57.690715"><ele>119.366</ele><time>2026-05-05T17:12:32Z</time></trkpt><trkpt lat="-16.077824" lon="-57.690677"><ele>119.445</ele><time>2026-05-05T17:12:33Z</time></trkpt><trkpt lat="-16.077726" lon="-57.690639"><ele>119.784</ele><time>2026-05-05T17:12:34Z</time></trkpt><trkpt lat="-16.077629" lon="-57.690601"><ele>119.759</ele><time>2026-05-05T17:12:35Z</time></trkpt><trkpt lat="-16.077529" lon="-57.690561"><ele>119.682</ele><time>2026-05-05T17:12:36Z</time></trkpt><trkpt lat="-16.077427" lon="-57.690518"><ele>119.573</ele><time>2026-05-05T17:12:37Z</time></trkpt><trkpt lat="-16.07733" lon="-57.690466"><ele>119.573</ele><time>2026-05-05T17:12:38Z</time></trkpt><trkpt lat="-16.077233" lon="-57.690418"><ele>119.529</ele><time>2026-05-05T17:12:39Z</time></trkpt><trkpt lat="-16.077131" lon="-57.690373"><ele>119.446</ele><time>2026-05-05T17:12:40Z</time></trkpt><trkpt lat="-16.077023" lon="-57.69033"><ele>119.037</ele><time>2026-05-05T17:12:41Z</time></trkpt><trkpt lat="-16.076913" lon="-57.690287"><ele>118.766</ele><time>2026-05-05T17:12:42Z</time></trkpt><trkpt lat="-16.076803" lon="-57.690242"><ele>118.675</ele><time>2026-05-05T17:12:43Z</time></trkpt><trkpt lat="-16.076686" lon="-57.690199"><ele>118.682</ele><time>2026-05-05T17:12:44Z</time></trkpt><trkpt lat="-16.076569" lon="-57.690162"><ele>118.997</ele><time>2026-05-05T17:12:45Z</time></trkpt><trkpt lat="-16.076452" lon="-57.690125"><ele>118.978</ele><time>2026-05-05T17:12:46Z</time></trkpt><trkpt lat="-16.076339" lon="-57.690083"><ele>119.342</ele><time>2026-05-05T17:12:47Z</time></trkpt><trkpt lat="-16.076222" lon="-57.69004"><ele>119.718</ele><time>2026-05-05T17:12:48Z</time></trkpt><trkpt lat="-16.076109" lon="-57.690002"><ele>119.779</ele><time>2026-05-05T17:12:49Z</time></trkpt><trkpt lat="-16.076009" lon="-57.689959"><ele>120.017</ele><time>2026-05-05T17:12:50Z</time></trkpt><trkpt lat="-16.075916" lon="-57.689916"><ele>120.172</ele><time>2026-05-05T17:12:51Z</time></trkpt><trkpt lat="-16.075836" lon="-57.689883"><ele>120.594</ele><time>2026-05-05T17:12:52Z</time></trkpt><trkpt lat="-16.075766" lon="-57.689861"><ele>120.846</ele><time>2026-05-05T17:12:53Z</time></trkpt><trkpt lat="-16.075719" lon="-57.689846"><ele>121.083</ele><time>2026-05-05T17:12:54Z</time></trkpt><trkpt lat="-16.075664" lon="-57.689824"><ele>121.317</ele><time>2026-05-05T17:12:56Z</time></trkpt><trkpt lat="-16.075591" lon="-57.689784"><ele>121.643</ele><time>2026-05-05T17:12:58Z</time></trkpt><trkpt lat="-16.075559" lon="-57.689749"><ele>121.921</ele><time>2026-05-05T17:12:59Z</time></trkpt><trkpt lat="-16.075549" lon="-57.689659"><ele>122.149</ele><time>2026-05-05T17:13:01Z</time></trkpt><trkpt lat="-16.075561" lon="-57.689597"><ele>122.398</ele><time>2026-05-05T17:13:02Z</time></trkpt><trkpt lat="-16.075573" lon="-57.689532"><ele>122.394</ele><time>2026-05-05T17:13:03Z</time></trkpt><trkpt lat="-16.075591" lon="-57.689455"><ele>122.452</ele><time>2026-05-05T17:13:04Z</time></trkpt><trkpt lat="-16.075606" lon="-57.689378"><ele>122.643</ele><time>2026-05-05T17:13:05Z</time></trkpt><trkpt lat="-16.075626" lon="-57.689291"><ele>122.804</ele><time>2026-05-05T17:13:06Z</time></trkpt><trkpt lat="-16.075643" lon="-57.689199"><ele>122.997</ele><time>2026-05-05T17:13:07Z</time></trkpt><trkpt lat="-16.075655" lon="-57.689107"><ele>122.965</ele><time>2026-05-05T17:13:08Z</time></trkpt><trkpt lat="-16.075668" lon="-57.689005"><ele>122.976</ele><time>2026-05-05T17:13:09Z</time></trkpt><trkpt lat="-16.075681" lon="-57.688903"><ele>123.019</ele><time>2026-05-05T17:13:10Z</time></trkpt><trkpt lat="-16.075694" lon="-57.688803"><ele>123.057</ele><time>2026-05-05T17:13:11Z</time></trkpt><trkpt lat="-16.075707" lon="-57.688706"><ele>123.041</ele><time>2026-05-05T17:13:12Z</time></trkpt><trkpt lat="-16.075717" lon="-57.688608"><ele>122.719</ele><time>2026-05-05T17:13:13Z</time></trkpt><trkpt lat="-16.075724" lon="-57.688511"><ele>122.639</ele><time>2026-05-05T17:13:14Z</time></trkpt><trkpt lat="-16.075726" lon="-57.688414"><ele>122.663</ele><time>2026-05-05T17:13:15Z</time></trkpt><trkpt lat="-16.075734" lon="-57.688322"><ele>122.748</ele><time>2026-05-05T17:13:16Z</time></trkpt><trkpt lat="-16.075734" lon="-57.688244"><ele>122.800</ele><time>2026-05-05T17:13:17Z</time></trkpt><trkpt lat="-16.075742" lon="-57.688159"><ele>122.817</ele><time>2026-05-05T17:13:18Z</time></trkpt><trkpt lat="-16.075747" lon="-57.688072"><ele>122.801</ele><time>2026-05-05T17:13:19Z</time></trkpt><trkpt lat="-16.07578" lon="-57.688022"><ele>122.835</ele><time>2026-05-05T17:13:20Z</time></trkpt><trkpt lat="-16.075773" lon="-57.68796"><ele>122.886</ele><time>2026-05-05T17:13:27Z</time></trkpt><trkpt lat="-16.075716" lon="-57.687922"><ele>122.875</ele><time>2026-05-05T17:13:29Z</time></trkpt><trkpt lat="-16.075658" lon="-57.687914"><ele>122.862</ele><time>2026-05-05T17:13:31Z</time></trkpt><trkpt lat="-16.075608" lon="-57.687914"><ele>122.996</ele><time>2026-05-05T17:13:33Z</time></trkpt><trkpt lat="-16.075543" lon="-57.687917"><ele>122.987</ele><time>2026-05-05T17:13:35Z</time></trkpt><trkpt lat="-16.075488" lon="-57.687919"><ele>122.178</ele><time>2026-05-05T17:13:37Z</time></trkpt><trkpt lat="-16.075421" lon="-57.687911"><ele>120.620</ele><time>2026-05-05T17:13:40Z</time></trkpt><trkpt lat="-16.075356" lon="-57.687893"><ele>120.511</ele><time>2026-05-05T17:13:42Z</time></trkpt><trkpt lat="-16.075311" lon="-57.68788"><ele>120.499</ele><time>2026-05-05T17:13:43Z</time></trkpt><trkpt lat="-16.075264" lon="-57.687868"><ele>120.349</ele><time>2026-05-05T17:13:44Z</time></trkpt><trkpt lat="-16.075214" lon="-57.687846"><ele>120.210</ele><time>2026-05-05T17:13:45Z</time></trkpt><trkpt lat="-16.075154" lon="-57.687826"><ele>120.023</ele><time>2026-05-05T17:13:46Z</time></trkpt><trkpt lat="-16.075091" lon="-57.687808"><ele>119.698</ele><time>2026-05-05T17:13:47Z</time></trkpt><trkpt lat="-16.075023" lon="-57.687788"><ele>119.563</ele><time>2026-05-05T17:13:48Z</time></trkpt><trkpt lat="-16.074961" lon="-57.687768"><ele>119.149</ele><time>2026-05-05T17:13:49Z</time></trkpt><trkpt lat="-16.074904" lon="-57.68775"><ele>118.961</ele><time>2026-05-05T17:13:50Z</time></trkpt><trkpt lat="-16.074839" lon="-57.687737"><ele>118.933</ele><time>2026-05-05T17:13:52Z</time></trkpt><trkpt lat="-16.074792" lon="-57.687724"><ele>118.889</ele><time>2026-05-05T17:13:54Z</time></trkpt><trkpt lat="-16.07474" lon="-57.687702"><ele>118.938</ele><time>2026-05-05T17:13:56Z</time></trkpt><trkpt lat="-16.07465" lon="-57.68767"><ele>118.958</ele><time>2026-05-05T17:13:58Z</time></trkpt><trkpt lat="-16.074592" lon="-57.687647"><ele>119.183</ele><time>2026-05-05T17:13:59Z</time></trkpt><trkpt lat="-16.07453" lon="-57.687622"><ele>119.309</ele><time>2026-05-05T17:14:00Z</time></trkpt><trkpt lat="-16.074467" lon="-57.687594"><ele>119.303</ele><time>2026-05-05T17:14:01Z</time></trkpt><trkpt lat="-16.074407" lon="-57.687567"><ele>119.317</ele><time>2026-05-05T17:14:02Z</time></trkpt><trkpt lat="-16.074344" lon="-57.687542"><ele>119.301</ele><time>2026-05-05T17:14:03Z</time></trkpt><trkpt lat="-16.074277" lon="-57.687515"><ele>119.135</ele><time>2026-05-05T17:14:04Z</time></trkpt><trkpt lat="-16.07421" lon="-57.68749"><ele>118.870</ele><time>2026-05-05T17:14:05Z</time></trkpt><trkpt lat="-16.074142" lon="-57.687465"><ele>118.607</ele><time>2026-05-05T17:14:06Z</time></trkpt><trkpt lat="-16.074075" lon="-57.687438"><ele>118.461</ele><time>2026-05-05T17:14:07Z</time></trkpt><trkpt lat="-16.07401" lon="-57.687408"><ele>118.282</ele><time>2026-05-05T17:14:08Z</time></trkpt><trkpt lat="-16.073952" lon="-57.687378"><ele>118.171</ele><time>2026-05-05T17:14:09Z</time></trkpt><trkpt lat="-16.073899" lon="-57.68735"><ele>118.059</ele><time>2026-05-05T17:14:10Z</time></trkpt><trkpt lat="-16.073846" lon="-57.687325"><ele>118.026</ele><time>2026-05-05T17:14:11Z</time></trkpt><trkpt lat="-16.073791" lon="-57.687305"><ele>117.960</ele><time>2026-05-05T17:14:12Z</time></trkpt><trkpt lat="-16.073738" lon="-57.687288"><ele>117.724</ele><time>2026-05-05T17:14:13Z</time></trkpt><trkpt lat="-16.073693" lon="-57.68727"><ele>117.442</ele><time>2026-05-05T17:14:14Z</time></trkpt><trkpt lat="-16.073651" lon="-57.687252"><ele>117.281</ele><time>2026-05-05T17:14:15Z</time></trkpt><trkpt lat="-16.073578" lon="-57.687214"><ele>116.840</ele><time>2026-05-05T17:14:17Z</time></trkpt><trkpt lat="-16.073535" lon="-57.687197"><ele>116.159</ele><time>2026-05-05T17:14:18Z</time></trkpt><trkpt lat="-16.073492" lon="-57.687177"><ele>116.099</ele><time>2026-05-05T17:14:19Z</time></trkpt><trkpt lat="-16.073425" lon="-57.687127"><ele>115.645</ele><time>2026-05-05T17:14:21Z</time></trkpt><trkpt lat="-16.073397" lon="-57.687054"><ele>115.633</ele><time>2026-05-05T17:14:23Z</time></trkpt><trkpt lat="-16.073397" lon="-57.686967"><ele>115.593</ele><time>2026-05-05T17:14:25Z</time></trkpt><trkpt lat="-16.073399" lon="-57.686889"><ele>115.749</ele><time>2026-05-05T17:14:27Z</time></trkpt><trkpt lat="-16.073406" lon="-57.686811"><ele>116.448</ele><time>2026-05-05T17:14:29Z</time></trkpt><trkpt lat="-16.073434" lon="-57.686748"><ele>116.692</ele><time>2026-05-05T17:14:31Z</time></trkpt><trkpt lat="-16.073479" lon="-57.686711"><ele>116.891</ele><time>2026-05-05T17:14:33Z</time></trkpt><trkpt lat="-16.073524" lon="-57.686698"><ele>117.437</ele><time>2026-05-05T17:14:35Z</time></trkpt><trkpt lat="-16.073582" lon="-57.686666"><ele>117.759</ele><time>2026-05-05T17:14:37Z</time></trkpt><trkpt lat="-16.073649" lon="-57.686629"><ele>118.219</ele><time>2026-05-05T17:14:39Z</time></trkpt><trkpt lat="-16.073712" lon="-57.686584"><ele>118.498</ele><time>2026-05-05T17:14:41Z</time></trkpt><trkpt lat="-16.073779" lon="-57.686524"><ele>118.464</ele><time>2026-05-05T17:14:43Z</time></trkpt><trkpt lat="-16.073812" lon="-57.686479"><ele>118.381</ele><time>2026-05-05T17:14:44Z</time></trkpt><trkpt lat="-16.073847" lon="-57.686416"><ele>118.284</ele><time>2026-05-05T17:14:45Z</time></trkpt><trkpt lat="-16.073875" lon="-57.686351"><ele>118.072</ele><time>2026-05-05T17:14:46Z</time></trkpt><trkpt lat="-16.073908" lon="-57.686278"><ele>117.966</ele><time>2026-05-05T17:14:47Z</time></trkpt><trkpt lat="-16.073941" lon="-57.686201"><ele>117.933</ele><time>2026-05-05T17:14:48Z</time></trkpt><trkpt lat="-16.073974" lon="-57.686121"><ele>117.997</ele><time>2026-05-05T17:14:49Z</time></trkpt><trkpt lat="-16.074011" lon="-57.686041"><ele>117.985</ele><time>2026-05-05T17:14:50Z</time></trkpt><trkpt lat="-16.074048" lon="-57.685958"><ele>117.716</ele><time>2026-05-05T17:14:51Z</time></trkpt><trkpt lat="-16.074091" lon="-57.685866"><ele>117.581</ele><time>2026-05-05T17:14:52Z</time></trkpt><trkpt lat="-16.074126" lon="-57.685793"><ele>117.461</ele><time>2026-05-05T17:14:53Z</time></trkpt><trkpt lat="-16.074158" lon="-57.685726"><ele>117.389</ele><time>2026-05-05T17:14:54Z</time></trkpt><trkpt lat="-16.074185" lon="-57.685663"><ele>117.321</ele><time>2026-05-05T17:14:55Z</time></trkpt><trkpt lat="-16.074198" lon="-57.685608"><ele>116.931</ele><time>2026-05-05T17:14:56Z</time></trkpt><trkpt lat="-16.074205" lon="-57.685558"><ele>116.524</ele><time>2026-05-05T17:14:57Z</time></trkpt><trkpt lat="-16.074192" lon="-57.685465"><ele>116.296</ele><time>2026-05-05T17:14:59Z</time></trkpt><trkpt lat="-16.074184" lon="-57.685412"><ele>115.939</ele><time>2026-05-05T17:15:00Z</time></trkpt><trkpt lat="-16.074182" lon="-57.685345"><ele>115.799</ele><time>2026-05-05T17:15:01Z</time></trkpt><trkpt lat="-16.07419" lon="-57.685278"><ele>115.789</ele><time>2026-05-05T17:15:02Z</time></trkpt><trkpt lat="-16.074207" lon="-57.68521"><ele>115.944</ele><time>2026-05-05T17:15:03Z</time></trkpt><trkpt lat="-16.074235" lon="-57.685138"><ele>116.190</ele><time>2026-05-05T17:15:04Z</time></trkpt><trkpt lat="-16.074267" lon="-57.685063"><ele>116.379</ele><time>2026-05-05T17:15:05Z</time></trkpt><trkpt lat="-16.074299" lon="-57.684976"><ele>116.389</ele><time>2026-05-05T17:15:06Z</time></trkpt><trkpt lat="-16.074332" lon="-57.684886"><ele>116.339</ele><time>2026-05-05T17:15:07Z</time></trkpt><trkpt lat="-16.074365" lon="-57.684796"><ele>116.378</ele><time>2026-05-05T17:15:08Z</time></trkpt><trkpt lat="-16.074402" lon="-57.684701"><ele>116.088</ele><time>2026-05-05T17:15:09Z</time></trkpt><trkpt lat="-16.074435" lon="-57.684614"><ele>115.326</ele><time>2026-05-05T17:15:10Z</time></trkpt><trkpt lat="-16.074465" lon="-57.684536"><ele>115.258</ele><time>2026-05-05T17:15:11Z</time></trkpt><trkpt lat="-16.074493" lon="-57.684456"><ele>115.278</ele><time>2026-05-05T17:15:12Z</time></trkpt><trkpt lat="-16.074521" lon="-57.684388"><ele>115.120</ele><time>2026-05-05T17:15:13Z</time></trkpt><trkpt lat="-16.074541" lon="-57.684341"><ele>115.038</ele><time>2026-05-05T17:15:14Z</time></trkpt><trkpt lat="-16.074573" lon="-57.684291"><ele>115.059</ele><time>2026-05-05T17:15:16Z</time></trkpt><trkpt lat="-16.074613" lon="-57.684266"><ele>115.249</ele><time>2026-05-05T17:15:18Z</time></trkpt><trkpt lat="-16.07468" lon="-57.684264"><ele>115.510</ele><time>2026-05-05T17:15:20Z</time></trkpt><trkpt lat="-16.074765" lon="-57.684304"><ele>116.193</ele><time>2026-05-05T17:15:22Z</time></trkpt><trkpt lat="-16.074818" lon="-57.684324"><ele>116.800</ele><time>2026-05-05T17:15:23Z</time></trkpt><trkpt lat="-16.074875" lon="-57.684342"><ele>116.932</ele><time>2026-05-05T17:15:24Z</time></trkpt><trkpt lat="-16.074935" lon="-57.684364"><ele>116.982</ele><time>2026-05-05T17:15:25Z</time></trkpt><trkpt lat="-16.074997" lon="-57.684391"><ele>116.988</ele><time>2026-05-05T17:15:26Z</time></trkpt><trkpt lat="-16.075057" lon="-57.684416"><ele>116.827</ele><time>2026-05-05T17:15:27Z</time></trkpt><trkpt lat="-16.075114" lon="-57.684446"><ele>116.506</ele><time>2026-05-05T17:15:28Z</time></trkpt><trkpt lat="-16.075164" lon="-57.684478"><ele>116.370</ele><time>2026-05-05T17:15:29Z</time></trkpt><trkpt lat="-16.075216" lon="-57.6845"><ele>116.263</ele><time>2026-05-05T17:15:30Z</time></trkpt><trkpt lat="-16.075261" lon="-57.684518"><ele>116.127</ele><time>2026-05-05T17:15:31Z</time></trkpt><trkpt lat="-16.075331" lon="-57.684551"><ele>115.225</ele><time>2026-05-05T17:15:33Z</time></trkpt><trkpt lat="-16.075391" lon="-57.684574"><ele>114.870</ele><time>2026-05-05T17:15:35Z</time></trkpt><trkpt lat="-16.075456" lon="-57.684581"><ele>114.787</ele><time>2026-05-05T17:15:38Z</time></trkpt><trkpt lat="-16.075416" lon="-57.684531"><ele>115.447</ele><time>2026-05-05T17:16:17Z</time></trkpt><trkpt lat="-16.075374" lon="-57.684551"><ele>115.474</ele><time>2026-05-05T17:16:26Z</time></trkpt><trkpt lat="-16.075412" lon="-57.684576"><ele>115.498</ele><time>2026-05-05T17:16:37Z</time></trkpt><trkpt lat="-16.075474" lon="-57.684598"><ele>114.926</ele><time>2026-05-05T17:16:40Z</time></trkpt><trkpt lat="-16.075529" lon="-57.684626"><ele>113.777</ele><time>2026-05-05T17:16:42Z</time></trkpt><trkpt lat="-16.075581" lon="-57.684648"><ele>113.236</ele><time>2026-05-05T17:16:44Z</time></trkpt><trkpt lat="-16.075631" lon="-57.684675"><ele>113.068</ele><time>2026-05-05T17:16:46Z</time></trkpt><trkpt lat="-16.075703" lon="-57.684703"><ele>112.466</ele><time>2026-05-05T17:16:48Z</time></trkpt><trkpt lat="-16.075783" lon="-57.684738"><ele>111.484</ele><time>2026-05-05T17:16:50Z</time></trkpt><trkpt lat="-16.075833" lon="-57.68476"><ele>111.454</ele><time>2026-05-05T17:16:51Z</time></trkpt><trkpt lat="-16.075891" lon="-57.684785"><ele>111.673</ele><time>2026-05-05T17:16:52Z</time></trkpt><trkpt lat="-16.075953" lon="-57.684812"><ele>111.756</ele><time>2026-05-05T17:16:53Z</time></trkpt><trkpt lat="-16.076011" lon="-57.684839"><ele>111.852</ele><time>2026-05-05T17:16:54Z</time></trkpt><trkpt lat="-16.076073" lon="-57.684862"><ele>111.822</ele><time>2026-05-05T17:16:55Z</time></trkpt><trkpt lat="-16.076138" lon="-57.684887"><ele>111.878</ele><time>2026-05-05T17:16:56Z</time></trkpt><trkpt lat="-16.076203" lon="-57.684912"><ele>111.862</ele><time>2026-05-05T17:16:57Z</time></trkpt><trkpt lat="-16.07627" lon="-57.684935"><ele>112.053</ele><time>2026-05-05T17:16:58Z</time></trkpt><trkpt lat="-16.076337" lon="-57.684957"><ele>112.403</ele><time>2026-05-05T17:16:59Z</time></trkpt><trkpt lat="-16.076405" lon="-57.68498"><ele>113.089</ele><time>2026-05-05T17:17:00Z</time></trkpt><trkpt lat="-16.076475" lon="-57.685007"><ele>113.503</ele><time>2026-05-05T17:17:01Z</time></trkpt><trkpt lat="-16.076542" lon="-57.685037"><ele>113.775</ele><time>2026-05-05T17:17:02Z</time></trkpt><trkpt lat="-16.076607" lon="-57.685064"><ele>113.955</ele><time>2026-05-05T17:17:03Z</time></trkpt><trkpt lat="-16.076664" lon="-57.685087"><ele>113.952</ele><time>2026-05-05T17:17:04Z</time></trkpt><trkpt lat="-16.076704" lon="-57.685109"><ele>113.902</ele><time>2026-05-05T17:17:05Z</time></trkpt><trkpt lat="-16.076751" lon="-57.685131"><ele>114.429</ele><time>2026-05-05T17:17:07Z</time></trkpt><trkpt lat="-16.076821" lon="-57.685154"><ele>115.714</ele><time>2026-05-05T17:17:24Z</time></trkpt><trkpt lat="-16.076896" lon="-57.685177"><ele>115.861</ele><time>2026-05-05T17:17:26Z</time></trkpt><trkpt lat="-16.076944" lon="-57.685187"><ele>115.839</ele><time>2026-05-05T17:17:27Z</time></trkpt><trkpt lat="-16.076992" lon="-57.685194"><ele>116.176</ele><time>2026-05-05T17:17:28Z</time></trkpt><trkpt lat="-16.077042" lon="-57.685212"><ele>116.242</ele><time>2026-05-05T17:17:29Z</time></trkpt><trkpt lat="-16.077099" lon="-57.685232"><ele>116.288</ele><time>2026-05-05T17:17:30Z</time></trkpt><trkpt lat="-16.077162" lon="-57.68526"><ele>116.429</ele><time>2026-05-05T17:17:31Z</time></trkpt><trkpt lat="-16.07723" lon="-57.685293"><ele>116.732</ele><time>2026-05-05T17:17:32Z</time></trkpt><trkpt lat="-16.077298" lon="-57.685326"><ele>116.888</ele><time>2026-05-05T17:17:33Z</time></trkpt><trkpt lat="-16.077371" lon="-57.685363"><ele>116.950</ele><time>2026-05-05T17:17:34Z</time></trkpt><trkpt lat="-16.077449" lon="-57.685401"><ele>117.091</ele><time>2026-05-05T17:17:35Z</time></trkpt><trkpt lat="-16.077534" lon="-57.685436"><ele>117.078</ele><time>2026-05-05T17:17:36Z</time></trkpt><trkpt lat="-16.077624" lon="-57.685471"><ele>117.205</ele><time>2026-05-05T17:17:37Z</time></trkpt><trkpt lat="-16.077721" lon="-57.685506"><ele>117.440</ele><time>2026-05-05T17:17:38Z</time></trkpt><trkpt lat="-16.077824" lon="-57.685543"><ele>117.510</ele><time>2026-05-05T17:17:39Z</time></trkpt><trkpt lat="-16.077926" lon="-57.685578"><ele>117.561</ele><time>2026-05-05T17:17:40Z</time></trkpt><trkpt lat="-16.078028" lon="-57.68562"><ele>117.542</ele><time>2026-05-05T17:17:41Z</time></trkpt><trkpt lat="-16.078128" lon="-57.68566"><ele>117.676</ele><time>2026-05-05T17:17:42Z</time></trkpt><trkpt lat="-16.078221" lon="-57.685698"><ele>117.731</ele><time>2026-05-05T17:17:43Z</time></trkpt><trkpt lat="-16.078309" lon="-57.685735"><ele>117.827</ele><time>2026-05-05T17:17:44Z</time></trkpt><trkpt lat="-16.078389" lon="-57.685768"><ele>117.850</ele><time>2026-05-05T17:17:45Z</time></trkpt><trkpt lat="-16.078461" lon="-57.685793"><ele>118.248</ele><time>2026-05-05T17:17:46Z</time></trkpt><trkpt lat="-16.078523" lon="-57.685815"><ele>118.427</ele><time>2026-05-05T17:17:47Z</time></trkpt><trkpt lat="-16.078576" lon="-57.685835"><ele>118.903</ele><time>2026-05-05T17:17:48Z</time></trkpt><trkpt lat="-16.078621" lon="-57.685845"><ele>119.677</ele><time>2026-05-05T17:17:49Z</time></trkpt><trkpt lat="-16.078693" lon="-57.685868"><ele>120.722</ele><time>2026-05-05T17:17:51Z</time></trkpt><trkpt lat="-16.078773" lon="-57.685906"><ele>121.078</ele><time>2026-05-05T17:17:53Z</time></trkpt><trkpt lat="-16.078815" lon="-57.685934"><ele>121.253</ele><time>2026-05-05T17:17:54Z</time></trkpt><trkpt lat="-16.07886" lon="-57.685964"><ele>121.310</ele><time>2026-05-05T17:17:55Z</time></trkpt><trkpt lat="-16.078917" lon="-57.685984"><ele>121.747</ele><time>2026-05-05T17:17:56Z</time></trkpt><trkpt lat="-16.07898" lon="-57.685997"><ele>122.214</ele><time>2026-05-05T17:17:57Z</time></trkpt><trkpt lat="-16.079053" lon="-57.686004"><ele>122.318</ele><time>2026-05-05T17:17:58Z</time></trkpt><trkpt lat="-16.079131" lon="-57.686012"><ele>122.327</ele><time>2026-05-05T17:17:59Z</time></trkpt><trkpt lat="-16.079208" lon="-57.686017"><ele>122.313</ele><time>2026-05-05T17:18:00Z</time></trkpt><trkpt lat="-16.079285" lon="-57.686019"><ele>122.221</ele><time>2026-05-05T17:18:01Z</time></trkpt><trkpt lat="-16.079352" lon="-57.686022"><ele>122.286</ele><time>2026-05-05T17:18:02Z</time></trkpt><trkpt lat="-16.079419" lon="-57.686024"><ele>122.249</ele><time>2026-05-05T17:18:03Z</time></trkpt><trkpt lat="-16.079482" lon="-57.686031"><ele>122.327</ele><time>2026-05-05T17:18:04Z</time></trkpt><trkpt lat="-16.07954" lon="-57.686036"><ele>122.374</ele><time>2026-05-05T17:18:05Z</time></trkpt><trkpt lat="-16.079595" lon="-57.686038"><ele>122.304</ele><time>2026-05-05T17:18:06Z</time></trkpt><trkpt lat="-16.079645" lon="-57.68604"><ele>122.167</ele><time>2026-05-05T17:18:07Z</time></trkpt><trkpt lat="-16.079692" lon="-57.686048"><ele>121.963</ele><time>2026-05-05T17:18:08Z</time></trkpt><trkpt lat="-16.079744" lon="-57.686055"><ele>121.967</ele><time>2026-05-05T17:18:09Z</time></trkpt><trkpt lat="-16.079801" lon="-57.686067"><ele>121.873</ele><time>2026-05-05T17:18:10Z</time></trkpt><trkpt lat="-16.079866" lon="-57.686077"><ele>121.672</ele><time>2026-05-05T17:18:11Z</time></trkpt><trkpt lat="-16.079938" lon="-57.686085"><ele>121.532</ele><time>2026-05-05T17:18:12Z</time></trkpt><trkpt lat="-16.080015" lon="-57.686093"><ele>121.395</ele><time>2026-05-05T17:18:13Z</time></trkpt><trkpt lat="-16.080095" lon="-57.686098"><ele>120.249</ele><time>2026-05-05T17:18:14Z</time></trkpt><trkpt lat="-16.080187" lon="-57.686101"><ele>120.137</ele><time>2026-05-05T17:18:15Z</time></trkpt><trkpt lat="-16.080289" lon="-57.686106"><ele>120.125</ele><time>2026-05-05T17:18:16Z</time></trkpt><trkpt lat="-16.080394" lon="-57.686116"><ele>120.155</ele><time>2026-05-05T17:18:17Z</time></trkpt><trkpt lat="-16.080501" lon="-57.686124"><ele>119.988</ele><time>2026-05-05T17:18:18Z</time></trkpt><trkpt lat="-16.080609" lon="-57.686129"><ele>119.885</ele><time>2026-05-05T17:18:19Z</time></trkpt><trkpt lat="-16.080714" lon="-57.686141"><ele>119.619</ele><time>2026-05-05T17:18:20Z</time></trkpt><trkpt lat="-16.080819" lon="-57.686149"><ele>119.501</ele><time>2026-05-05T17:18:21Z</time></trkpt><trkpt lat="-16.080924" lon="-57.686157"><ele>119.209</ele><time>2026-05-05T17:18:22Z</time></trkpt><trkpt lat="-16.081031" lon="-57.686167"><ele>119.223</ele><time>2026-05-05T17:18:23Z</time></trkpt><trkpt lat="-16.081136" lon="-57.686177"><ele>118.607</ele><time>2026-05-05T17:18:24Z</time></trkpt><trkpt lat="-16.081239" lon="-57.686185"><ele>117.868</ele><time>2026-05-05T17:18:25Z</time></trkpt><trkpt lat="-16.081344" lon="-57.686192"><ele>117.494</ele><time>2026-05-05T17:18:26Z</time></trkpt><trkpt lat="-16.081449" lon="-57.686202"><ele>117.214</ele><time>2026-05-05T17:18:27Z</time></trkpt><trkpt lat="-16.081554" lon="-57.68621"><ele>116.540</ele><time>2026-05-05T17:18:28Z</time></trkpt><trkpt lat="-16.081657" lon="-57.686218"><ele>116.296</ele><time>2026-05-05T17:18:29Z</time></trkpt><trkpt lat="-16.081752" lon="-57.686226"><ele>116.195</ele><time>2026-05-05T17:18:30Z</time></trkpt><trkpt lat="-16.081839" lon="-57.686233"><ele>115.801</ele><time>2026-05-05T17:18:31Z</time></trkpt><trkpt lat="-16.081917" lon="-57.686241"><ele>115.804</ele><time>2026-05-05T17:18:32Z</time></trkpt><trkpt lat="-16.081985" lon="-57.686249"><ele>115.839</ele><time>2026-05-05T17:18:33Z</time></trkpt><trkpt lat="-16.082048" lon="-57.686257"><ele>115.956</ele><time>2026-05-05T17:18:34Z</time></trkpt><trkpt lat="-16.082106" lon="-57.686262"><ele>116.094</ele><time>2026-05-05T17:18:35Z</time></trkpt><trkpt lat="-16.082158" lon="-57.686265"><ele>116.129</ele><time>2026-05-05T17:18:36Z</time></trkpt><trkpt lat="-16.082231" lon="-57.686273"><ele>116.338</ele><time>2026-05-05T17:18:38Z</time></trkpt><trkpt lat="-16.082283" lon="-57.686275"><ele>116.642</ele><time>2026-05-05T17:18:40Z</time></trkpt><trkpt lat="-16.082376" lon="-57.686283"><ele>116.985</ele><time>2026-05-05T17:19:01Z</time></trkpt><trkpt lat="-16.082454" lon="-57.686291"><ele>117.220</ele><time>2026-05-05T17:19:03Z</time></trkpt><trkpt lat="-16.082499" lon="-57.686293"><ele>117.410</ele><time>2026-05-05T17:19:04Z</time></trkpt><trkpt lat="-16.082556" lon="-57.686293"><ele>117.541</ele><time>2026-05-05T17:19:05Z</time></trkpt><trkpt lat="-16.082621" lon="-57.686296"><ele>117.586</ele><time>2026-05-05T17:19:06Z</time></trkpt><trkpt lat="-16.082694" lon="-57.686299"><ele>117.658</ele><time>2026-05-05T17:19:07Z</time></trkpt><trkpt lat="-16.082769" lon="-57.686306"><ele>117.739</ele><time>2026-05-05T17:19:08Z</time></trkpt><trkpt lat="-16.082846" lon="-57.686311"><ele>117.933</ele><time>2026-05-05T17:19:09Z</time></trkpt><trkpt lat="-16.082926" lon="-57.686318"><ele>118.183</ele><time>2026-05-05T17:19:10Z</time></trkpt><trkpt lat="-16.083013" lon="-57.686331"><ele>118.392</ele><time>2026-05-05T17:19:11Z</time></trkpt><trkpt lat="-16.083111" lon="-57.686348"><ele>118.599</ele><time>2026-05-05T17:19:12Z</time></trkpt><trkpt lat="-16.083214" lon="-57.686366"><ele>119.075</ele><time>2026-05-05T17:19:13Z</time></trkpt><trkpt lat="-16.083316" lon="-57.686391"><ele>120.025</ele><time>2026-05-05T17:19:14Z</time></trkpt><trkpt lat="-16.083418" lon="-57.686414"><ele>120.057</ele><time>2026-05-05T17:19:15Z</time></trkpt><trkpt lat="-16.083516" lon="-57.686441"><ele>119.936</ele><time>2026-05-05T17:19:16Z</time></trkpt><trkpt lat="-16.083613" lon="-57.686464"><ele>119.524</ele><time>2026-05-05T17:19:17Z</time></trkpt><trkpt lat="-16.083703" lon="-57.686484"><ele>119.410</ele><time>2026-05-05T17:19:18Z</time></trkpt><trkpt lat="-16.083788" lon="-57.686506"><ele>119.230</ele><time>2026-05-05T17:19:19Z</time></trkpt><trkpt lat="-16.083865" lon="-57.686524"><ele>119.270</ele><time>2026-05-05T17:19:20Z</time></trkpt><trkpt lat="-16.083933" lon="-57.686541"><ele>119.221</ele><time>2026-05-05T17:19:21Z</time></trkpt><trkpt lat="-16.083995" lon="-57.686559"><ele>119.391</ele><time>2026-05-05T17:19:22Z</time></trkpt><trkpt lat="-16.084047" lon="-57.686574"><ele>119.501</ele><time>2026-05-05T17:19:23Z</time></trkpt><trkpt lat="-16.084135" lon="-57.686569"><ele>119.388</ele><time>2026-05-05T17:19:43Z</time></trkpt><trkpt lat="-16.084187" lon="-57.686554"><ele>118.970</ele><time>2026-05-05T17:19:45Z</time></trkpt><trkpt lat="-16.08422" lon="-57.686507"><ele>118.452</ele><time>2026-05-05T17:19:47Z</time></trkpt><trkpt lat="-16.084252" lon="-57.686424"><ele>118.059</ele><time>2026-05-05T17:19:49Z</time></trkpt><trkpt lat="-16.084272" lon="-57.686371"><ele>117.930</ele><time>2026-05-05T17:19:50Z</time></trkpt><trkpt lat="-16.084299" lon="-57.686306"><ele>117.909</ele><time>2026-05-05T17:19:51Z</time></trkpt><trkpt lat="-16.084324" lon="-57.686236"><ele>117.697</ele><time>2026-05-05T17:19:52Z</time></trkpt><trkpt lat="-16.084351" lon="-57.686163"><ele>117.677</ele><time>2026-05-05T17:19:53Z</time></trkpt><trkpt lat="-16.084378" lon="-57.68609"><ele>117.653</ele><time>2026-05-05T17:19:54Z</time></trkpt><trkpt lat="-16.084406" lon="-57.68601"><ele>117.818</ele><time>2026-05-05T17:19:55Z</time></trkpt><trkpt lat="-16.084439" lon="-57.685927"><ele>118.254</ele><time>2026-05-05T17:19:56Z</time></trkpt><trkpt lat="-16.084476" lon="-57.685835"><ele>118.418</ele><time>2026-05-05T17:19:57Z</time></trkpt><trkpt lat="-16.084514" lon="-57.685735"><ele>118.549</ele><time>2026-05-05T17:19:58Z</time></trkpt><trkpt lat="-16.084554" lon="-57.68563"><ele>118.714</ele><time>2026-05-05T17:19:59Z</time></trkpt><trkpt lat="-16.084596" lon="-57.68552"><ele>118.967</ele><time>2026-05-05T17:20:00Z</time></trkpt><trkpt lat="-16.084641" lon="-57.685403"><ele>119.056</ele><time>2026-05-05T17:20:01Z</time></trkpt><trkpt lat="-16.084684" lon="-57.68529"><ele>119.044</ele><time>2026-05-05T17:20:02Z</time></trkpt><trkpt lat="-16.084721" lon="-57.685177"><ele>119.032</ele><time>2026-05-05T17:20:03Z</time></trkpt><trkpt lat="-16.084761" lon="-57.68506"><ele>118.997</ele><time>2026-05-05T17:20:04Z</time></trkpt><trkpt lat="-16.084801" lon="-57.684933"><ele>118.924</ele><time>2026-05-05T17:20:05Z</time></trkpt><trkpt lat="-16.084841" lon="-57.684805"><ele>118.959</ele><time>2026-05-05T17:20:06Z</time></trkpt><trkpt lat="-16.084886" lon="-57.684677"><ele>118.288</ele><time>2026-05-05T17:20:07Z</time></trkpt><trkpt lat="-16.084941" lon="-57.684542"><ele>117.908</ele><time>2026-05-05T17:20:08Z</time></trkpt><trkpt lat="-16.085004" lon="-57.684409"><ele>117.444</ele><time>2026-05-05T17:20:09Z</time></trkpt><trkpt lat="-16.085062" lon="-57.684276"><ele>117.356</ele><time>2026-05-05T17:20:10Z</time></trkpt><trkpt lat="-16.085114" lon="-57.684146"><ele>117.435</ele><time>2026-05-05T17:20:11Z</time></trkpt><trkpt lat="-16.085162" lon="-57.684023"><ele>117.541</ele><time>2026-05-05T17:20:12Z</time></trkpt><trkpt lat="-16.085207" lon="-57.683908"><ele>117.640</ele><time>2026-05-05T17:20:13Z</time></trkpt><trkpt lat="-16.085247" lon="-57.683811"><ele>117.635</ele><time>2026-05-05T17:20:14Z</time></trkpt><trkpt lat="-16.085277" lon="-57.683731"><ele>117.868</ele><time>2026-05-05T17:20:15Z</time></trkpt><trkpt lat="-16.085295" lon="-57.683669"><ele>117.977</ele><time>2026-05-05T17:20:16Z</time></trkpt><trkpt lat="-16.08531" lon="-57.683622"><ele>118.004</ele><time>2026-05-05T17:20:17Z</time></trkpt><trkpt lat="-16.085325" lon="-57.683567"><ele>118.462</ele><time>2026-05-05T17:20:19Z</time></trkpt><trkpt lat="-16.085347" lon="-57.683517"><ele>118.754</ele><time>2026-05-05T17:20:22Z</time></trkpt><trkpt lat="-16.085374" lon="-57.683437"><ele>119.269</ele><time>2026-05-05T17:20:24Z</time></trkpt><trkpt lat="-16.085392" lon="-57.683389"><ele>119.598</ele><time>2026-05-05T17:20:25Z</time></trkpt><trkpt lat="-16.085417" lon="-57.683331"><ele>119.757</ele><time>2026-05-05T17:20:26Z</time></trkpt><trkpt lat="-16.085442" lon="-57.683264"><ele>120.027</ele><time>2026-05-05T17:20:27Z</time></trkpt><trkpt lat="-16.085469" lon="-57.683196"><ele>120.050</ele><time>2026-05-05T17:20:28Z</time></trkpt><trkpt lat="-16.085499" lon="-57.683121"><ele>120.095</ele><time>2026-05-05T17:20:29Z</time></trkpt><trkpt lat="-16.085527" lon="-57.683039"><ele>120.208</ele><time>2026-05-05T17:20:30Z</time></trkpt><trkpt lat="-16.085557" lon="-57.682951"><ele>120.169</ele><time>2026-05-05T17:20:31Z</time></trkpt><trkpt lat="-16.08559" lon="-57.682859"><ele>120.008</ele><time>2026-05-05T17:20:32Z</time></trkpt><trkpt lat="-16.085622" lon="-57.682762"><ele>119.741</ele><time>2026-05-05T17:20:33Z</time></trkpt><trkpt lat="-16.08566" lon="-57.682654"><ele>119.204</ele><time>2026-05-05T17:20:34Z</time></trkpt><trkpt lat="-16.085707" lon="-57.682542"><ele>119.167</ele><time>2026-05-05T17:20:35Z</time></trkpt><trkpt lat="-16.085752" lon="-57.682432"><ele>119.186</ele><time>2026-05-05T17:20:36Z</time></trkpt><trkpt lat="-16.085795" lon="-57.682322"><ele>119.353</ele><time>2026-05-05T17:20:37Z</time></trkpt><trkpt lat="-16.085842" lon="-57.682217"><ele>119.460</ele><time>2026-05-05T17:20:38Z</time></trkpt><trkpt lat="-16.08589" lon="-57.682109"><ele>119.543</ele><time>2026-05-05T17:20:39Z</time></trkpt><trkpt lat="-16.085935" lon="-57.681997"><ele>119.673</ele><time>2026-05-05T17:20:40Z</time></trkpt><trkpt lat="-16.085978" lon="-57.681882"><ele>119.606</ele><time>2026-05-05T17:20:41Z</time></trkpt><trkpt lat="-16.086021" lon="-57.681769"><ele>120.380</ele><time>2026-05-05T17:20:42Z</time></trkpt><trkpt lat="-16.086059" lon="-57.681664"><ele>120.439</ele><time>2026-05-05T17:20:43Z</time></trkpt><trkpt lat="-16.086092" lon="-57.681571"><ele>120.567</ele><time>2026-05-05T17:20:44Z</time></trkpt><trkpt lat="-16.086124" lon="-57.681493"><ele>120.798</ele><time>2026-05-05T17:20:45Z</time></trkpt><trkpt lat="-16.086149" lon="-57.681428"><ele>120.825</ele><time>2026-05-05T17:20:46Z</time></trkpt><trkpt lat="-16.086166" lon="-57.681383"><ele>120.990</ele><time>2026-05-05T17:20:47Z</time></trkpt><trkpt lat="-16.086186" lon="-57.68133"><ele>121.208</ele><time>2026-05-05T17:20:50Z</time></trkpt><trkpt lat="-16.086218" lon="-57.681253"><ele>121.340</ele><time>2026-05-05T17:20:53Z</time></trkpt><trkpt lat="-16.086253" lon="-57.681163"><ele>121.752</ele><time>2026-05-05T17:20:55Z</time></trkpt><trkpt lat="-16.086273" lon="-57.681108"><ele>121.913</ele><time>2026-05-05T17:20:56Z</time></trkpt><trkpt lat="-16.086295" lon="-57.681046"><ele>121.964</ele><time>2026-05-05T17:20:57Z</time></trkpt><trkpt lat="-16.086317" lon="-57.680981"><ele>121.940</ele><time>2026-05-05T17:20:58Z</time></trkpt><trkpt lat="-16.086335" lon="-57.680909"><ele>121.758</ele><time>2026-05-05T17:20:59Z</time></trkpt><trkpt lat="-16.086357" lon="-57.680839"><ele>121.540</ele><time>2026-05-05T17:21:00Z</time></trkpt><trkpt lat="-16.086379" lon="-57.680776"><ele>121.095</ele><time>2026-05-05T17:21:01Z</time></trkpt><trkpt lat="-16.086396" lon="-57.680721"><ele>121.064</ele><time>2026-05-05T17:21:02Z</time></trkpt><trkpt lat="-16.086426" lon="-57.680641"><ele>121.190</ele><time>2026-05-05T17:21:04Z</time></trkpt><trkpt lat="-16.086449" lon="-57.680588"><ele>121.364</ele><time>2026-05-05T17:21:06Z</time></trkpt><trkpt lat="-16.086466" lon="-57.680543"><ele>121.376</ele><time>2026-05-05T17:21:08Z</time></trkpt><trkpt lat="-16.086479" lon="-57.680491"><ele>121.291</ele><time>2026-05-05T17:21:12Z</time></trkpt><trkpt lat="-16.086494" lon="-57.680439"><ele>120.709</ele><time>2026-05-05T17:21:14Z</time></trkpt><trkpt lat="-16.086511" lon="-57.680357"><ele>120.262</ele><time>2026-05-05T17:21:16Z</time></trkpt><trkpt lat="-16.086518" lon="-57.680305"><ele>119.533</ele><time>2026-05-05T17:21:17Z</time></trkpt><trkpt lat="-16.086526" lon="-57.68025"><ele>119.508</ele><time>2026-05-05T17:21:18Z</time></trkpt><trkpt lat="-16.086534" lon="-57.680195"><ele>119.338</ele><time>2026-05-05T17:21:19Z</time></trkpt><trkpt lat="-16.086544" lon="-57.680133"><ele>119.778</ele><time>2026-05-05T17:21:20Z</time></trkpt><trkpt lat="-16.086561" lon="-57.680065"><ele>120.181</ele><time>2026-05-05T17:21:21Z</time></trkpt><trkpt lat="-16.086579" lon="-57.67999"><ele>120.433</ele><time>2026-05-05T17:21:22Z</time></trkpt><trkpt lat="-16.086596" lon="-57.679912"><ele>120.489</ele><time>2026-05-05T17:21:23Z</time></trkpt><trkpt lat="-16.086611" lon="-57.679832"><ele>120.553</ele><time>2026-05-05T17:21:24Z</time></trkpt><trkpt lat="-16.086626" lon="-57.679744"><ele>120.509</ele><time>2026-05-05T17:21:25Z</time></trkpt><trkpt lat="-16.086646" lon="-57.679649"><ele>120.637</ele><time>2026-05-05T17:21:26Z</time></trkpt><trkpt lat="-16.086664" lon="-57.679546"><ele>120.774</ele><time>2026-05-05T17:21:27Z</time></trkpt><trkpt lat="-16.086686" lon="-57.679436"><ele>120.824</ele><time>2026-05-05T17:21:28Z</time></trkpt><trkpt lat="-16.086708" lon="-57.679321"><ele>120.838</ele><time>2026-05-05T17:21:29Z</time></trkpt><trkpt lat="-16.08673" lon="-57.679203"><ele>120.881</ele><time>2026-05-05T17:21:30Z</time></trkpt><trkpt lat="-16.086753" lon="-57.67908"><ele>120.747</ele><time>2026-05-05T17:21:31Z</time></trkpt><trkpt lat="-16.08678" lon="-57.678957"><ele>120.722</ele><time>2026-05-05T17:21:32Z</time></trkpt><trkpt lat="-16.086802" lon="-57.67883"><ele>121.188</ele><time>2026-05-05T17:21:33Z</time></trkpt><trkpt lat="-16.086825" lon="-57.678705"><ele>121.147</ele><time>2026-05-05T17:21:34Z</time></trkpt><trkpt lat="-16.086848" lon="-57.678583"><ele>121.180</ele><time>2026-05-05T17:21:35Z</time></trkpt><trkpt lat="-16.086868" lon="-57.67846"><ele>121.118</ele><time>2026-05-05T17:21:36Z</time></trkpt><trkpt lat="-16.086891" lon="-57.678333"><ele>121.151</ele><time>2026-05-05T17:21:37Z</time></trkpt><trkpt lat="-16.086914" lon="-57.678208"><ele>120.949</ele><time>2026-05-05T17:21:38Z</time></trkpt><trkpt lat="-16.086932" lon="-57.67809"><ele>120.228</ele><time>2026-05-05T17:21:39Z</time></trkpt><trkpt lat="-16.086954" lon="-57.677975"><ele>119.715</ele><time>2026-05-05T17:21:40Z</time></trkpt><trkpt lat="-16.086974" lon="-57.677863"><ele>119.634</ele><time>2026-05-05T17:21:41Z</time></trkpt><trkpt lat="-16.086994" lon="-57.677748"><ele>119.454</ele><time>2026-05-05T17:21:42Z</time></trkpt><trkpt lat="-16.087014" lon="-57.67764"><ele>118.809</ele><time>2026-05-05T17:21:43Z</time></trkpt><trkpt lat="-16.087032" lon="-57.67753"><ele>118.813</ele><time>2026-05-05T17:21:44Z</time></trkpt><trkpt lat="-16.087049" lon="-57.677428"><ele>118.288</ele><time>2026-05-05T17:21:45Z</time></trkpt><trkpt lat="-16.087064" lon="-57.677335"><ele>118.294</ele><time>2026-05-05T17:21:46Z</time></trkpt><trkpt lat="-16.087082" lon="-57.677245"><ele>118.173</ele><time>2026-05-05T17:21:47Z</time></trkpt><trkpt lat="-16.087092" lon="-57.677167"><ele>117.802</ele><time>2026-05-05T17:21:48Z</time></trkpt><trkpt lat="-16.087105" lon="-57.677102"><ele>117.844</ele><time>2026-05-05T17:21:49Z</time></trkpt><trkpt lat="-16.087125" lon="-57.677049"><ele>117.732</ele><time>2026-05-05T17:21:50Z</time></trkpt><trkpt lat="-16.087155" lon="-57.677012"><ele>117.723</ele><time>2026-05-05T17:21:51Z</time></trkpt><trkpt lat="-16.087238" lon="-57.67698"><ele>118.065</ele><time>2026-05-05T17:21:53Z</time></trkpt><trkpt lat="-16.08729" lon="-57.676978"><ele>118.338</ele><time>2026-05-05T17:21:54Z</time></trkpt><trkpt lat="-16.087345" lon="-57.676978"><ele>118.692</ele><time>2026-05-05T17:21:55Z</time></trkpt><trkpt lat="-16.087402" lon="-57.676976"><ele>119.093</ele><time>2026-05-05T17:21:56Z</time></trkpt><trkpt lat="-16.087465" lon="-57.676968"><ele>119.006</ele><time>2026-05-05T17:21:57Z</time></trkpt><trkpt lat="-16.087535" lon="-57.676955"><ele>119.141</ele><time>2026-05-05T17:21:58Z</time></trkpt><trkpt lat="-16.087608" lon="-57.67694"><ele>119.131</ele><time>2026-05-05T17:21:59Z</time></trkpt><trkpt lat="-16.087686" lon="-57.676925"><ele>119.348</ele><time>2026-05-05T17:22:00Z</time></trkpt><trkpt lat="-16.087766" lon="-57.676907"><ele>119.606</ele><time>2026-05-05T17:22:01Z</time></trkpt><trkpt lat="-16.087846" lon="-57.676889"><ele>119.776</ele><time>2026-05-05T17:22:02Z</time></trkpt><trkpt lat="-16.087926" lon="-57.676871"><ele>119.888</ele><time>2026-05-05T17:22:03Z</time></trkpt><trkpt lat="-16.088004" lon="-57.676854"><ele>119.954</ele><time>2026-05-05T17:22:04Z</time></trkpt><trkpt lat="-16.088077" lon="-57.676839"><ele>120.027</ele><time>2026-05-05T17:22:05Z</time></trkpt><trkpt lat="-16.088147" lon="-57.676822"><ele>120.219</ele><time>2026-05-05T17:22:06Z</time></trkpt><trkpt lat="-16.088202" lon="-57.676812"><ele>120.441</ele><time>2026-05-05T17:22:07Z</time></trkpt><trkpt lat="-16.088272" lon="-57.676802"><ele>120.593</ele><time>2026-05-05T17:22:09Z</time></trkpt><trkpt lat="-16.08833" lon="-57.676805"><ele>120.881</ele><time>2026-05-05T17:22:12Z</time></trkpt><trkpt lat="-16.088383" lon="-57.676805"><ele>121.471</ele><time>2026-05-05T17:22:14Z</time></trkpt><trkpt lat="-16.088461" lon="-57.676795"><ele>121.715</ele><time>2026-05-05T17:22:16Z</time></trkpt><trkpt lat="-16.088531" lon="-57.676787"><ele>122.708</ele><time>2026-05-05T17:22:18Z</time></trkpt><trkpt lat="-16.088601" lon="-57.676764"><ele>122.852</ele><time>2026-05-05T17:22:20Z</time></trkpt><trkpt lat="-16.088689" lon="-57.676722"><ele>122.934</ele><time>2026-05-05T17:22:22Z</time></trkpt><trkpt lat="-16.088747" lon="-57.676705"><ele>123.399</ele><time>2026-05-05T17:22:23Z</time></trkpt><trkpt lat="-16.088815" lon="-57.676688"><ele>123.983</ele><time>2026-05-05T17:22:24Z</time></trkpt><trkpt lat="-16.088888" lon="-57.676673"><ele>124.322</ele><time>2026-05-05T17:22:25Z</time></trkpt><trkpt lat="-16.088965" lon="-57.676663"><ele>124.678</ele><time>2026-05-05T17:22:26Z</time></trkpt><trkpt lat="-16.089038" lon="-57.676658"><ele>124.835</ele><time>2026-05-05T17:22:27Z</time></trkpt><trkpt lat="-16.089101" lon="-57.676658"><ele>125.168</ele><time>2026-05-05T17:22:28Z</time></trkpt><trkpt lat="-16.089173" lon="-57.676651"><ele>125.464</ele><time>2026-05-05T17:22:29Z</time></trkpt><trkpt lat="-16.089266" lon="-57.676626"><ele>125.674</ele><time>2026-05-05T17:22:30Z</time></trkpt><trkpt lat="-16.089354" lon="-57.676616"><ele>125.740</ele><time>2026-05-05T17:22:31Z</time></trkpt><trkpt lat="-16.089451" lon="-57.676601"><ele>125.748</ele><time>2026-05-05T17:22:32Z</time></trkpt><trkpt lat="-16.089559" lon="-57.676581"><ele>125.689</ele><time>2026-05-05T17:22:33Z</time></trkpt><trkpt lat="-16.089661" lon="-57.676561"><ele>125.634</ele><time>2026-05-05T17:22:34Z</time></trkpt><trkpt lat="-16.089771" lon="-57.676538"><ele>125.570</ele><time>2026-05-05T17:22:35Z</time></trkpt><trkpt lat="-16.089876" lon="-57.676515"><ele>125.550</ele><time>2026-05-05T17:22:36Z</time></trkpt><trkpt lat="-16.089983" lon="-57.676492"><ele>125.367</ele><time>2026-05-05T17:22:37Z</time></trkpt><trkpt lat="-16.0901" lon="-57.67647"><ele>125.379</ele><time>2026-05-05T17:22:38Z</time></trkpt><trkpt lat="-16.090225" lon="-57.676443"><ele>125.561</ele><time>2026-05-05T17:22:39Z</time></trkpt><trkpt lat="-16.090347" lon="-57.676421"><ele>125.786</ele><time>2026-05-05T17:22:40Z</time></trkpt><trkpt lat="-16.090472" lon="-57.676391"><ele>125.951</ele><time>2026-05-05T17:22:41Z</time></trkpt><trkpt lat="-16.090599" lon="-57.676373"><ele>126.042</ele><time>2026-05-05T17:22:42Z</time></trkpt><trkpt lat="-16.090724" lon="-57.676348"><ele>126.063</ele><time>2026-05-05T17:22:43Z</time></trkpt><trkpt lat="-16.090846" lon="-57.676328"><ele>126.267</ele><time>2026-05-05T17:22:44Z</time></trkpt><trkpt lat="-16.090969" lon="-57.676305"><ele>126.367</ele><time>2026-05-05T17:22:45Z</time></trkpt><trkpt lat="-16.091092" lon="-57.67628"><ele>126.547</ele><time>2026-05-05T17:22:46Z</time></trkpt><trkpt lat="-16.09121" lon="-57.676258"><ele>126.777</ele><time>2026-05-05T17:22:47Z</time></trkpt><trkpt lat="-16.091328" lon="-57.676231"><ele>126.895</ele><time>2026-05-05T17:22:48Z</time></trkpt><trkpt lat="-16.091448" lon="-57.676206"><ele>127.251</ele><time>2026-05-05T17:22:49Z</time></trkpt><trkpt lat="-16.091566" lon="-57.676178"><ele>127.436</ele><time>2026-05-05T17:22:50Z</time></trkpt><trkpt lat="-16.091679" lon="-57.676156"><ele>127.975</ele><time>2026-05-05T17:22:51Z</time></trkpt><trkpt lat="-16.091792" lon="-57.676136"><ele>128.426</ele><time>2026-05-05T17:22:52Z</time></trkpt><trkpt lat="-16.091899" lon="-57.676118"><ele>128.766</ele><time>2026-05-05T17:22:53Z</time></trkpt><trkpt lat="-16.092002" lon="-57.676101"><ele>129.132</ele><time>2026-05-05T17:22:54Z</time></trkpt><trkpt lat="-16.092107" lon="-57.676081"><ele>129.196</ele><time>2026-05-05T17:22:55Z</time></trkpt><trkpt lat="-16.09221" lon="-57.676061"><ele>129.147</ele><time>2026-05-05T17:22:56Z</time></trkpt><trkpt lat="-16.092317" lon="-57.676031"><ele>129.191</ele><time>2026-05-05T17:22:57Z</time></trkpt><trkpt lat="-16.09242" lon="-57.676008"><ele>129.194</ele><time>2026-05-05T17:22:58Z</time></trkpt><trkpt lat="-16.092527" lon="-57.67598"><ele>129.681</ele><time>2026-05-05T17:22:59Z</time></trkpt><trkpt lat="-16.092624" lon="-57.675957"><ele>129.702</ele><time>2026-05-05T17:23:00Z</time></trkpt><trkpt lat="-16.092719" lon="-57.675935"><ele>129.764</ele><time>2026-05-05T17:23:01Z</time></trkpt><trkpt lat="-16.092806" lon="-57.675917"><ele>129.553</ele><time>2026-05-05T17:23:02Z</time></trkpt><trkpt lat="-16.092886" lon="-57.675902"><ele>129.498</ele><time>2026-05-05T17:23:03Z</time></trkpt><trkpt lat="-16.092959" lon="-57.67588"><ele>129.213</ele><time>2026-05-05T17:23:04Z</time></trkpt><trkpt lat="-16.093024" lon="-57.675852"><ele>129.014</ele><time>2026-05-05T17:23:05Z</time></trkpt><trkpt lat="-16.093086" lon="-57.675829"><ele>129.025</ele><time>2026-05-05T17:23:06Z</time></trkpt><trkpt lat="-16.093146" lon="-57.675809"><ele>129.063</ele><time>2026-05-05T17:23:07Z</time></trkpt><trkpt lat="-16.093201" lon="-57.675797"><ele>129.274</ele><time>2026-05-05T17:23:08Z</time></trkpt><trkpt lat="-16.093246" lon="-57.675799"><ele>129.407</ele><time>2026-05-05T17:23:09Z</time></trkpt><trkpt lat="-16.093304" lon="-57.675821"><ele>129.617</ele><time>2026-05-05T17:23:11Z</time></trkpt><trkpt lat="-16.093342" lon="-57.675863"><ele>129.678</ele><time>2026-05-05T17:23:14Z</time></trkpt><trkpt lat="-16.09337" lon="-57.675906"><ele>129.290</ele><time>2026-05-05T17:23:17Z</time></trkpt><trkpt lat="-16.093392" lon="-57.675948"><ele>129.162</ele><time>2026-05-05T17:23:19Z</time></trkpt><trkpt lat="-16.09344" lon="-57.675993"><ele>129.100</ele><time>2026-05-05T17:23:22Z</time></trkpt><trkpt lat="-16.093488" lon="-57.67601"><ele>129.023</ele><time>2026-05-05T17:23:24Z</time></trkpt><trkpt lat="-16.093553" lon="-57.676013"><ele>129.104</ele><time>2026-05-05T17:23:27Z</time></trkpt><trkpt lat="-16.09364" lon="-57.676035"><ele>129.817</ele><time>2026-05-05T17:23:47Z</time></trkpt><trkpt lat="-16.093707" lon="-57.676053"><ele>130.576</ele><time>2026-05-05T17:23:49Z</time></trkpt><trkpt lat="-16.09377" lon="-57.676063"><ele>130.928</ele><time>2026-05-05T17:23:51Z</time></trkpt><trkpt lat="-16.093822" lon="-57.676065"><ele>131.343</ele><time>2026-05-05T17:23:53Z</time></trkpt><trkpt lat="-16.093879" lon="-57.676058"><ele>131.412</ele><time>2026-05-05T17:23:56Z</time></trkpt><trkpt lat="-16.093937" lon="-57.676046"><ele>131.394</ele><time>2026-05-05T17:24:00Z</time></trkpt><trkpt lat="-16.093982" lon="-57.676061"><ele>131.443</ele><time>2026-05-05T17:24:03Z</time></trkpt><trkpt lat="-16.09402" lon="-57.676119"><ele>131.666</ele><time>2026-05-05T17:24:06Z</time></trkpt><trkpt lat="-16.094047" lon="-57.676172"><ele>131.921</ele><time>2026-05-05T17:24:08Z</time></trkpt><trkpt lat="-16.09406" lon="-57.676232"><ele>132.179</ele><time>2026-05-05T17:24:10Z</time></trkpt><trkpt lat="-16.094077" lon="-57.67628"><ele>132.217</ele><time>2026-05-05T17:24:12Z</time></trkpt><trkpt lat="-16.094105" lon="-57.676317"><ele>132.314</ele><time>2026-05-05T17:24:14Z</time></trkpt><trkpt lat="-16.09416" lon="-57.67633"><ele>132.428</ele><time>2026-05-05T17:24:17Z</time></trkpt><trkpt lat="-16.094213" lon="-57.676318"><ele>132.423</ele><time>2026-05-05T17:24:20Z</time></trkpt><trkpt lat="-16.094121" lon="-57.676306"><ele>129.966</ele><time>2026-05-05T17:25:18Z</time></trkpt><trkpt lat="-16.094166" lon="-57.676328"><ele>129.956</ele><time>2026-05-05T17:25:20Z</time></trkpt><trkpt lat="-16.094216" lon="-57.676323"><ele>129.879</ele><time>2026-05-05T17:25:22Z</time></trkpt></trkseg></trk></gpx>